ISO-10303-21;
HEADER;
/* Generated by software containing ST-Developer
 * from STEP Tools, Inc. (www.steptools.com) 
 */

FILE_DESCRIPTION(
/* description */ (
'Spur Gear; Module: 1.0; Num Teeth: 12; Pressure Angle: 20.0; Backlash
: 0.00 mm'),
/* implementation_level */ '2;1');

FILE_NAME(
/* name */ 'SpurGearForModuLink.step',
/* time_stamp */ '2026-05-21T11:35:44+05:30',
/* author */ (''),
/* organization */ (''),
/* preprocessor_version */ 'ST-DEVELOPER v20.1',
/* originating_system */ 'Autodesk Translation Framework v15.8.0.0',
/* authorisation */ '');

FILE_SCHEMA (('AUTOMOTIVE_DESIGN { 1 0 10303 214 3 1 1 }'));
ENDSEC;

DATA;
#10=MECHANICAL_DESIGN_GEOMETRIC_PRESENTATION_REPRESENTATION('',(#13),#10314);
#11=SHAPE_REPRESENTATION_RELATIONSHIP('SRR','None',#10321,#12);
#12=ADVANCED_BREP_SHAPE_REPRESENTATION('',(#14),#10313);
#13=STYLED_ITEM('',(#10330),#14);
#14=MANIFOLD_SOLID_BREP('Spur Gear (12 teeth)',#1918);
#15=FACE_BOUND('',#292,.T.);
#16=FACE_BOUND('',#294,.T.);
#17=(
BOUNDED_CURVE()
B_SPLINE_CURVE(5,(#3080,#3081,#3082,#3083,#3084,#3085,#3086,#3087,#3088,
#3089,#3090,#3091,#3092,#3093,#3094,#3095,#3096,#3097,#3098,#3099,#3100,
#3101,#3102,#3103,#3104,#3105,#3106,#3107,#3108,#3109,#3110,#3111,#3112,
#3113,#3114,#3115,#3116,#3117,#3118,#3119,#3120,#3121,#3122,#3123,#3124,
#3125,#3126,#3127,#3128,#3129,#3130,#3131,#3132,#3133,#3134,#3135,#3136,
#3137,#3138,#3139,#3140,#3141,#3142,#3143,#3144,#3145,#3146,#3147,#3148,
#3149,#3150,#3151,#3152,#3153,#3154),.UNSPECIFIED.,.F.,.F.)
B_SPLINE_CURVE_WITH_KNOTS((6,1,1,1,1,1,1,1,1,1,1,1,1,1,1,1,1,1,1,1,1,1,
1,1,1,1,1,1,1,1,1,1,1,1,1,1,1,1,1,1,1,1,1,1,1,1,1,1,1,1,1,1,1,1,1,1,1,1,
1,1,1,1,1,1,1,1,1,1,1,1,6),(0.,0.0142857142857143,0.0285714285714286,0.0428571428571429,
0.0571428571428571,0.0714285714285714,0.0857142857142857,0.1,0.114285714285714,
0.128571428571429,0.142857142857143,0.157142857142857,0.171428571428571,
0.185714285714286,0.2,0.214285714285714,0.228571428571429,0.242857142857143,
0.257142857142857,0.271428571428571,0.285714285714286,0.3,0.314285714285714,
0.328571428571429,0.342857142857143,0.357142857142857,0.371428571428571,
0.385714285714286,0.4,0.414285714285714,0.428571428571429,0.442857142857143,
0.457142857142857,0.471428571428572,0.485714285714286,0.5,0.514285714285714,
0.528571428571429,0.542857142857143,0.557142857142857,0.571428571428571,
0.585714285714286,0.6,0.614285714285714,0.628571428571428,0.642857142857142,
0.657142857142857,0.671428571428571,0.685714285714285,0.699999999999999,
0.714285714285714,0.728571428571428,0.742857142857142,0.757142857142856,
0.771428571428571,0.785714285714285,0.799999999999999,0.814285714285713,
0.828571428571428,0.842857142857142,0.857142857142856,0.87142857142857,
0.885714285714284,0.899999999999999,0.914285714285713,0.928571428571427,
0.942857142857141,0.957142857142856,0.97142857142857,0.985714285714284,
1.),.UNSPECIFIED.)
CURVE()
GEOMETRIC_REPRESENTATION_ITEM()
RATIONAL_B_SPLINE_CURVE((1.,1.,1.,1.,1.,1.,1.,1.,1.,1.,1.,1.,1.,1.,1.,1.,
1.,1.,1.,1.,1.,1.,1.,1.,1.,1.,1.,1.,1.,1.,1.,1.,1.,1.,1.,1.,1.,1.,1.,1.,
1.,1.,1.,1.,1.,1.,1.,1.,1.,1.,1.,1.,1.,1.,1.,1.,1.,1.,1.,1.,1.,1.,1.,1.,
1.,1.,1.,1.,1.,1.,1.,1.,1.,1.,1.))
REPRESENTATION_ITEM('')
);
#18=(
BOUNDED_CURVE()
B_SPLINE_CURVE(5,(#3156,#3157,#3158,#3159,#3160,#3161,#3162,#3163,#3164,
#3165,#3166,#3167,#3168,#3169,#3170,#3171,#3172,#3173,#3174,#3175,#3176,
#3177,#3178,#3179,#3180,#3181,#3182,#3183,#3184,#3185,#3186,#3187,#3188,
#3189,#3190,#3191,#3192,#3193,#3194,#3195,#3196,#3197,#3198,#3199,#3200,
#3201,#3202,#3203,#3204,#3205,#3206,#3207,#3208,#3209,#3210,#3211,#3212,
#3213,#3214,#3215,#3216,#3217,#3218,#3219,#3220,#3221,#3222,#3223,#3224,
#3225,#3226,#3227,#3228,#3229,#3230),.UNSPECIFIED.,.F.,.F.)
B_SPLINE_CURVE_WITH_KNOTS((6,1,1,1,1,1,1,1,1,1,1,1,1,1,1,1,1,1,1,1,1,1,
1,1,1,1,1,1,1,1,1,1,1,1,1,1,1,1,1,1,1,1,1,1,1,1,1,1,1,1,1,1,1,1,1,1,1,1,
1,1,1,1,1,1,1,1,1,1,1,1,6),(-1.,-0.985714285714284,-0.97142857142857,-0.957142857142856,
-0.942857142857141,-0.928571428571427,-0.914285714285713,-0.899999999999999,
-0.885714285714284,-0.87142857142857,-0.857142857142856,-0.842857142857142,
-0.828571428571428,-0.814285714285713,-0.799999999999999,-0.785714285714285,
-0.771428571428571,-0.757142857142856,-0.742857142857142,-0.728571428571428,
-0.714285714285714,-0.699999999999999,-0.685714285714285,-0.671428571428571,
-0.657142857142857,-0.642857142857142,-0.628571428571428,-0.614285714285714,
-0.6,-0.585714285714286,-0.571428571428571,-0.557142857142857,-0.542857142857143,
-0.528571428571429,-0.514285714285714,-0.5,-0.485714285714286,-0.471428571428572,
-0.457142857142857,-0.442857142857143,-0.428571428571429,-0.414285714285714,
-0.4,-0.385714285714286,-0.371428571428571,-0.357142857142857,-0.342857142857143,
-0.328571428571429,-0.314285714285714,-0.3,-0.285714285714286,-0.271428571428571,
-0.257142857142857,-0.242857142857143,-0.228571428571429,-0.214285714285714,
-0.2,-0.185714285714286,-0.171428571428571,-0.157142857142857,-0.142857142857143,
-0.128571428571429,-0.114285714285714,-0.1,-0.0857142857142857,-0.0714285714285714,
-0.0571428571428571,-0.0428571428571429,-0.0285714285714286,-0.0142857142857143,
0.),.UNSPECIFIED.)
CURVE()
GEOMETRIC_REPRESENTATION_ITEM()
RATIONAL_B_SPLINE_CURVE((1.,1.,1.,1.,1.,1.,1.,1.,1.,1.,1.,1.,1.,1.,1.,1.,
1.,1.,1.,1.,1.,1.,1.,1.,1.,1.,1.,1.,1.,1.,1.,1.,1.,1.,1.,1.,1.,1.,1.,1.,
1.,1.,1.,1.,1.,1.,1.,1.,1.,1.,1.,1.,1.,1.,1.,1.,1.,1.,1.,1.,1.,1.,1.,1.,
1.,1.,1.,1.,1.,1.,1.,1.,1.,1.,1.))
REPRESENTATION_ITEM('')
);
#19=(
BOUNDED_CURVE()
B_SPLINE_CURVE(5,(#3388,#3389,#3390,#3391,#3392,#3393,#3394,#3395,#3396,
#3397,#3398,#3399,#3400,#3401,#3402,#3403,#3404,#3405,#3406,#3407,#3408,
#3409,#3410,#3411,#3412,#3413,#3414,#3415,#3416,#3417,#3418,#3419,#3420,
#3421,#3422,#3423,#3424,#3425,#3426,#3427,#3428,#3429,#3430,#3431,#3432,
#3433,#3434,#3435,#3436,#3437,#3438,#3439,#3440,#3441,#3442,#3443,#3444,
#3445,#3446,#3447,#3448,#3449,#3450,#3451,#3452,#3453,#3454,#3455,#3456,
#3457,#3458,#3459,#3460,#3461,#3462),.UNSPECIFIED.,.F.,.F.)
B_SPLINE_CURVE_WITH_KNOTS((6,1,1,1,1,1,1,1,1,1,1,1,1,1,1,1,1,1,1,1,1,1,
1,1,1,1,1,1,1,1,1,1,1,1,1,1,1,1,1,1,1,1,1,1,1,1,1,1,1,1,1,1,1,1,1,1,1,1,
1,1,1,1,1,1,1,1,1,1,1,1,6),(0.,0.0142857142857143,0.0285714285714286,0.0428571428571429,
0.0571428571428571,0.0714285714285714,0.0857142857142857,0.1,0.114285714285714,
0.128571428571429,0.142857142857143,0.157142857142857,0.171428571428571,
0.185714285714286,0.2,0.214285714285714,0.228571428571429,0.242857142857143,
0.257142857142857,0.271428571428571,0.285714285714286,0.3,0.314285714285714,
0.328571428571429,0.342857142857143,0.357142857142857,0.371428571428571,
0.385714285714286,0.4,0.414285714285714,0.428571428571429,0.442857142857143,
0.457142857142857,0.471428571428572,0.485714285714286,0.5,0.514285714285714,
0.528571428571429,0.542857142857143,0.557142857142857,0.571428571428571,
0.585714285714286,0.6,0.614285714285714,0.628571428571428,0.642857142857142,
0.657142857142857,0.671428571428571,0.685714285714285,0.699999999999999,
0.714285714285714,0.728571428571428,0.742857142857142,0.757142857142856,
0.771428571428571,0.785714285714285,0.799999999999999,0.814285714285713,
0.828571428571428,0.842857142857142,0.857142857142856,0.87142857142857,
0.885714285714284,0.899999999999999,0.914285714285713,0.928571428571427,
0.942857142857141,0.957142857142856,0.97142857142857,0.985714285714284,
1.),.UNSPECIFIED.)
CURVE()
GEOMETRIC_REPRESENTATION_ITEM()
RATIONAL_B_SPLINE_CURVE((1.,1.,1.,1.,1.,1.,1.,1.,1.,1.,1.,1.,1.,1.,1.,1.,
1.,1.,1.,1.,1.,1.,1.,1.,1.,1.,1.,1.,1.,1.,1.,1.,1.,1.,1.,1.,1.,1.,1.,1.,
1.,1.,1.,1.,1.,1.,1.,1.,1.,1.,1.,1.,1.,1.,1.,1.,1.,1.,1.,1.,1.,1.,1.,1.,
1.,1.,1.,1.,1.,1.,1.,1.,1.,1.,1.))
REPRESENTATION_ITEM('')
);
#20=(
BOUNDED_CURVE()
B_SPLINE_CURVE(5,(#3463,#3464,#3465,#3466,#3467,#3468,#3469,#3470,#3471,
#3472,#3473,#3474,#3475,#3476,#3477,#3478,#3479,#3480,#3481,#3482,#3483,
#3484,#3485,#3486,#3487,#3488,#3489,#3490,#3491,#3492,#3493,#3494,#3495,
#3496,#3497,#3498,#3499,#3500,#3501,#3502,#3503,#3504,#3505,#3506,#3507,
#3508,#3509,#3510,#3511,#3512,#3513,#3514,#3515,#3516,#3517,#3518,#3519,
#3520,#3521,#3522,#3523,#3524,#3525,#3526,#3527,#3528,#3529,#3530,#3531,
#3532,#3533,#3534,#3535,#3536,#3537),.UNSPECIFIED.,.F.,.F.)
B_SPLINE_CURVE_WITH_KNOTS((6,1,1,1,1,1,1,1,1,1,1,1,1,1,1,1,1,1,1,1,1,1,
1,1,1,1,1,1,1,1,1,1,1,1,1,1,1,1,1,1,1,1,1,1,1,1,1,1,1,1,1,1,1,1,1,1,1,1,
1,1,1,1,1,1,1,1,1,1,1,1,6),(0.,0.0142857142857143,0.0285714285714286,0.0428571428571429,
0.0571428571428571,0.0714285714285714,0.0857142857142857,0.1,0.114285714285714,
0.128571428571429,0.142857142857143,0.157142857142857,0.171428571428571,
0.185714285714286,0.2,0.214285714285714,0.228571428571429,0.242857142857143,
0.257142857142857,0.271428571428571,0.285714285714286,0.3,0.314285714285714,
0.328571428571429,0.342857142857143,0.357142857142857,0.371428571428571,
0.385714285714286,0.4,0.414285714285714,0.428571428571429,0.442857142857143,
0.457142857142857,0.471428571428572,0.485714285714286,0.5,0.514285714285714,
0.528571428571429,0.542857142857143,0.557142857142857,0.571428571428571,
0.585714285714286,0.6,0.614285714285714,0.628571428571428,0.642857142857142,
0.657142857142857,0.671428571428571,0.685714285714285,0.699999999999999,
0.714285714285714,0.728571428571428,0.742857142857142,0.757142857142856,
0.771428571428571,0.785714285714285,0.799999999999999,0.814285714285713,
0.828571428571428,0.842857142857142,0.857142857142856,0.87142857142857,
0.885714285714284,0.899999999999999,0.914285714285713,0.928571428571427,
0.942857142857141,0.957142857142856,0.97142857142857,0.985714285714284,
1.),.UNSPECIFIED.)
CURVE()
GEOMETRIC_REPRESENTATION_ITEM()
RATIONAL_B_SPLINE_CURVE((1.,1.,1.,1.,1.,1.,1.,1.,1.,1.,1.,1.,1.,1.,1.,1.,
1.,1.,1.,1.,1.,1.,1.,1.,1.,1.,1.,1.,1.,1.,1.,1.,1.,1.,1.,1.,1.,1.,1.,1.,
1.,1.,1.,1.,1.,1.,1.,1.,1.,1.,1.,1.,1.,1.,1.,1.,1.,1.,1.,1.,1.,1.,1.,1.,
1.,1.,1.,1.,1.,1.,1.,1.,1.,1.,1.))
REPRESENTATION_ITEM('')
);
#21=(
BOUNDED_CURVE()
B_SPLINE_CURVE(5,(#3689,#3690,#3691,#3692,#3693,#3694,#3695,#3696,#3697,
#3698,#3699,#3700,#3701,#3702,#3703,#3704,#3705,#3706,#3707,#3708,#3709,
#3710,#3711,#3712,#3713,#3714,#3715,#3716,#3717,#3718,#3719,#3720,#3721,
#3722,#3723,#3724,#3725,#3726,#3727,#3728,#3729,#3730,#3731,#3732,#3733,
#3734,#3735,#3736,#3737,#3738,#3739,#3740,#3741,#3742,#3743,#3744,#3745,
#3746,#3747,#3748,#3749,#3750,#3751,#3752,#3753,#3754,#3755,#3756,#3757,
#3758,#3759,#3760,#3761,#3762,#3763),.UNSPECIFIED.,.F.,.F.)
B_SPLINE_CURVE_WITH_KNOTS((6,1,1,1,1,1,1,1,1,1,1,1,1,1,1,1,1,1,1,1,1,1,
1,1,1,1,1,1,1,1,1,1,1,1,1,1,1,1,1,1,1,1,1,1,1,1,1,1,1,1,1,1,1,1,1,1,1,1,
1,1,1,1,1,1,1,1,1,1,1,1,6),(0.,0.0142857142857143,0.0285714285714286,0.0428571428571429,
0.0571428571428571,0.0714285714285714,0.0857142857142857,0.1,0.114285714285714,
0.128571428571429,0.142857142857143,0.157142857142857,0.171428571428571,
0.185714285714286,0.2,0.214285714285714,0.228571428571429,0.242857142857143,
0.257142857142857,0.271428571428571,0.285714285714286,0.3,0.314285714285714,
0.328571428571429,0.342857142857143,0.357142857142857,0.371428571428571,
0.385714285714286,0.4,0.414285714285714,0.428571428571429,0.442857142857143,
0.457142857142857,0.471428571428572,0.485714285714286,0.5,0.514285714285714,
0.528571428571429,0.542857142857143,0.557142857142857,0.571428571428571,
0.585714285714286,0.6,0.614285714285714,0.628571428571428,0.642857142857142,
0.657142857142857,0.671428571428571,0.685714285714285,0.699999999999999,
0.714285714285714,0.728571428571428,0.742857142857142,0.757142857142856,
0.771428571428571,0.785714285714285,0.799999999999999,0.814285714285713,
0.828571428571428,0.842857142857142,0.857142857142856,0.87142857142857,
0.885714285714284,0.899999999999999,0.914285714285713,0.928571428571427,
0.942857142857141,0.957142857142856,0.97142857142857,0.985714285714284,
1.),.UNSPECIFIED.)
CURVE()
GEOMETRIC_REPRESENTATION_ITEM()
RATIONAL_B_SPLINE_CURVE((1.,1.,1.,1.,1.,1.,1.,1.,1.,1.,1.,1.,1.,1.,1.,1.,
1.,1.,1.,1.,1.,1.,1.,1.,1.,1.,1.,1.,1.,1.,1.,1.,1.,1.,1.,1.,1.,1.,1.,1.,
1.,1.,1.,1.,1.,1.,1.,1.,1.,1.,1.,1.,1.,1.,1.,1.,1.,1.,1.,1.,1.,1.,1.,1.,
1.,1.,1.,1.,1.,1.,1.,1.,1.,1.,1.))
REPRESENTATION_ITEM('')
);
#22=(
BOUNDED_CURVE()
B_SPLINE_CURVE(5,(#3765,#3766,#3767,#3768,#3769,#3770,#3771,#3772,#3773,
#3774,#3775,#3776,#3777,#3778,#3779,#3780,#3781,#3782,#3783,#3784,#3785,
#3786,#3787,#3788,#3789,#3790,#3791,#3792,#3793,#3794,#3795,#3796,#3797,
#3798,#3799,#3800,#3801,#3802,#3803,#3804,#3805,#3806,#3807,#3808,#3809,
#3810,#3811,#3812,#3813,#3814,#3815,#3816,#3817,#3818,#3819,#3820,#3821,
#3822,#3823,#3824,#3825,#3826,#3827,#3828,#3829,#3830,#3831,#3832,#3833,
#3834,#3835,#3836,#3837,#3838,#3839),.UNSPECIFIED.,.F.,.F.)
B_SPLINE_CURVE_WITH_KNOTS((6,1,1,1,1,1,1,1,1,1,1,1,1,1,1,1,1,1,1,1,1,1,
1,1,1,1,1,1,1,1,1,1,1,1,1,1,1,1,1,1,1,1,1,1,1,1,1,1,1,1,1,1,1,1,1,1,1,1,
1,1,1,1,1,1,1,1,1,1,1,1,6),(-1.,-0.985714285714284,-0.97142857142857,-0.957142857142856,
-0.942857142857141,-0.928571428571427,-0.914285714285713,-0.899999999999999,
-0.885714285714284,-0.87142857142857,-0.857142857142856,-0.842857142857142,
-0.828571428571428,-0.814285714285713,-0.799999999999999,-0.785714285714285,
-0.771428571428571,-0.757142857142856,-0.742857142857142,-0.728571428571428,
-0.714285714285714,-0.699999999999999,-0.685714285714285,-0.671428571428571,
-0.657142857142857,-0.642857142857142,-0.628571428571428,-0.614285714285714,
-0.6,-0.585714285714286,-0.571428571428571,-0.557142857142857,-0.542857142857143,
-0.528571428571429,-0.514285714285714,-0.5,-0.485714285714286,-0.471428571428572,
-0.457142857142857,-0.442857142857143,-0.428571428571429,-0.414285714285714,
-0.4,-0.385714285714286,-0.371428571428571,-0.357142857142857,-0.342857142857143,
-0.328571428571429,-0.314285714285714,-0.3,-0.285714285714286,-0.271428571428571,
-0.257142857142857,-0.242857142857143,-0.228571428571429,-0.214285714285714,
-0.2,-0.185714285714286,-0.171428571428571,-0.157142857142857,-0.142857142857143,
-0.128571428571429,-0.114285714285714,-0.1,-0.0857142857142857,-0.0714285714285714,
-0.0571428571428571,-0.0428571428571429,-0.0285714285714286,-0.0142857142857143,
0.),.UNSPECIFIED.)
CURVE()
GEOMETRIC_REPRESENTATION_ITEM()
RATIONAL_B_SPLINE_CURVE((1.,1.,1.,1.,1.,1.,1.,1.,1.,1.,1.,1.,1.,1.,1.,1.,
1.,1.,1.,1.,1.,1.,1.,1.,1.,1.,1.,1.,1.,1.,1.,1.,1.,1.,1.,1.,1.,1.,1.,1.,
1.,1.,1.,1.,1.,1.,1.,1.,1.,1.,1.,1.,1.,1.,1.,1.,1.,1.,1.,1.,1.,1.,1.,1.,
1.,1.,1.,1.,1.,1.,1.,1.,1.,1.,1.))
REPRESENTATION_ITEM('')
);
#23=(
BOUNDED_CURVE()
B_SPLINE_CURVE(5,(#3997,#3998,#3999,#4000,#4001,#4002,#4003,#4004,#4005,
#4006,#4007,#4008,#4009,#4010,#4011,#4012,#4013,#4014,#4015,#4016,#4017,
#4018,#4019,#4020,#4021,#4022,#4023,#4024,#4025,#4026,#4027,#4028,#4029,
#4030,#4031,#4032,#4033,#4034,#4035,#4036,#4037,#4038,#4039,#4040,#4041,
#4042,#4043,#4044,#4045,#4046,#4047,#4048,#4049,#4050,#4051,#4052,#4053,
#4054,#4055,#4056,#4057,#4058,#4059,#4060,#4061,#4062,#4063,#4064,#4065,
#4066,#4067,#4068,#4069,#4070,#4071),.UNSPECIFIED.,.F.,.F.)
B_SPLINE_CURVE_WITH_KNOTS((6,1,1,1,1,1,1,1,1,1,1,1,1,1,1,1,1,1,1,1,1,1,
1,1,1,1,1,1,1,1,1,1,1,1,1,1,1,1,1,1,1,1,1,1,1,1,1,1,1,1,1,1,1,1,1,1,1,1,
1,1,1,1,1,1,1,1,1,1,1,1,6),(0.,0.0142857142857143,0.0285714285714286,0.0428571428571429,
0.0571428571428571,0.0714285714285714,0.0857142857142857,0.1,0.114285714285714,
0.128571428571429,0.142857142857143,0.157142857142857,0.171428571428571,
0.185714285714286,0.2,0.214285714285714,0.228571428571429,0.242857142857143,
0.257142857142857,0.271428571428571,0.285714285714286,0.3,0.314285714285714,
0.328571428571429,0.342857142857143,0.357142857142857,0.371428571428571,
0.385714285714286,0.4,0.414285714285714,0.428571428571429,0.442857142857143,
0.457142857142857,0.471428571428572,0.485714285714286,0.5,0.514285714285714,
0.528571428571429,0.542857142857143,0.557142857142857,0.571428571428571,
0.585714285714286,0.6,0.614285714285714,0.628571428571428,0.642857142857142,
0.657142857142857,0.671428571428571,0.685714285714285,0.699999999999999,
0.714285714285714,0.728571428571428,0.742857142857142,0.757142857142856,
0.771428571428571,0.785714285714285,0.799999999999999,0.814285714285713,
0.828571428571428,0.842857142857142,0.857142857142856,0.87142857142857,
0.885714285714284,0.899999999999999,0.914285714285713,0.928571428571427,
0.942857142857141,0.957142857142856,0.97142857142857,0.985714285714284,
1.),.UNSPECIFIED.)
CURVE()
GEOMETRIC_REPRESENTATION_ITEM()
RATIONAL_B_SPLINE_CURVE((1.,1.,1.,1.,1.,1.,1.,1.,1.,1.,1.,1.,1.,1.,1.,1.,
1.,1.,1.,1.,1.,1.,1.,1.,1.,1.,1.,1.,1.,1.,1.,1.,1.,1.,1.,1.,1.,1.,1.,1.,
1.,1.,1.,1.,1.,1.,1.,1.,1.,1.,1.,1.,1.,1.,1.,1.,1.,1.,1.,1.,1.,1.,1.,1.,
1.,1.,1.,1.,1.,1.,1.,1.,1.,1.,1.))
REPRESENTATION_ITEM('')
);
#24=(
BOUNDED_CURVE()
B_SPLINE_CURVE(5,(#4072,#4073,#4074,#4075,#4076,#4077,#4078,#4079,#4080,
#4081,#4082,#4083,#4084,#4085,#4086,#4087,#4088,#4089,#4090,#4091,#4092,
#4093,#4094,#4095,#4096,#4097,#4098,#4099,#4100,#4101,#4102,#4103,#4104,
#4105,#4106,#4107,#4108,#4109,#4110,#4111,#4112,#4113,#4114,#4115,#4116,
#4117,#4118,#4119,#4120,#4121,#4122,#4123,#4124,#4125,#4126,#4127,#4128,
#4129,#4130,#4131,#4132,#4133,#4134,#4135,#4136,#4137,#4138,#4139,#4140,
#4141,#4142,#4143,#4144,#4145,#4146),.UNSPECIFIED.,.F.,.F.)
B_SPLINE_CURVE_WITH_KNOTS((6,1,1,1,1,1,1,1,1,1,1,1,1,1,1,1,1,1,1,1,1,1,
1,1,1,1,1,1,1,1,1,1,1,1,1,1,1,1,1,1,1,1,1,1,1,1,1,1,1,1,1,1,1,1,1,1,1,1,
1,1,1,1,1,1,1,1,1,1,1,1,6),(0.,0.0142857142857143,0.0285714285714286,0.0428571428571429,
0.0571428571428571,0.0714285714285714,0.0857142857142857,0.1,0.114285714285714,
0.128571428571429,0.142857142857143,0.157142857142857,0.171428571428571,
0.185714285714286,0.2,0.214285714285714,0.228571428571429,0.242857142857143,
0.257142857142857,0.271428571428571,0.285714285714286,0.3,0.314285714285714,
0.328571428571429,0.342857142857143,0.357142857142857,0.371428571428571,
0.385714285714286,0.4,0.414285714285714,0.428571428571429,0.442857142857143,
0.457142857142857,0.471428571428572,0.485714285714286,0.5,0.514285714285714,
0.528571428571429,0.542857142857143,0.557142857142857,0.571428571428571,
0.585714285714286,0.6,0.614285714285714,0.628571428571428,0.642857142857142,
0.657142857142857,0.671428571428571,0.685714285714285,0.699999999999999,
0.714285714285714,0.728571428571428,0.742857142857142,0.757142857142856,
0.771428571428571,0.785714285714285,0.799999999999999,0.814285714285713,
0.828571428571428,0.842857142857142,0.857142857142856,0.87142857142857,
0.885714285714284,0.899999999999999,0.914285714285713,0.928571428571427,
0.942857142857141,0.957142857142856,0.97142857142857,0.985714285714284,
1.),.UNSPECIFIED.)
CURVE()
GEOMETRIC_REPRESENTATION_ITEM()
RATIONAL_B_SPLINE_CURVE((1.,1.,1.,1.,1.,1.,1.,1.,1.,1.,1.,1.,1.,1.,1.,1.,
1.,1.,1.,1.,1.,1.,1.,1.,1.,1.,1.,1.,1.,1.,1.,1.,1.,1.,1.,1.,1.,1.,1.,1.,
1.,1.,1.,1.,1.,1.,1.,1.,1.,1.,1.,1.,1.,1.,1.,1.,1.,1.,1.,1.,1.,1.,1.,1.,
1.,1.,1.,1.,1.,1.,1.,1.,1.,1.,1.))
REPRESENTATION_ITEM('')
);
#25=(
BOUNDED_CURVE()
B_SPLINE_CURVE(5,(#4298,#4299,#4300,#4301,#4302,#4303,#4304,#4305,#4306,
#4307,#4308,#4309,#4310,#4311,#4312,#4313,#4314,#4315,#4316,#4317,#4318,
#4319,#4320,#4321,#4322,#4323,#4324,#4325,#4326,#4327,#4328,#4329,#4330,
#4331,#4332,#4333,#4334,#4335,#4336,#4337,#4338,#4339,#4340,#4341,#4342,
#4343,#4344,#4345,#4346,#4347,#4348,#4349,#4350,#4351,#4352,#4353,#4354,
#4355,#4356,#4357,#4358,#4359,#4360,#4361,#4362,#4363,#4364,#4365,#4366,
#4367,#4368,#4369,#4370,#4371,#4372),.UNSPECIFIED.,.F.,.F.)
B_SPLINE_CURVE_WITH_KNOTS((6,1,1,1,1,1,1,1,1,1,1,1,1,1,1,1,1,1,1,1,1,1,
1,1,1,1,1,1,1,1,1,1,1,1,1,1,1,1,1,1,1,1,1,1,1,1,1,1,1,1,1,1,1,1,1,1,1,1,
1,1,1,1,1,1,1,1,1,1,1,1,6),(0.,0.0142857142857143,0.0285714285714286,0.0428571428571429,
0.0571428571428571,0.0714285714285714,0.0857142857142857,0.1,0.114285714285714,
0.128571428571429,0.142857142857143,0.157142857142857,0.171428571428571,
0.185714285714286,0.2,0.214285714285714,0.228571428571429,0.242857142857143,
0.257142857142857,0.271428571428571,0.285714285714286,0.3,0.314285714285714,
0.328571428571429,0.342857142857143,0.357142857142857,0.371428571428571,
0.385714285714286,0.4,0.414285714285714,0.428571428571429,0.442857142857143,
0.457142857142857,0.471428571428572,0.485714285714286,0.5,0.514285714285714,
0.528571428571429,0.542857142857143,0.557142857142857,0.571428571428571,
0.585714285714286,0.6,0.614285714285714,0.628571428571428,0.642857142857142,
0.657142857142857,0.671428571428571,0.685714285714285,0.699999999999999,
0.714285714285714,0.728571428571428,0.742857142857142,0.757142857142856,
0.771428571428571,0.785714285714285,0.799999999999999,0.814285714285713,
0.828571428571428,0.842857142857142,0.857142857142856,0.87142857142857,
0.885714285714284,0.899999999999999,0.914285714285713,0.928571428571427,
0.942857142857141,0.957142857142856,0.97142857142857,0.985714285714284,
1.),.UNSPECIFIED.)
CURVE()
GEOMETRIC_REPRESENTATION_ITEM()
RATIONAL_B_SPLINE_CURVE((1.,1.,1.,1.,1.,1.,1.,1.,1.,1.,1.,1.,1.,1.,1.,1.,
1.,1.,1.,1.,1.,1.,1.,1.,1.,1.,1.,1.,1.,1.,1.,1.,1.,1.,1.,1.,1.,1.,1.,1.,
1.,1.,1.,1.,1.,1.,1.,1.,1.,1.,1.,1.,1.,1.,1.,1.,1.,1.,1.,1.,1.,1.,1.,1.,
1.,1.,1.,1.,1.,1.,1.,1.,1.,1.,1.))
REPRESENTATION_ITEM('')
);
#26=(
BOUNDED_CURVE()
B_SPLINE_CURVE(5,(#4374,#4375,#4376,#4377,#4378,#4379,#4380,#4381,#4382,
#4383,#4384,#4385,#4386,#4387,#4388,#4389,#4390,#4391,#4392,#4393,#4394,
#4395,#4396,#4397,#4398,#4399,#4400,#4401,#4402,#4403,#4404,#4405,#4406,
#4407,#4408,#4409,#4410,#4411,#4412,#4413,#4414,#4415,#4416,#4417,#4418,
#4419,#4420,#4421,#4422,#4423,#4424,#4425,#4426,#4427,#4428,#4429,#4430,
#4431,#4432,#4433,#4434,#4435,#4436,#4437,#4438,#4439,#4440,#4441,#4442,
#4443,#4444,#4445,#4446,#4447,#4448),.UNSPECIFIED.,.F.,.F.)
B_SPLINE_CURVE_WITH_KNOTS((6,1,1,1,1,1,1,1,1,1,1,1,1,1,1,1,1,1,1,1,1,1,
1,1,1,1,1,1,1,1,1,1,1,1,1,1,1,1,1,1,1,1,1,1,1,1,1,1,1,1,1,1,1,1,1,1,1,1,
1,1,1,1,1,1,1,1,1,1,1,1,6),(-1.,-0.985714285714284,-0.97142857142857,-0.957142857142856,
-0.942857142857141,-0.928571428571427,-0.914285714285713,-0.899999999999999,
-0.885714285714284,-0.87142857142857,-0.857142857142856,-0.842857142857142,
-0.828571428571428,-0.814285714285713,-0.799999999999999,-0.785714285714285,
-0.771428571428571,-0.757142857142856,-0.742857142857142,-0.728571428571428,
-0.714285714285714,-0.699999999999999,-0.685714285714285,-0.671428571428571,
-0.657142857142857,-0.642857142857142,-0.628571428571428,-0.614285714285714,
-0.6,-0.585714285714286,-0.571428571428571,-0.557142857142857,-0.542857142857143,
-0.528571428571429,-0.514285714285714,-0.5,-0.485714285714286,-0.471428571428572,
-0.457142857142857,-0.442857142857143,-0.428571428571429,-0.414285714285714,
-0.4,-0.385714285714286,-0.371428571428571,-0.357142857142857,-0.342857142857143,
-0.328571428571429,-0.314285714285714,-0.3,-0.285714285714286,-0.271428571428571,
-0.257142857142857,-0.242857142857143,-0.228571428571429,-0.214285714285714,
-0.2,-0.185714285714286,-0.171428571428571,-0.157142857142857,-0.142857142857143,
-0.128571428571429,-0.114285714285714,-0.1,-0.0857142857142857,-0.0714285714285714,
-0.0571428571428571,-0.0428571428571429,-0.0285714285714286,-0.0142857142857143,
0.),.UNSPECIFIED.)
CURVE()
GEOMETRIC_REPRESENTATION_ITEM()
RATIONAL_B_SPLINE_CURVE((1.,1.,1.,1.,1.,1.,1.,1.,1.,1.,1.,1.,1.,1.,1.,1.,
1.,1.,1.,1.,1.,1.,1.,1.,1.,1.,1.,1.,1.,1.,1.,1.,1.,1.,1.,1.,1.,1.,1.,1.,
1.,1.,1.,1.,1.,1.,1.,1.,1.,1.,1.,1.,1.,1.,1.,1.,1.,1.,1.,1.,1.,1.,1.,1.,
1.,1.,1.,1.,1.,1.,1.,1.,1.,1.,1.))
REPRESENTATION_ITEM('')
);
#27=(
BOUNDED_CURVE()
B_SPLINE_CURVE(5,(#4606,#4607,#4608,#4609,#4610,#4611,#4612,#4613,#4614,
#4615,#4616,#4617,#4618,#4619,#4620,#4621,#4622,#4623,#4624,#4625,#4626,
#4627,#4628,#4629,#4630,#4631,#4632,#4633,#4634,#4635,#4636,#4637,#4638,
#4639,#4640,#4641,#4642,#4643,#4644,#4645,#4646,#4647,#4648,#4649,#4650,
#4651,#4652,#4653,#4654,#4655,#4656,#4657,#4658,#4659,#4660,#4661,#4662,
#4663,#4664,#4665,#4666,#4667,#4668,#4669,#4670,#4671,#4672,#4673,#4674,
#4675,#4676,#4677,#4678,#4679,#4680),.UNSPECIFIED.,.F.,.F.)
B_SPLINE_CURVE_WITH_KNOTS((6,1,1,1,1,1,1,1,1,1,1,1,1,1,1,1,1,1,1,1,1,1,
1,1,1,1,1,1,1,1,1,1,1,1,1,1,1,1,1,1,1,1,1,1,1,1,1,1,1,1,1,1,1,1,1,1,1,1,
1,1,1,1,1,1,1,1,1,1,1,1,6),(0.,0.0142857142857143,0.0285714285714286,0.0428571428571429,
0.0571428571428571,0.0714285714285714,0.0857142857142857,0.1,0.114285714285714,
0.128571428571429,0.142857142857143,0.157142857142857,0.171428571428571,
0.185714285714286,0.2,0.214285714285714,0.228571428571429,0.242857142857143,
0.257142857142857,0.271428571428571,0.285714285714286,0.3,0.314285714285714,
0.328571428571429,0.342857142857143,0.357142857142857,0.371428571428571,
0.385714285714286,0.4,0.414285714285714,0.428571428571429,0.442857142857143,
0.457142857142857,0.471428571428572,0.485714285714286,0.5,0.514285714285714,
0.528571428571429,0.542857142857143,0.557142857142857,0.571428571428571,
0.585714285714286,0.6,0.614285714285714,0.628571428571428,0.642857142857142,
0.657142857142857,0.671428571428571,0.685714285714285,0.699999999999999,
0.714285714285714,0.728571428571428,0.742857142857142,0.757142857142856,
0.771428571428571,0.785714285714285,0.799999999999999,0.814285714285713,
0.828571428571428,0.842857142857142,0.857142857142856,0.87142857142857,
0.885714285714284,0.899999999999999,0.914285714285713,0.928571428571427,
0.942857142857141,0.957142857142856,0.97142857142857,0.985714285714284,
1.),.UNSPECIFIED.)
CURVE()
GEOMETRIC_REPRESENTATION_ITEM()
RATIONAL_B_SPLINE_CURVE((1.,1.,1.,1.,1.,1.,1.,1.,1.,1.,1.,1.,1.,1.,1.,1.,
1.,1.,1.,1.,1.,1.,1.,1.,1.,1.,1.,1.,1.,1.,1.,1.,1.,1.,1.,1.,1.,1.,1.,1.,
1.,1.,1.,1.,1.,1.,1.,1.,1.,1.,1.,1.,1.,1.,1.,1.,1.,1.,1.,1.,1.,1.,1.,1.,
1.,1.,1.,1.,1.,1.,1.,1.,1.,1.,1.))
REPRESENTATION_ITEM('')
);
#28=(
BOUNDED_CURVE()
B_SPLINE_CURVE(5,(#4681,#4682,#4683,#4684,#4685,#4686,#4687,#4688,#4689,
#4690,#4691,#4692,#4693,#4694,#4695,#4696,#4697,#4698,#4699,#4700,#4701,
#4702,#4703,#4704,#4705,#4706,#4707,#4708,#4709,#4710,#4711,#4712,#4713,
#4714,#4715,#4716,#4717,#4718,#4719,#4720,#4721,#4722,#4723,#4724,#4725,
#4726,#4727,#4728,#4729,#4730,#4731,#4732,#4733,#4734,#4735,#4736,#4737,
#4738,#4739,#4740,#4741,#4742,#4743,#4744,#4745,#4746,#4747,#4748,#4749,
#4750,#4751,#4752,#4753,#4754,#4755),.UNSPECIFIED.,.F.,.F.)
B_SPLINE_CURVE_WITH_KNOTS((6,1,1,1,1,1,1,1,1,1,1,1,1,1,1,1,1,1,1,1,1,1,
1,1,1,1,1,1,1,1,1,1,1,1,1,1,1,1,1,1,1,1,1,1,1,1,1,1,1,1,1,1,1,1,1,1,1,1,
1,1,1,1,1,1,1,1,1,1,1,1,6),(0.,0.0142857142857143,0.0285714285714286,0.0428571428571429,
0.0571428571428571,0.0714285714285714,0.0857142857142857,0.1,0.114285714285714,
0.128571428571429,0.142857142857143,0.157142857142857,0.171428571428571,
0.185714285714286,0.2,0.214285714285714,0.228571428571429,0.242857142857143,
0.257142857142857,0.271428571428571,0.285714285714286,0.3,0.314285714285714,
0.328571428571429,0.342857142857143,0.357142857142857,0.371428571428571,
0.385714285714286,0.4,0.414285714285714,0.428571428571429,0.442857142857143,
0.457142857142857,0.471428571428572,0.485714285714286,0.5,0.514285714285714,
0.528571428571429,0.542857142857143,0.557142857142857,0.571428571428571,
0.585714285714286,0.6,0.614285714285714,0.628571428571428,0.642857142857142,
0.657142857142857,0.671428571428571,0.685714285714285,0.699999999999999,
0.714285714285714,0.728571428571428,0.742857142857142,0.757142857142856,
0.771428571428571,0.785714285714285,0.799999999999999,0.814285714285713,
0.828571428571428,0.842857142857142,0.857142857142856,0.87142857142857,
0.885714285714284,0.899999999999999,0.914285714285713,0.928571428571427,
0.942857142857141,0.957142857142856,0.97142857142857,0.985714285714284,
1.),.UNSPECIFIED.)
CURVE()
GEOMETRIC_REPRESENTATION_ITEM()
RATIONAL_B_SPLINE_CURVE((1.,1.,1.,1.,1.,1.,1.,1.,1.,1.,1.,1.,1.,1.,1.,1.,
1.,1.,1.,1.,1.,1.,1.,1.,1.,1.,1.,1.,1.,1.,1.,1.,1.,1.,1.,1.,1.,1.,1.,1.,
1.,1.,1.,1.,1.,1.,1.,1.,1.,1.,1.,1.,1.,1.,1.,1.,1.,1.,1.,1.,1.,1.,1.,1.,
1.,1.,1.,1.,1.,1.,1.,1.,1.,1.,1.))
REPRESENTATION_ITEM('')
);
#29=(
BOUNDED_CURVE()
B_SPLINE_CURVE(5,(#4907,#4908,#4909,#4910,#4911,#4912,#4913,#4914,#4915,
#4916,#4917,#4918,#4919,#4920,#4921,#4922,#4923,#4924,#4925,#4926,#4927,
#4928,#4929,#4930,#4931,#4932,#4933,#4934,#4935,#4936,#4937,#4938,#4939,
#4940,#4941,#4942,#4943,#4944,#4945,#4946,#4947,#4948,#4949,#4950,#4951,
#4952,#4953,#4954,#4955,#4956,#4957,#4958,#4959,#4960,#4961,#4962,#4963,
#4964,#4965,#4966,#4967,#4968,#4969,#4970,#4971,#4972,#4973,#4974,#4975,
#4976,#4977,#4978,#4979,#4980,#4981),.UNSPECIFIED.,.F.,.F.)
B_SPLINE_CURVE_WITH_KNOTS((6,1,1,1,1,1,1,1,1,1,1,1,1,1,1,1,1,1,1,1,1,1,
1,1,1,1,1,1,1,1,1,1,1,1,1,1,1,1,1,1,1,1,1,1,1,1,1,1,1,1,1,1,1,1,1,1,1,1,
1,1,1,1,1,1,1,1,1,1,1,1,6),(0.,0.0142857142857143,0.0285714285714286,0.0428571428571429,
0.0571428571428571,0.0714285714285714,0.0857142857142857,0.1,0.114285714285714,
0.128571428571429,0.142857142857143,0.157142857142857,0.171428571428571,
0.185714285714286,0.2,0.214285714285714,0.228571428571429,0.242857142857143,
0.257142857142857,0.271428571428571,0.285714285714286,0.3,0.314285714285714,
0.328571428571429,0.342857142857143,0.357142857142857,0.371428571428571,
0.385714285714286,0.4,0.414285714285714,0.428571428571429,0.442857142857143,
0.457142857142857,0.471428571428572,0.485714285714286,0.5,0.514285714285714,
0.528571428571429,0.542857142857143,0.557142857142857,0.571428571428571,
0.585714285714286,0.6,0.614285714285714,0.628571428571428,0.642857142857142,
0.657142857142857,0.671428571428571,0.685714285714285,0.699999999999999,
0.714285714285714,0.728571428571428,0.742857142857142,0.757142857142856,
0.771428571428571,0.785714285714285,0.799999999999999,0.814285714285713,
0.828571428571428,0.842857142857142,0.857142857142856,0.87142857142857,
0.885714285714284,0.899999999999999,0.914285714285713,0.928571428571427,
0.942857142857141,0.957142857142856,0.97142857142857,0.985714285714284,
1.),.UNSPECIFIED.)
CURVE()
GEOMETRIC_REPRESENTATION_ITEM()
RATIONAL_B_SPLINE_CURVE((1.,1.,1.,1.,1.,1.,1.,1.,1.,1.,1.,1.,1.,1.,1.,1.,
1.,1.,1.,1.,1.,1.,1.,1.,1.,1.,1.,1.,1.,1.,1.,1.,1.,1.,1.,1.,1.,1.,1.,1.,
1.,1.,1.,1.,1.,1.,1.,1.,1.,1.,1.,1.,1.,1.,1.,1.,1.,1.,1.,1.,1.,1.,1.,1.,
1.,1.,1.,1.,1.,1.,1.,1.,1.,1.,1.))
REPRESENTATION_ITEM('')
);
#30=(
BOUNDED_CURVE()
B_SPLINE_CURVE(5,(#4983,#4984,#4985,#4986,#4987,#4988,#4989,#4990,#4991,
#4992,#4993,#4994,#4995,#4996,#4997,#4998,#4999,#5000,#5001,#5002,#5003,
#5004,#5005,#5006,#5007,#5008,#5009,#5010,#5011,#5012,#5013,#5014,#5015,
#5016,#5017,#5018,#5019,#5020,#5021,#5022,#5023,#5024,#5025,#5026,#5027,
#5028,#5029,#5030,#5031,#5032,#5033,#5034,#5035,#5036,#5037,#5038,#5039,
#5040,#5041,#5042,#5043,#5044,#5045,#5046,#5047,#5048,#5049,#5050,#5051,
#5052,#5053,#5054,#5055,#5056,#5057),.UNSPECIFIED.,.F.,.F.)
B_SPLINE_CURVE_WITH_KNOTS((6,1,1,1,1,1,1,1,1,1,1,1,1,1,1,1,1,1,1,1,1,1,
1,1,1,1,1,1,1,1,1,1,1,1,1,1,1,1,1,1,1,1,1,1,1,1,1,1,1,1,1,1,1,1,1,1,1,1,
1,1,1,1,1,1,1,1,1,1,1,1,6),(-1.,-0.985714285714284,-0.97142857142857,-0.957142857142856,
-0.942857142857141,-0.928571428571427,-0.914285714285713,-0.899999999999999,
-0.885714285714284,-0.87142857142857,-0.857142857142856,-0.842857142857142,
-0.828571428571428,-0.814285714285713,-0.799999999999999,-0.785714285714285,
-0.771428571428571,-0.757142857142856,-0.742857142857142,-0.728571428571428,
-0.714285714285714,-0.699999999999999,-0.685714285714285,-0.671428571428571,
-0.657142857142857,-0.642857142857142,-0.628571428571428,-0.614285714285714,
-0.6,-0.585714285714286,-0.571428571428571,-0.557142857142857,-0.542857142857143,
-0.528571428571429,-0.514285714285714,-0.5,-0.485714285714286,-0.471428571428572,
-0.457142857142857,-0.442857142857143,-0.428571428571429,-0.414285714285714,
-0.4,-0.385714285714286,-0.371428571428571,-0.357142857142857,-0.342857142857143,
-0.328571428571429,-0.314285714285714,-0.3,-0.285714285714286,-0.271428571428571,
-0.257142857142857,-0.242857142857143,-0.228571428571429,-0.214285714285714,
-0.2,-0.185714285714286,-0.171428571428571,-0.157142857142857,-0.142857142857143,
-0.128571428571429,-0.114285714285714,-0.1,-0.0857142857142857,-0.0714285714285714,
-0.0571428571428571,-0.0428571428571429,-0.0285714285714286,-0.0142857142857143,
0.),.UNSPECIFIED.)
CURVE()
GEOMETRIC_REPRESENTATION_ITEM()
RATIONAL_B_SPLINE_CURVE((1.,1.,1.,1.,1.,1.,1.,1.,1.,1.,1.,1.,1.,1.,1.,1.,
1.,1.,1.,1.,1.,1.,1.,1.,1.,1.,1.,1.,1.,1.,1.,1.,1.,1.,1.,1.,1.,1.,1.,1.,
1.,1.,1.,1.,1.,1.,1.,1.,1.,1.,1.,1.,1.,1.,1.,1.,1.,1.,1.,1.,1.,1.,1.,1.,
1.,1.,1.,1.,1.,1.,1.,1.,1.,1.,1.))
REPRESENTATION_ITEM('')
);
#31=(
BOUNDED_CURVE()
B_SPLINE_CURVE(5,(#5215,#5216,#5217,#5218,#5219,#5220,#5221,#5222,#5223,
#5224,#5225,#5226,#5227,#5228,#5229,#5230,#5231,#5232,#5233,#5234,#5235,
#5236,#5237,#5238,#5239,#5240,#5241,#5242,#5243,#5244,#5245,#5246,#5247,
#5248,#5249,#5250,#5251,#5252,#5253,#5254,#5255,#5256,#5257,#5258,#5259,
#5260,#5261,#5262,#5263,#5264,#5265,#5266,#5267,#5268,#5269,#5270,#5271,
#5272,#5273,#5274,#5275,#5276,#5277,#5278,#5279,#5280,#5281,#5282,#5283,
#5284,#5285,#5286,#5287,#5288,#5289),.UNSPECIFIED.,.F.,.F.)
B_SPLINE_CURVE_WITH_KNOTS((6,1,1,1,1,1,1,1,1,1,1,1,1,1,1,1,1,1,1,1,1,1,
1,1,1,1,1,1,1,1,1,1,1,1,1,1,1,1,1,1,1,1,1,1,1,1,1,1,1,1,1,1,1,1,1,1,1,1,
1,1,1,1,1,1,1,1,1,1,1,1,6),(0.,0.0142857142857143,0.0285714285714286,0.0428571428571429,
0.0571428571428571,0.0714285714285714,0.0857142857142857,0.1,0.114285714285714,
0.128571428571429,0.142857142857143,0.157142857142857,0.171428571428571,
0.185714285714286,0.2,0.214285714285714,0.228571428571429,0.242857142857143,
0.257142857142857,0.271428571428571,0.285714285714286,0.3,0.314285714285714,
0.328571428571429,0.342857142857143,0.357142857142857,0.371428571428571,
0.385714285714286,0.4,0.414285714285714,0.428571428571429,0.442857142857143,
0.457142857142857,0.471428571428572,0.485714285714286,0.5,0.514285714285714,
0.528571428571429,0.542857142857143,0.557142857142857,0.571428571428571,
0.585714285714286,0.6,0.614285714285714,0.628571428571428,0.642857142857142,
0.657142857142857,0.671428571428571,0.685714285714285,0.699999999999999,
0.714285714285714,0.728571428571428,0.742857142857142,0.757142857142856,
0.771428571428571,0.785714285714285,0.799999999999999,0.814285714285713,
0.828571428571428,0.842857142857142,0.857142857142856,0.87142857142857,
0.885714285714284,0.899999999999999,0.914285714285713,0.928571428571427,
0.942857142857141,0.957142857142856,0.97142857142857,0.985714285714284,
1.),.UNSPECIFIED.)
CURVE()
GEOMETRIC_REPRESENTATION_ITEM()
RATIONAL_B_SPLINE_CURVE((1.,1.,1.,1.,1.,1.,1.,1.,1.,1.,1.,1.,1.,1.,1.,1.,
1.,1.,1.,1.,1.,1.,1.,1.,1.,1.,1.,1.,1.,1.,1.,1.,1.,1.,1.,1.,1.,1.,1.,1.,
1.,1.,1.,1.,1.,1.,1.,1.,1.,1.,1.,1.,1.,1.,1.,1.,1.,1.,1.,1.,1.,1.,1.,1.,
1.,1.,1.,1.,1.,1.,1.,1.,1.,1.,1.))
REPRESENTATION_ITEM('')
);
#32=(
BOUNDED_CURVE()
B_SPLINE_CURVE(5,(#5290,#5291,#5292,#5293,#5294,#5295,#5296,#5297,#5298,
#5299,#5300,#5301,#5302,#5303,#5304,#5305,#5306,#5307,#5308,#5309,#5310,
#5311,#5312,#5313,#5314,#5315,#5316,#5317,#5318,#5319,#5320,#5321,#5322,
#5323,#5324,#5325,#5326,#5327,#5328,#5329,#5330,#5331,#5332,#5333,#5334,
#5335,#5336,#5337,#5338,#5339,#5340,#5341,#5342,#5343,#5344,#5345,#5346,
#5347,#5348,#5349,#5350,#5351,#5352,#5353,#5354,#5355,#5356,#5357,#5358,
#5359,#5360,#5361,#5362,#5363,#5364),.UNSPECIFIED.,.F.,.F.)
B_SPLINE_CURVE_WITH_KNOTS((6,1,1,1,1,1,1,1,1,1,1,1,1,1,1,1,1,1,1,1,1,1,
1,1,1,1,1,1,1,1,1,1,1,1,1,1,1,1,1,1,1,1,1,1,1,1,1,1,1,1,1,1,1,1,1,1,1,1,
1,1,1,1,1,1,1,1,1,1,1,1,6),(0.,0.0142857142857143,0.0285714285714286,0.0428571428571429,
0.0571428571428571,0.0714285714285714,0.0857142857142857,0.1,0.114285714285714,
0.128571428571429,0.142857142857143,0.157142857142857,0.171428571428571,
0.185714285714286,0.2,0.214285714285714,0.228571428571429,0.242857142857143,
0.257142857142857,0.271428571428571,0.285714285714286,0.3,0.314285714285714,
0.328571428571429,0.342857142857143,0.357142857142857,0.371428571428571,
0.385714285714286,0.4,0.414285714285714,0.428571428571429,0.442857142857143,
0.457142857142857,0.471428571428572,0.485714285714286,0.5,0.514285714285714,
0.528571428571429,0.542857142857143,0.557142857142857,0.571428571428571,
0.585714285714286,0.6,0.614285714285714,0.628571428571428,0.642857142857142,
0.657142857142857,0.671428571428571,0.685714285714285,0.699999999999999,
0.714285714285714,0.728571428571428,0.742857142857142,0.757142857142856,
0.771428571428571,0.785714285714285,0.799999999999999,0.814285714285713,
0.828571428571428,0.842857142857142,0.857142857142856,0.87142857142857,
0.885714285714284,0.899999999999999,0.914285714285713,0.928571428571427,
0.942857142857141,0.957142857142856,0.97142857142857,0.985714285714284,
1.),.UNSPECIFIED.)
CURVE()
GEOMETRIC_REPRESENTATION_ITEM()
RATIONAL_B_SPLINE_CURVE((1.,1.,1.,1.,1.,1.,1.,1.,1.,1.,1.,1.,1.,1.,1.,1.,
1.,1.,1.,1.,1.,1.,1.,1.,1.,1.,1.,1.,1.,1.,1.,1.,1.,1.,1.,1.,1.,1.,1.,1.,
1.,1.,1.,1.,1.,1.,1.,1.,1.,1.,1.,1.,1.,1.,1.,1.,1.,1.,1.,1.,1.,1.,1.,1.,
1.,1.,1.,1.,1.,1.,1.,1.,1.,1.,1.))
REPRESENTATION_ITEM('')
);
#33=(
BOUNDED_CURVE()
B_SPLINE_CURVE(5,(#5516,#5517,#5518,#5519,#5520,#5521,#5522,#5523,#5524,
#5525,#5526,#5527,#5528,#5529,#5530,#5531,#5532,#5533,#5534,#5535,#5536,
#5537,#5538,#5539,#5540,#5541,#5542,#5543,#5544,#5545,#5546,#5547,#5548,
#5549,#5550,#5551,#5552,#5553,#5554,#5555,#5556,#5557,#5558,#5559,#5560,
#5561,#5562,#5563,#5564,#5565,#5566,#5567,#5568,#5569,#5570,#5571,#5572,
#5573,#5574,#5575,#5576,#5577,#5578,#5579,#5580,#5581,#5582,#5583,#5584,
#5585,#5586,#5587,#5588,#5589,#5590),.UNSPECIFIED.,.F.,.F.)
B_SPLINE_CURVE_WITH_KNOTS((6,1,1,1,1,1,1,1,1,1,1,1,1,1,1,1,1,1,1,1,1,1,
1,1,1,1,1,1,1,1,1,1,1,1,1,1,1,1,1,1,1,1,1,1,1,1,1,1,1,1,1,1,1,1,1,1,1,1,
1,1,1,1,1,1,1,1,1,1,1,1,6),(0.,0.0142857142857143,0.0285714285714286,0.0428571428571429,
0.0571428571428571,0.0714285714285714,0.0857142857142857,0.1,0.114285714285714,
0.128571428571429,0.142857142857143,0.157142857142857,0.171428571428571,
0.185714285714286,0.2,0.214285714285714,0.228571428571429,0.242857142857143,
0.257142857142857,0.271428571428571,0.285714285714286,0.3,0.314285714285714,
0.328571428571429,0.342857142857143,0.357142857142857,0.371428571428571,
0.385714285714286,0.4,0.414285714285714,0.428571428571429,0.442857142857143,
0.457142857142857,0.471428571428572,0.485714285714286,0.5,0.514285714285714,
0.528571428571429,0.542857142857143,0.557142857142857,0.571428571428571,
0.585714285714286,0.6,0.614285714285714,0.628571428571428,0.642857142857142,
0.657142857142857,0.671428571428571,0.685714285714285,0.699999999999999,
0.714285714285714,0.728571428571428,0.742857142857142,0.757142857142856,
0.771428571428571,0.785714285714285,0.799999999999999,0.814285714285713,
0.828571428571428,0.842857142857142,0.857142857142856,0.87142857142857,
0.885714285714284,0.899999999999999,0.914285714285713,0.928571428571427,
0.942857142857141,0.957142857142856,0.97142857142857,0.985714285714284,
1.),.UNSPECIFIED.)
CURVE()
GEOMETRIC_REPRESENTATION_ITEM()
RATIONAL_B_SPLINE_CURVE((1.,1.,1.,1.,1.,1.,1.,1.,1.,1.,1.,1.,1.,1.,1.,1.,
1.,1.,1.,1.,1.,1.,1.,1.,1.,1.,1.,1.,1.,1.,1.,1.,1.,1.,1.,1.,1.,1.,1.,1.,
1.,1.,1.,1.,1.,1.,1.,1.,1.,1.,1.,1.,1.,1.,1.,1.,1.,1.,1.,1.,1.,1.,1.,1.,
1.,1.,1.,1.,1.,1.,1.,1.,1.,1.,1.))
REPRESENTATION_ITEM('')
);
#34=(
BOUNDED_CURVE()
B_SPLINE_CURVE(5,(#5592,#5593,#5594,#5595,#5596,#5597,#5598,#5599,#5600,
#5601,#5602,#5603,#5604,#5605,#5606,#5607,#5608,#5609,#5610,#5611,#5612,
#5613,#5614,#5615,#5616,#5617,#5618,#5619,#5620,#5621,#5622,#5623,#5624,
#5625,#5626,#5627,#5628,#5629,#5630,#5631,#5632,#5633,#5634,#5635,#5636,
#5637,#5638,#5639,#5640,#5641,#5642,#5643,#5644,#5645,#5646,#5647,#5648,
#5649,#5650,#5651,#5652,#5653,#5654,#5655,#5656,#5657,#5658,#5659,#5660,
#5661,#5662,#5663,#5664,#5665,#5666),.UNSPECIFIED.,.F.,.F.)
B_SPLINE_CURVE_WITH_KNOTS((6,1,1,1,1,1,1,1,1,1,1,1,1,1,1,1,1,1,1,1,1,1,
1,1,1,1,1,1,1,1,1,1,1,1,1,1,1,1,1,1,1,1,1,1,1,1,1,1,1,1,1,1,1,1,1,1,1,1,
1,1,1,1,1,1,1,1,1,1,1,1,6),(-1.,-0.985714285714284,-0.97142857142857,-0.957142857142856,
-0.942857142857141,-0.928571428571427,-0.914285714285713,-0.899999999999999,
-0.885714285714284,-0.87142857142857,-0.857142857142856,-0.842857142857142,
-0.828571428571428,-0.814285714285713,-0.799999999999999,-0.785714285714285,
-0.771428571428571,-0.757142857142856,-0.742857142857142,-0.728571428571428,
-0.714285714285714,-0.699999999999999,-0.685714285714285,-0.671428571428571,
-0.657142857142857,-0.642857142857142,-0.628571428571428,-0.614285714285714,
-0.6,-0.585714285714286,-0.571428571428571,-0.557142857142857,-0.542857142857143,
-0.528571428571429,-0.514285714285714,-0.5,-0.485714285714286,-0.471428571428572,
-0.457142857142857,-0.442857142857143,-0.428571428571429,-0.414285714285714,
-0.4,-0.385714285714286,-0.371428571428571,-0.357142857142857,-0.342857142857143,
-0.328571428571429,-0.314285714285714,-0.3,-0.285714285714286,-0.271428571428571,
-0.257142857142857,-0.242857142857143,-0.228571428571429,-0.214285714285714,
-0.2,-0.185714285714286,-0.171428571428571,-0.157142857142857,-0.142857142857143,
-0.128571428571429,-0.114285714285714,-0.1,-0.0857142857142857,-0.0714285714285714,
-0.0571428571428571,-0.0428571428571429,-0.0285714285714286,-0.0142857142857143,
0.),.UNSPECIFIED.)
CURVE()
GEOMETRIC_REPRESENTATION_ITEM()
RATIONAL_B_SPLINE_CURVE((1.,1.,1.,1.,1.,1.,1.,1.,1.,1.,1.,1.,1.,1.,1.,1.,
1.,1.,1.,1.,1.,1.,1.,1.,1.,1.,1.,1.,1.,1.,1.,1.,1.,1.,1.,1.,1.,1.,1.,1.,
1.,1.,1.,1.,1.,1.,1.,1.,1.,1.,1.,1.,1.,1.,1.,1.,1.,1.,1.,1.,1.,1.,1.,1.,
1.,1.,1.,1.,1.,1.,1.,1.,1.,1.,1.))
REPRESENTATION_ITEM('')
);
#35=(
BOUNDED_CURVE()
B_SPLINE_CURVE(5,(#5824,#5825,#5826,#5827,#5828,#5829,#5830,#5831,#5832,
#5833,#5834,#5835,#5836,#5837,#5838,#5839,#5840,#5841,#5842,#5843,#5844,
#5845,#5846,#5847,#5848,#5849,#5850,#5851,#5852,#5853,#5854,#5855,#5856,
#5857,#5858,#5859,#5860,#5861,#5862,#5863,#5864,#5865,#5866,#5867,#5868,
#5869,#5870,#5871,#5872,#5873,#5874,#5875,#5876,#5877,#5878,#5879,#5880,
#5881,#5882,#5883,#5884,#5885,#5886,#5887,#5888,#5889,#5890,#5891,#5892,
#5893,#5894,#5895,#5896,#5897,#5898),.UNSPECIFIED.,.F.,.F.)
B_SPLINE_CURVE_WITH_KNOTS((6,1,1,1,1,1,1,1,1,1,1,1,1,1,1,1,1,1,1,1,1,1,
1,1,1,1,1,1,1,1,1,1,1,1,1,1,1,1,1,1,1,1,1,1,1,1,1,1,1,1,1,1,1,1,1,1,1,1,
1,1,1,1,1,1,1,1,1,1,1,1,6),(0.,0.0142857142857143,0.0285714285714286,0.0428571428571429,
0.0571428571428571,0.0714285714285714,0.0857142857142857,0.1,0.114285714285714,
0.128571428571429,0.142857142857143,0.157142857142857,0.171428571428571,
0.185714285714286,0.2,0.214285714285714,0.228571428571429,0.242857142857143,
0.257142857142857,0.271428571428571,0.285714285714286,0.3,0.314285714285714,
0.328571428571429,0.342857142857143,0.357142857142857,0.371428571428571,
0.385714285714286,0.4,0.414285714285714,0.428571428571429,0.442857142857143,
0.457142857142857,0.471428571428572,0.485714285714286,0.5,0.514285714285714,
0.528571428571429,0.542857142857143,0.557142857142857,0.571428571428571,
0.585714285714286,0.6,0.614285714285714,0.628571428571428,0.642857142857142,
0.657142857142857,0.671428571428571,0.685714285714285,0.699999999999999,
0.714285714285714,0.728571428571428,0.742857142857142,0.757142857142856,
0.771428571428571,0.785714285714285,0.799999999999999,0.814285714285713,
0.828571428571428,0.842857142857142,0.857142857142856,0.87142857142857,
0.885714285714284,0.899999999999999,0.914285714285713,0.928571428571427,
0.942857142857141,0.957142857142856,0.97142857142857,0.985714285714284,
1.),.UNSPECIFIED.)
CURVE()
GEOMETRIC_REPRESENTATION_ITEM()
RATIONAL_B_SPLINE_CURVE((1.,1.,1.,1.,1.,1.,1.,1.,1.,1.,1.,1.,1.,1.,1.,1.,
1.,1.,1.,1.,1.,1.,1.,1.,1.,1.,1.,1.,1.,1.,1.,1.,1.,1.,1.,1.,1.,1.,1.,1.,
1.,1.,1.,1.,1.,1.,1.,1.,1.,1.,1.,1.,1.,1.,1.,1.,1.,1.,1.,1.,1.,1.,1.,1.,
1.,1.,1.,1.,1.,1.,1.,1.,1.,1.,1.))
REPRESENTATION_ITEM('')
);
#36=(
BOUNDED_CURVE()
B_SPLINE_CURVE(5,(#5899,#5900,#5901,#5902,#5903,#5904,#5905,#5906,#5907,
#5908,#5909,#5910,#5911,#5912,#5913,#5914,#5915,#5916,#5917,#5918,#5919,
#5920,#5921,#5922,#5923,#5924,#5925,#5926,#5927,#5928,#5929,#5930,#5931,
#5932,#5933,#5934,#5935,#5936,#5937,#5938,#5939,#5940,#5941,#5942,#5943,
#5944,#5945,#5946,#5947,#5948,#5949,#5950,#5951,#5952,#5953,#5954,#5955,
#5956,#5957,#5958,#5959,#5960,#5961,#5962,#5963,#5964,#5965,#5966,#5967,
#5968,#5969,#5970,#5971,#5972,#5973),.UNSPECIFIED.,.F.,.F.)
B_SPLINE_CURVE_WITH_KNOTS((6,1,1,1,1,1,1,1,1,1,1,1,1,1,1,1,1,1,1,1,1,1,
1,1,1,1,1,1,1,1,1,1,1,1,1,1,1,1,1,1,1,1,1,1,1,1,1,1,1,1,1,1,1,1,1,1,1,1,
1,1,1,1,1,1,1,1,1,1,1,1,6),(0.,0.0142857142857143,0.0285714285714286,0.0428571428571429,
0.0571428571428571,0.0714285714285714,0.0857142857142857,0.1,0.114285714285714,
0.128571428571429,0.142857142857143,0.157142857142857,0.171428571428571,
0.185714285714286,0.2,0.214285714285714,0.228571428571429,0.242857142857143,
0.257142857142857,0.271428571428571,0.285714285714286,0.3,0.314285714285714,
0.328571428571429,0.342857142857143,0.357142857142857,0.371428571428571,
0.385714285714286,0.4,0.414285714285714,0.428571428571429,0.442857142857143,
0.457142857142857,0.471428571428572,0.485714285714286,0.5,0.514285714285714,
0.528571428571429,0.542857142857143,0.557142857142857,0.571428571428571,
0.585714285714286,0.6,0.614285714285714,0.628571428571428,0.642857142857142,
0.657142857142857,0.671428571428571,0.685714285714285,0.699999999999999,
0.714285714285714,0.728571428571428,0.742857142857142,0.757142857142856,
0.771428571428571,0.785714285714285,0.799999999999999,0.814285714285713,
0.828571428571428,0.842857142857142,0.857142857142856,0.87142857142857,
0.885714285714284,0.899999999999999,0.914285714285713,0.928571428571427,
0.942857142857141,0.957142857142856,0.97142857142857,0.985714285714284,
1.),.UNSPECIFIED.)
CURVE()
GEOMETRIC_REPRESENTATION_ITEM()
RATIONAL_B_SPLINE_CURVE((1.,1.,1.,1.,1.,1.,1.,1.,1.,1.,1.,1.,1.,1.,1.,1.,
1.,1.,1.,1.,1.,1.,1.,1.,1.,1.,1.,1.,1.,1.,1.,1.,1.,1.,1.,1.,1.,1.,1.,1.,
1.,1.,1.,1.,1.,1.,1.,1.,1.,1.,1.,1.,1.,1.,1.,1.,1.,1.,1.,1.,1.,1.,1.,1.,
1.,1.,1.,1.,1.,1.,1.,1.,1.,1.,1.))
REPRESENTATION_ITEM('')
);
#37=(
BOUNDED_CURVE()
B_SPLINE_CURVE(5,(#6125,#6126,#6127,#6128,#6129,#6130,#6131,#6132,#6133,
#6134,#6135,#6136,#6137,#6138,#6139,#6140,#6141,#6142,#6143,#6144,#6145,
#6146,#6147,#6148,#6149,#6150,#6151,#6152,#6153,#6154,#6155,#6156,#6157,
#6158,#6159,#6160,#6161,#6162,#6163,#6164,#6165,#6166,#6167,#6168,#6169,
#6170,#6171,#6172,#6173,#6174,#6175,#6176,#6177,#6178,#6179,#6180,#6181,
#6182,#6183,#6184,#6185,#6186,#6187,#6188,#6189,#6190,#6191,#6192,#6193,
#6194,#6195,#6196,#6197,#6198,#6199),.UNSPECIFIED.,.F.,.F.)
B_SPLINE_CURVE_WITH_KNOTS((6,1,1,1,1,1,1,1,1,1,1,1,1,1,1,1,1,1,1,1,1,1,
1,1,1,1,1,1,1,1,1,1,1,1,1,1,1,1,1,1,1,1,1,1,1,1,1,1,1,1,1,1,1,1,1,1,1,1,
1,1,1,1,1,1,1,1,1,1,1,1,6),(0.,0.0142857142857143,0.0285714285714286,0.0428571428571429,
0.0571428571428571,0.0714285714285714,0.0857142857142857,0.1,0.114285714285714,
0.128571428571429,0.142857142857143,0.157142857142857,0.171428571428571,
0.185714285714286,0.2,0.214285714285714,0.228571428571429,0.242857142857143,
0.257142857142857,0.271428571428571,0.285714285714286,0.3,0.314285714285714,
0.328571428571429,0.342857142857143,0.357142857142857,0.371428571428571,
0.385714285714286,0.4,0.414285714285714,0.428571428571429,0.442857142857143,
0.457142857142857,0.471428571428572,0.485714285714286,0.5,0.514285714285714,
0.528571428571429,0.542857142857143,0.557142857142857,0.571428571428571,
0.585714285714286,0.6,0.614285714285714,0.628571428571428,0.642857142857142,
0.657142857142857,0.671428571428571,0.685714285714285,0.699999999999999,
0.714285714285714,0.728571428571428,0.742857142857142,0.757142857142856,
0.771428571428571,0.785714285714285,0.799999999999999,0.814285714285713,
0.828571428571428,0.842857142857142,0.857142857142856,0.87142857142857,
0.885714285714284,0.899999999999999,0.914285714285713,0.928571428571427,
0.942857142857141,0.957142857142856,0.97142857142857,0.985714285714284,
1.),.UNSPECIFIED.)
CURVE()
GEOMETRIC_REPRESENTATION_ITEM()
RATIONAL_B_SPLINE_CURVE((1.,1.,1.,1.,1.,1.,1.,1.,1.,1.,1.,1.,1.,1.,1.,1.,
1.,1.,1.,1.,1.,1.,1.,1.,1.,1.,1.,1.,1.,1.,1.,1.,1.,1.,1.,1.,1.,1.,1.,1.,
1.,1.,1.,1.,1.,1.,1.,1.,1.,1.,1.,1.,1.,1.,1.,1.,1.,1.,1.,1.,1.,1.,1.,1.,
1.,1.,1.,1.,1.,1.,1.,1.,1.,1.,1.))
REPRESENTATION_ITEM('')
);
#38=(
BOUNDED_CURVE()
B_SPLINE_CURVE(5,(#6201,#6202,#6203,#6204,#6205,#6206,#6207,#6208,#6209,
#6210,#6211,#6212,#6213,#6214,#6215,#6216,#6217,#6218,#6219,#6220,#6221,
#6222,#6223,#6224,#6225,#6226,#6227,#6228,#6229,#6230,#6231,#6232,#6233,
#6234,#6235,#6236,#6237,#6238,#6239,#6240,#6241,#6242,#6243,#6244,#6245,
#6246,#6247,#6248,#6249,#6250,#6251,#6252,#6253,#6254,#6255,#6256,#6257,
#6258,#6259,#6260,#6261,#6262,#6263,#6264,#6265,#6266,#6267,#6268,#6269,
#6270,#6271,#6272,#6273,#6274,#6275),.UNSPECIFIED.,.F.,.F.)
B_SPLINE_CURVE_WITH_KNOTS((6,1,1,1,1,1,1,1,1,1,1,1,1,1,1,1,1,1,1,1,1,1,
1,1,1,1,1,1,1,1,1,1,1,1,1,1,1,1,1,1,1,1,1,1,1,1,1,1,1,1,1,1,1,1,1,1,1,1,
1,1,1,1,1,1,1,1,1,1,1,1,6),(-1.,-0.985714285714284,-0.97142857142857,-0.957142857142856,
-0.942857142857141,-0.928571428571427,-0.914285714285713,-0.899999999999999,
-0.885714285714284,-0.87142857142857,-0.857142857142856,-0.842857142857142,
-0.828571428571428,-0.814285714285713,-0.799999999999999,-0.785714285714285,
-0.771428571428571,-0.757142857142856,-0.742857142857142,-0.728571428571428,
-0.714285714285714,-0.699999999999999,-0.685714285714285,-0.671428571428571,
-0.657142857142857,-0.642857142857142,-0.628571428571428,-0.614285714285714,
-0.6,-0.585714285714286,-0.571428571428571,-0.557142857142857,-0.542857142857143,
-0.528571428571429,-0.514285714285714,-0.5,-0.485714285714286,-0.471428571428572,
-0.457142857142857,-0.442857142857143,-0.428571428571429,-0.414285714285714,
-0.4,-0.385714285714286,-0.371428571428571,-0.357142857142857,-0.342857142857143,
-0.328571428571429,-0.314285714285714,-0.3,-0.285714285714286,-0.271428571428571,
-0.257142857142857,-0.242857142857143,-0.228571428571429,-0.214285714285714,
-0.2,-0.185714285714286,-0.171428571428571,-0.157142857142857,-0.142857142857143,
-0.128571428571429,-0.114285714285714,-0.1,-0.0857142857142857,-0.0714285714285714,
-0.0571428571428571,-0.0428571428571429,-0.0285714285714286,-0.0142857142857143,
0.),.UNSPECIFIED.)
CURVE()
GEOMETRIC_REPRESENTATION_ITEM()
RATIONAL_B_SPLINE_CURVE((1.,1.,1.,1.,1.,1.,1.,1.,1.,1.,1.,1.,1.,1.,1.,1.,
1.,1.,1.,1.,1.,1.,1.,1.,1.,1.,1.,1.,1.,1.,1.,1.,1.,1.,1.,1.,1.,1.,1.,1.,
1.,1.,1.,1.,1.,1.,1.,1.,1.,1.,1.,1.,1.,1.,1.,1.,1.,1.,1.,1.,1.,1.,1.,1.,
1.,1.,1.,1.,1.,1.,1.,1.,1.,1.,1.))
REPRESENTATION_ITEM('')
);
#39=(
BOUNDED_CURVE()
B_SPLINE_CURVE(5,(#6433,#6434,#6435,#6436,#6437,#6438,#6439,#6440,#6441,
#6442,#6443,#6444,#6445,#6446,#6447,#6448,#6449,#6450,#6451,#6452,#6453,
#6454,#6455,#6456,#6457,#6458,#6459,#6460,#6461,#6462,#6463,#6464,#6465,
#6466,#6467,#6468,#6469,#6470,#6471,#6472,#6473,#6474,#6475,#6476,#6477,
#6478,#6479,#6480,#6481,#6482,#6483,#6484,#6485,#6486,#6487,#6488,#6489,
#6490,#6491,#6492,#6493,#6494,#6495,#6496,#6497,#6498,#6499,#6500,#6501,
#6502,#6503,#6504,#6505,#6506,#6507),.UNSPECIFIED.,.F.,.F.)
B_SPLINE_CURVE_WITH_KNOTS((6,1,1,1,1,1,1,1,1,1,1,1,1,1,1,1,1,1,1,1,1,1,
1,1,1,1,1,1,1,1,1,1,1,1,1,1,1,1,1,1,1,1,1,1,1,1,1,1,1,1,1,1,1,1,1,1,1,1,
1,1,1,1,1,1,1,1,1,1,1,1,6),(0.,0.0142857142857143,0.0285714285714286,0.0428571428571429,
0.0571428571428571,0.0714285714285714,0.0857142857142857,0.1,0.114285714285714,
0.128571428571429,0.142857142857143,0.157142857142857,0.171428571428571,
0.185714285714286,0.2,0.214285714285714,0.228571428571429,0.242857142857143,
0.257142857142857,0.271428571428571,0.285714285714286,0.3,0.314285714285714,
0.328571428571429,0.342857142857143,0.357142857142857,0.371428571428571,
0.385714285714286,0.4,0.414285714285714,0.428571428571429,0.442857142857143,
0.457142857142857,0.471428571428572,0.485714285714286,0.5,0.514285714285714,
0.528571428571429,0.542857142857143,0.557142857142857,0.571428571428571,
0.585714285714286,0.6,0.614285714285714,0.628571428571428,0.642857142857142,
0.657142857142857,0.671428571428571,0.685714285714285,0.699999999999999,
0.714285714285714,0.728571428571428,0.742857142857142,0.757142857142856,
0.771428571428571,0.785714285714285,0.799999999999999,0.814285714285713,
0.828571428571428,0.842857142857142,0.857142857142856,0.87142857142857,
0.885714285714284,0.899999999999999,0.914285714285713,0.928571428571427,
0.942857142857141,0.957142857142856,0.97142857142857,0.985714285714284,
1.),.UNSPECIFIED.)
CURVE()
GEOMETRIC_REPRESENTATION_ITEM()
RATIONAL_B_SPLINE_CURVE((1.,1.,1.,1.,1.,1.,1.,1.,1.,1.,1.,1.,1.,1.,1.,1.,
1.,1.,1.,1.,1.,1.,1.,1.,1.,1.,1.,1.,1.,1.,1.,1.,1.,1.,1.,1.,1.,1.,1.,1.,
1.,1.,1.,1.,1.,1.,1.,1.,1.,1.,1.,1.,1.,1.,1.,1.,1.,1.,1.,1.,1.,1.,1.,1.,
1.,1.,1.,1.,1.,1.,1.,1.,1.,1.,1.))
REPRESENTATION_ITEM('')
);
#40=(
BOUNDED_CURVE()
B_SPLINE_CURVE(5,(#6508,#6509,#6510,#6511,#6512,#6513,#6514,#6515,#6516,
#6517,#6518,#6519,#6520,#6521,#6522,#6523,#6524,#6525,#6526,#6527,#6528,
#6529,#6530,#6531,#6532,#6533,#6534,#6535,#6536,#6537,#6538,#6539,#6540,
#6541,#6542,#6543,#6544,#6545,#6546,#6547,#6548,#6549,#6550,#6551,#6552,
#6553,#6554,#6555,#6556,#6557,#6558,#6559,#6560,#6561,#6562,#6563,#6564,
#6565,#6566,#6567,#6568,#6569,#6570,#6571,#6572,#6573,#6574,#6575,#6576,
#6577,#6578,#6579,#6580,#6581,#6582),.UNSPECIFIED.,.F.,.F.)
B_SPLINE_CURVE_WITH_KNOTS((6,1,1,1,1,1,1,1,1,1,1,1,1,1,1,1,1,1,1,1,1,1,
1,1,1,1,1,1,1,1,1,1,1,1,1,1,1,1,1,1,1,1,1,1,1,1,1,1,1,1,1,1,1,1,1,1,1,1,
1,1,1,1,1,1,1,1,1,1,1,1,6),(0.,0.0142857142857143,0.0285714285714286,0.0428571428571429,
0.0571428571428571,0.0714285714285714,0.0857142857142857,0.1,0.114285714285714,
0.128571428571429,0.142857142857143,0.157142857142857,0.171428571428571,
0.185714285714286,0.2,0.214285714285714,0.228571428571429,0.242857142857143,
0.257142857142857,0.271428571428571,0.285714285714286,0.3,0.314285714285714,
0.328571428571429,0.342857142857143,0.357142857142857,0.371428571428571,
0.385714285714286,0.4,0.414285714285714,0.428571428571429,0.442857142857143,
0.457142857142857,0.471428571428572,0.485714285714286,0.5,0.514285714285714,
0.528571428571429,0.542857142857143,0.557142857142857,0.571428571428571,
0.585714285714286,0.6,0.614285714285714,0.628571428571428,0.642857142857142,
0.657142857142857,0.671428571428571,0.685714285714285,0.699999999999999,
0.714285714285714,0.728571428571428,0.742857142857142,0.757142857142856,
0.771428571428571,0.785714285714285,0.799999999999999,0.814285714285713,
0.828571428571428,0.842857142857142,0.857142857142856,0.87142857142857,
0.885714285714284,0.899999999999999,0.914285714285713,0.928571428571427,
0.942857142857141,0.957142857142856,0.97142857142857,0.985714285714284,
1.),.UNSPECIFIED.)
CURVE()
GEOMETRIC_REPRESENTATION_ITEM()
RATIONAL_B_SPLINE_CURVE((1.,1.,1.,1.,1.,1.,1.,1.,1.,1.,1.,1.,1.,1.,1.,1.,
1.,1.,1.,1.,1.,1.,1.,1.,1.,1.,1.,1.,1.,1.,1.,1.,1.,1.,1.,1.,1.,1.,1.,1.,
1.,1.,1.,1.,1.,1.,1.,1.,1.,1.,1.,1.,1.,1.,1.,1.,1.,1.,1.,1.,1.,1.,1.,1.,
1.,1.,1.,1.,1.,1.,1.,1.,1.,1.,1.))
REPRESENTATION_ITEM('')
);
#41=(
BOUNDED_CURVE()
B_SPLINE_CURVE(5,(#6734,#6735,#6736,#6737,#6738,#6739,#6740,#6741,#6742,
#6743,#6744,#6745,#6746,#6747,#6748,#6749,#6750,#6751,#6752,#6753,#6754,
#6755,#6756,#6757,#6758,#6759,#6760,#6761,#6762,#6763,#6764,#6765,#6766,
#6767,#6768,#6769,#6770,#6771,#6772,#6773,#6774,#6775,#6776,#6777,#6778,
#6779,#6780,#6781,#6782,#6783,#6784,#6785,#6786,#6787,#6788,#6789,#6790,
#6791,#6792,#6793,#6794,#6795,#6796,#6797,#6798,#6799,#6800,#6801,#6802,
#6803,#6804,#6805,#6806,#6807,#6808),.UNSPECIFIED.,.F.,.F.)
B_SPLINE_CURVE_WITH_KNOTS((6,1,1,1,1,1,1,1,1,1,1,1,1,1,1,1,1,1,1,1,1,1,
1,1,1,1,1,1,1,1,1,1,1,1,1,1,1,1,1,1,1,1,1,1,1,1,1,1,1,1,1,1,1,1,1,1,1,1,
1,1,1,1,1,1,1,1,1,1,1,1,6),(0.,0.0142857142857143,0.0285714285714286,0.0428571428571429,
0.0571428571428571,0.0714285714285714,0.0857142857142857,0.1,0.114285714285714,
0.128571428571429,0.142857142857143,0.157142857142857,0.171428571428571,
0.185714285714286,0.2,0.214285714285714,0.228571428571429,0.242857142857143,
0.257142857142857,0.271428571428571,0.285714285714286,0.3,0.314285714285714,
0.328571428571429,0.342857142857143,0.357142857142857,0.371428571428571,
0.385714285714286,0.4,0.414285714285714,0.428571428571429,0.442857142857143,
0.457142857142857,0.471428571428572,0.485714285714286,0.5,0.514285714285714,
0.528571428571429,0.542857142857143,0.557142857142857,0.571428571428571,
0.585714285714286,0.6,0.614285714285714,0.628571428571428,0.642857142857142,
0.657142857142857,0.671428571428571,0.685714285714285,0.699999999999999,
0.714285714285714,0.728571428571428,0.742857142857142,0.757142857142856,
0.771428571428571,0.785714285714285,0.799999999999999,0.814285714285713,
0.828571428571428,0.842857142857142,0.857142857142856,0.87142857142857,
0.885714285714284,0.899999999999999,0.914285714285713,0.928571428571427,
0.942857142857141,0.957142857142856,0.97142857142857,0.985714285714284,
1.),.UNSPECIFIED.)
CURVE()
GEOMETRIC_REPRESENTATION_ITEM()
RATIONAL_B_SPLINE_CURVE((1.,1.,1.,1.,1.,1.,1.,1.,1.,1.,1.,1.,1.,1.,1.,1.,
1.,1.,1.,1.,1.,1.,1.,1.,1.,1.,1.,1.,1.,1.,1.,1.,1.,1.,1.,1.,1.,1.,1.,1.,
1.,1.,1.,1.,1.,1.,1.,1.,1.,1.,1.,1.,1.,1.,1.,1.,1.,1.,1.,1.,1.,1.,1.,1.,
1.,1.,1.,1.,1.,1.,1.,1.,1.,1.,1.))
REPRESENTATION_ITEM('')
);
#42=(
BOUNDED_CURVE()
B_SPLINE_CURVE(5,(#6810,#6811,#6812,#6813,#6814,#6815,#6816,#6817,#6818,
#6819,#6820,#6821,#6822,#6823,#6824,#6825,#6826,#6827,#6828,#6829,#6830,
#6831,#6832,#6833,#6834,#6835,#6836,#6837,#6838,#6839,#6840,#6841,#6842,
#6843,#6844,#6845,#6846,#6847,#6848,#6849,#6850,#6851,#6852,#6853,#6854,
#6855,#6856,#6857,#6858,#6859,#6860,#6861,#6862,#6863,#6864,#6865,#6866,
#6867,#6868,#6869,#6870,#6871,#6872,#6873,#6874,#6875,#6876,#6877,#6878,
#6879,#6880,#6881,#6882,#6883,#6884),.UNSPECIFIED.,.F.,.F.)
B_SPLINE_CURVE_WITH_KNOTS((6,1,1,1,1,1,1,1,1,1,1,1,1,1,1,1,1,1,1,1,1,1,
1,1,1,1,1,1,1,1,1,1,1,1,1,1,1,1,1,1,1,1,1,1,1,1,1,1,1,1,1,1,1,1,1,1,1,1,
1,1,1,1,1,1,1,1,1,1,1,1,6),(-1.,-0.985714285714284,-0.97142857142857,-0.957142857142856,
-0.942857142857141,-0.928571428571427,-0.914285714285713,-0.899999999999999,
-0.885714285714284,-0.87142857142857,-0.857142857142856,-0.842857142857142,
-0.828571428571428,-0.814285714285713,-0.799999999999999,-0.785714285714285,
-0.771428571428571,-0.757142857142856,-0.742857142857142,-0.728571428571428,
-0.714285714285714,-0.699999999999999,-0.685714285714285,-0.671428571428571,
-0.657142857142857,-0.642857142857142,-0.628571428571428,-0.614285714285714,
-0.6,-0.585714285714286,-0.571428571428571,-0.557142857142857,-0.542857142857143,
-0.528571428571429,-0.514285714285714,-0.5,-0.485714285714286,-0.471428571428572,
-0.457142857142857,-0.442857142857143,-0.428571428571429,-0.414285714285714,
-0.4,-0.385714285714286,-0.371428571428571,-0.357142857142857,-0.342857142857143,
-0.328571428571429,-0.314285714285714,-0.3,-0.285714285714286,-0.271428571428571,
-0.257142857142857,-0.242857142857143,-0.228571428571429,-0.214285714285714,
-0.2,-0.185714285714286,-0.171428571428571,-0.157142857142857,-0.142857142857143,
-0.128571428571429,-0.114285714285714,-0.1,-0.0857142857142857,-0.0714285714285714,
-0.0571428571428571,-0.0428571428571429,-0.0285714285714286,-0.0142857142857143,
0.),.UNSPECIFIED.)
CURVE()
GEOMETRIC_REPRESENTATION_ITEM()
RATIONAL_B_SPLINE_CURVE((1.,1.,1.,1.,1.,1.,1.,1.,1.,1.,1.,1.,1.,1.,1.,1.,
1.,1.,1.,1.,1.,1.,1.,1.,1.,1.,1.,1.,1.,1.,1.,1.,1.,1.,1.,1.,1.,1.,1.,1.,
1.,1.,1.,1.,1.,1.,1.,1.,1.,1.,1.,1.,1.,1.,1.,1.,1.,1.,1.,1.,1.,1.,1.,1.,
1.,1.,1.,1.,1.,1.,1.,1.,1.,1.,1.))
REPRESENTATION_ITEM('')
);
#43=(
BOUNDED_CURVE()
B_SPLINE_CURVE(5,(#7042,#7043,#7044,#7045,#7046,#7047,#7048,#7049,#7050,
#7051,#7052,#7053,#7054,#7055,#7056,#7057,#7058,#7059,#7060,#7061,#7062,
#7063,#7064,#7065,#7066,#7067,#7068,#7069,#7070,#7071,#7072,#7073,#7074,
#7075,#7076,#7077,#7078,#7079,#7080,#7081,#7082,#7083,#7084,#7085,#7086,
#7087,#7088,#7089,#7090,#7091,#7092,#7093,#7094,#7095,#7096,#7097,#7098,
#7099,#7100,#7101,#7102,#7103,#7104,#7105,#7106,#7107,#7108,#7109,#7110,
#7111,#7112,#7113,#7114,#7115,#7116),.UNSPECIFIED.,.F.,.F.)
B_SPLINE_CURVE_WITH_KNOTS((6,1,1,1,1,1,1,1,1,1,1,1,1,1,1,1,1,1,1,1,1,1,
1,1,1,1,1,1,1,1,1,1,1,1,1,1,1,1,1,1,1,1,1,1,1,1,1,1,1,1,1,1,1,1,1,1,1,1,
1,1,1,1,1,1,1,1,1,1,1,1,6),(0.,0.0142857142857143,0.0285714285714286,0.0428571428571429,
0.0571428571428571,0.0714285714285714,0.0857142857142857,0.1,0.114285714285714,
0.128571428571429,0.142857142857143,0.157142857142857,0.171428571428571,
0.185714285714286,0.2,0.214285714285714,0.228571428571429,0.242857142857143,
0.257142857142857,0.271428571428571,0.285714285714286,0.3,0.314285714285714,
0.328571428571429,0.342857142857143,0.357142857142857,0.371428571428571,
0.385714285714286,0.4,0.414285714285714,0.428571428571429,0.442857142857143,
0.457142857142857,0.471428571428572,0.485714285714286,0.5,0.514285714285714,
0.528571428571429,0.542857142857143,0.557142857142857,0.571428571428571,
0.585714285714286,0.6,0.614285714285714,0.628571428571428,0.642857142857142,
0.657142857142857,0.671428571428571,0.685714285714285,0.699999999999999,
0.714285714285714,0.728571428571428,0.742857142857142,0.757142857142856,
0.771428571428571,0.785714285714285,0.799999999999999,0.814285714285713,
0.828571428571428,0.842857142857142,0.857142857142856,0.87142857142857,
0.885714285714284,0.899999999999999,0.914285714285713,0.928571428571427,
0.942857142857141,0.957142857142856,0.97142857142857,0.985714285714284,
1.),.UNSPECIFIED.)
CURVE()
GEOMETRIC_REPRESENTATION_ITEM()
RATIONAL_B_SPLINE_CURVE((1.,1.,1.,1.,1.,1.,1.,1.,1.,1.,1.,1.,1.,1.,1.,1.,
1.,1.,1.,1.,1.,1.,1.,1.,1.,1.,1.,1.,1.,1.,1.,1.,1.,1.,1.,1.,1.,1.,1.,1.,
1.,1.,1.,1.,1.,1.,1.,1.,1.,1.,1.,1.,1.,1.,1.,1.,1.,1.,1.,1.,1.,1.,1.,1.,
1.,1.,1.,1.,1.,1.,1.,1.,1.,1.,1.))
REPRESENTATION_ITEM('')
);
#44=(
BOUNDED_CURVE()
B_SPLINE_CURVE(5,(#7117,#7118,#7119,#7120,#7121,#7122,#7123,#7124,#7125,
#7126,#7127,#7128,#7129,#7130,#7131,#7132,#7133,#7134,#7135,#7136,#7137,
#7138,#7139,#7140,#7141,#7142,#7143,#7144,#7145,#7146,#7147,#7148,#7149,
#7150,#7151,#7152,#7153,#7154,#7155,#7156,#7157,#7158,#7159,#7160,#7161,
#7162,#7163,#7164,#7165,#7166,#7167,#7168,#7169,#7170,#7171,#7172,#7173,
#7174,#7175,#7176,#7177,#7178,#7179,#7180,#7181,#7182,#7183,#7184,#7185,
#7186,#7187,#7188,#7189,#7190,#7191),.UNSPECIFIED.,.F.,.F.)
B_SPLINE_CURVE_WITH_KNOTS((6,1,1,1,1,1,1,1,1,1,1,1,1,1,1,1,1,1,1,1,1,1,
1,1,1,1,1,1,1,1,1,1,1,1,1,1,1,1,1,1,1,1,1,1,1,1,1,1,1,1,1,1,1,1,1,1,1,1,
1,1,1,1,1,1,1,1,1,1,1,1,6),(0.,0.0142857142857143,0.0285714285714286,0.0428571428571429,
0.0571428571428571,0.0714285714285714,0.0857142857142857,0.1,0.114285714285714,
0.128571428571429,0.142857142857143,0.157142857142857,0.171428571428571,
0.185714285714286,0.2,0.214285714285714,0.228571428571429,0.242857142857143,
0.257142857142857,0.271428571428571,0.285714285714286,0.3,0.314285714285714,
0.328571428571429,0.342857142857143,0.357142857142857,0.371428571428571,
0.385714285714286,0.4,0.414285714285714,0.428571428571429,0.442857142857143,
0.457142857142857,0.471428571428572,0.485714285714286,0.5,0.514285714285714,
0.528571428571429,0.542857142857143,0.557142857142857,0.571428571428571,
0.585714285714286,0.6,0.614285714285714,0.628571428571428,0.642857142857142,
0.657142857142857,0.671428571428571,0.685714285714285,0.699999999999999,
0.714285714285714,0.728571428571428,0.742857142857142,0.757142857142856,
0.771428571428571,0.785714285714285,0.799999999999999,0.814285714285713,
0.828571428571428,0.842857142857142,0.857142857142856,0.87142857142857,
0.885714285714284,0.899999999999999,0.914285714285713,0.928571428571427,
0.942857142857141,0.957142857142856,0.97142857142857,0.985714285714284,
1.),.UNSPECIFIED.)
CURVE()
GEOMETRIC_REPRESENTATION_ITEM()
RATIONAL_B_SPLINE_CURVE((1.,1.,1.,1.,1.,1.,1.,1.,1.,1.,1.,1.,1.,1.,1.,1.,
1.,1.,1.,1.,1.,1.,1.,1.,1.,1.,1.,1.,1.,1.,1.,1.,1.,1.,1.,1.,1.,1.,1.,1.,
1.,1.,1.,1.,1.,1.,1.,1.,1.,1.,1.,1.,1.,1.,1.,1.,1.,1.,1.,1.,1.,1.,1.,1.,
1.,1.,1.,1.,1.,1.,1.,1.,1.,1.,1.))
REPRESENTATION_ITEM('')
);
#45=(
BOUNDED_CURVE()
B_SPLINE_CURVE(5,(#7343,#7344,#7345,#7346,#7347,#7348,#7349,#7350,#7351,
#7352,#7353,#7354,#7355,#7356,#7357,#7358,#7359,#7360,#7361,#7362,#7363,
#7364,#7365,#7366,#7367,#7368,#7369,#7370,#7371,#7372,#7373,#7374,#7375,
#7376,#7377,#7378,#7379,#7380,#7381,#7382,#7383,#7384,#7385,#7386,#7387,
#7388,#7389,#7390,#7391,#7392,#7393,#7394,#7395,#7396,#7397,#7398,#7399,
#7400,#7401,#7402,#7403,#7404,#7405,#7406,#7407,#7408,#7409,#7410,#7411,
#7412,#7413,#7414,#7415,#7416,#7417),.UNSPECIFIED.,.F.,.F.)
B_SPLINE_CURVE_WITH_KNOTS((6,1,1,1,1,1,1,1,1,1,1,1,1,1,1,1,1,1,1,1,1,1,
1,1,1,1,1,1,1,1,1,1,1,1,1,1,1,1,1,1,1,1,1,1,1,1,1,1,1,1,1,1,1,1,1,1,1,1,
1,1,1,1,1,1,1,1,1,1,1,1,6),(0.,0.0142857142857143,0.0285714285714286,0.0428571428571429,
0.0571428571428571,0.0714285714285714,0.0857142857142857,0.1,0.114285714285714,
0.128571428571429,0.142857142857143,0.157142857142857,0.171428571428571,
0.185714285714286,0.2,0.214285714285714,0.228571428571429,0.242857142857143,
0.257142857142857,0.271428571428571,0.285714285714286,0.3,0.314285714285714,
0.328571428571429,0.342857142857143,0.357142857142857,0.371428571428571,
0.385714285714286,0.4,0.414285714285714,0.428571428571429,0.442857142857143,
0.457142857142857,0.471428571428572,0.485714285714286,0.5,0.514285714285714,
0.528571428571429,0.542857142857143,0.557142857142857,0.571428571428571,
0.585714285714286,0.6,0.614285714285714,0.628571428571428,0.642857142857142,
0.657142857142857,0.671428571428571,0.685714285714285,0.699999999999999,
0.714285714285714,0.728571428571428,0.742857142857142,0.757142857142856,
0.771428571428571,0.785714285714285,0.799999999999999,0.814285714285713,
0.828571428571428,0.842857142857142,0.857142857142856,0.87142857142857,
0.885714285714284,0.899999999999999,0.914285714285713,0.928571428571427,
0.942857142857141,0.957142857142856,0.97142857142857,0.985714285714284,
1.),.UNSPECIFIED.)
CURVE()
GEOMETRIC_REPRESENTATION_ITEM()
RATIONAL_B_SPLINE_CURVE((1.,1.,1.,1.,1.,1.,1.,1.,1.,1.,1.,1.,1.,1.,1.,1.,
1.,1.,1.,1.,1.,1.,1.,1.,1.,1.,1.,1.,1.,1.,1.,1.,1.,1.,1.,1.,1.,1.,1.,1.,
1.,1.,1.,1.,1.,1.,1.,1.,1.,1.,1.,1.,1.,1.,1.,1.,1.,1.,1.,1.,1.,1.,1.,1.,
1.,1.,1.,1.,1.,1.,1.,1.,1.,1.,1.))
REPRESENTATION_ITEM('')
);
#46=(
BOUNDED_CURVE()
B_SPLINE_CURVE(5,(#7419,#7420,#7421,#7422,#7423,#7424,#7425,#7426,#7427,
#7428,#7429,#7430,#7431,#7432,#7433,#7434,#7435,#7436,#7437,#7438,#7439,
#7440,#7441,#7442,#7443,#7444,#7445,#7446,#7447,#7448,#7449,#7450,#7451,
#7452,#7453,#7454,#7455,#7456,#7457,#7458,#7459,#7460,#7461,#7462,#7463,
#7464,#7465,#7466,#7467,#7468,#7469,#7470,#7471,#7472,#7473,#7474,#7475,
#7476,#7477,#7478,#7479,#7480,#7481,#7482,#7483,#7484,#7485,#7486,#7487,
#7488,#7489,#7490,#7491,#7492,#7493),.UNSPECIFIED.,.F.,.F.)
B_SPLINE_CURVE_WITH_KNOTS((6,1,1,1,1,1,1,1,1,1,1,1,1,1,1,1,1,1,1,1,1,1,
1,1,1,1,1,1,1,1,1,1,1,1,1,1,1,1,1,1,1,1,1,1,1,1,1,1,1,1,1,1,1,1,1,1,1,1,
1,1,1,1,1,1,1,1,1,1,1,1,6),(-1.,-0.985714285714284,-0.97142857142857,-0.957142857142856,
-0.942857142857141,-0.928571428571427,-0.914285714285713,-0.899999999999999,
-0.885714285714284,-0.87142857142857,-0.857142857142856,-0.842857142857142,
-0.828571428571428,-0.814285714285713,-0.799999999999999,-0.785714285714285,
-0.771428571428571,-0.757142857142856,-0.742857142857142,-0.728571428571428,
-0.714285714285714,-0.699999999999999,-0.685714285714285,-0.671428571428571,
-0.657142857142857,-0.642857142857142,-0.628571428571428,-0.614285714285714,
-0.6,-0.585714285714286,-0.571428571428571,-0.557142857142857,-0.542857142857143,
-0.528571428571429,-0.514285714285714,-0.5,-0.485714285714286,-0.471428571428572,
-0.457142857142857,-0.442857142857143,-0.428571428571429,-0.414285714285714,
-0.4,-0.385714285714286,-0.371428571428571,-0.357142857142857,-0.342857142857143,
-0.328571428571429,-0.314285714285714,-0.3,-0.285714285714286,-0.271428571428571,
-0.257142857142857,-0.242857142857143,-0.228571428571429,-0.214285714285714,
-0.2,-0.185714285714286,-0.171428571428571,-0.157142857142857,-0.142857142857143,
-0.128571428571429,-0.114285714285714,-0.1,-0.0857142857142857,-0.0714285714285714,
-0.0571428571428571,-0.0428571428571429,-0.0285714285714286,-0.0142857142857143,
0.),.UNSPECIFIED.)
CURVE()
GEOMETRIC_REPRESENTATION_ITEM()
RATIONAL_B_SPLINE_CURVE((1.,1.,1.,1.,1.,1.,1.,1.,1.,1.,1.,1.,1.,1.,1.,1.,
1.,1.,1.,1.,1.,1.,1.,1.,1.,1.,1.,1.,1.,1.,1.,1.,1.,1.,1.,1.,1.,1.,1.,1.,
1.,1.,1.,1.,1.,1.,1.,1.,1.,1.,1.,1.,1.,1.,1.,1.,1.,1.,1.,1.,1.,1.,1.,1.,
1.,1.,1.,1.,1.,1.,1.,1.,1.,1.,1.))
REPRESENTATION_ITEM('')
);
#47=(
BOUNDED_CURVE()
B_SPLINE_CURVE(5,(#7651,#7652,#7653,#7654,#7655,#7656,#7657,#7658,#7659,
#7660,#7661,#7662,#7663,#7664,#7665,#7666,#7667,#7668,#7669,#7670,#7671,
#7672,#7673,#7674,#7675,#7676,#7677,#7678,#7679,#7680,#7681,#7682,#7683,
#7684,#7685,#7686,#7687,#7688,#7689,#7690,#7691,#7692,#7693,#7694,#7695,
#7696,#7697,#7698,#7699,#7700,#7701,#7702,#7703,#7704,#7705,#7706,#7707,
#7708,#7709,#7710,#7711,#7712,#7713,#7714,#7715,#7716,#7717,#7718,#7719,
#7720,#7721,#7722,#7723,#7724,#7725),.UNSPECIFIED.,.F.,.F.)
B_SPLINE_CURVE_WITH_KNOTS((6,1,1,1,1,1,1,1,1,1,1,1,1,1,1,1,1,1,1,1,1,1,
1,1,1,1,1,1,1,1,1,1,1,1,1,1,1,1,1,1,1,1,1,1,1,1,1,1,1,1,1,1,1,1,1,1,1,1,
1,1,1,1,1,1,1,1,1,1,1,1,6),(0.,0.0142857142857143,0.0285714285714286,0.0428571428571429,
0.0571428571428571,0.0714285714285714,0.0857142857142857,0.1,0.114285714285714,
0.128571428571429,0.142857142857143,0.157142857142857,0.171428571428571,
0.185714285714286,0.2,0.214285714285714,0.228571428571429,0.242857142857143,
0.257142857142857,0.271428571428571,0.285714285714286,0.3,0.314285714285714,
0.328571428571429,0.342857142857143,0.357142857142857,0.371428571428571,
0.385714285714286,0.4,0.414285714285714,0.428571428571429,0.442857142857143,
0.457142857142857,0.471428571428572,0.485714285714286,0.5,0.514285714285714,
0.528571428571429,0.542857142857143,0.557142857142857,0.571428571428571,
0.585714285714286,0.6,0.614285714285714,0.628571428571428,0.642857142857142,
0.657142857142857,0.671428571428571,0.685714285714285,0.699999999999999,
0.714285714285714,0.728571428571428,0.742857142857142,0.757142857142856,
0.771428571428571,0.785714285714285,0.799999999999999,0.814285714285713,
0.828571428571428,0.842857142857142,0.857142857142856,0.87142857142857,
0.885714285714284,0.899999999999999,0.914285714285713,0.928571428571427,
0.942857142857141,0.957142857142856,0.97142857142857,0.985714285714284,
1.),.UNSPECIFIED.)
CURVE()
GEOMETRIC_REPRESENTATION_ITEM()
RATIONAL_B_SPLINE_CURVE((1.,1.,1.,1.,1.,1.,1.,1.,1.,1.,1.,1.,1.,1.,1.,1.,
1.,1.,1.,1.,1.,1.,1.,1.,1.,1.,1.,1.,1.,1.,1.,1.,1.,1.,1.,1.,1.,1.,1.,1.,
1.,1.,1.,1.,1.,1.,1.,1.,1.,1.,1.,1.,1.,1.,1.,1.,1.,1.,1.,1.,1.,1.,1.,1.,
1.,1.,1.,1.,1.,1.,1.,1.,1.,1.,1.))
REPRESENTATION_ITEM('')
);
#48=(
BOUNDED_CURVE()
B_SPLINE_CURVE(5,(#7726,#7727,#7728,#7729,#7730,#7731,#7732,#7733,#7734,
#7735,#7736,#7737,#7738,#7739,#7740,#7741,#7742,#7743,#7744,#7745,#7746,
#7747,#7748,#7749,#7750,#7751,#7752,#7753,#7754,#7755,#7756,#7757,#7758,
#7759,#7760,#7761,#7762,#7763,#7764,#7765,#7766,#7767,#7768,#7769,#7770,
#7771,#7772,#7773,#7774,#7775,#7776,#7777,#7778,#7779,#7780,#7781,#7782,
#7783,#7784,#7785,#7786,#7787,#7788,#7789,#7790,#7791,#7792,#7793,#7794,
#7795,#7796,#7797,#7798,#7799,#7800),.UNSPECIFIED.,.F.,.F.)
B_SPLINE_CURVE_WITH_KNOTS((6,1,1,1,1,1,1,1,1,1,1,1,1,1,1,1,1,1,1,1,1,1,
1,1,1,1,1,1,1,1,1,1,1,1,1,1,1,1,1,1,1,1,1,1,1,1,1,1,1,1,1,1,1,1,1,1,1,1,
1,1,1,1,1,1,1,1,1,1,1,1,6),(0.,0.0142857142857143,0.0285714285714286,0.0428571428571429,
0.0571428571428571,0.0714285714285714,0.0857142857142857,0.1,0.114285714285714,
0.128571428571429,0.142857142857143,0.157142857142857,0.171428571428571,
0.185714285714286,0.2,0.214285714285714,0.228571428571429,0.242857142857143,
0.257142857142857,0.271428571428571,0.285714285714286,0.3,0.314285714285714,
0.328571428571429,0.342857142857143,0.357142857142857,0.371428571428571,
0.385714285714286,0.4,0.414285714285714,0.428571428571429,0.442857142857143,
0.457142857142857,0.471428571428572,0.485714285714286,0.5,0.514285714285714,
0.528571428571429,0.542857142857143,0.557142857142857,0.571428571428571,
0.585714285714286,0.6,0.614285714285714,0.628571428571428,0.642857142857142,
0.657142857142857,0.671428571428571,0.685714285714285,0.699999999999999,
0.714285714285714,0.728571428571428,0.742857142857142,0.757142857142856,
0.771428571428571,0.785714285714285,0.799999999999999,0.814285714285713,
0.828571428571428,0.842857142857142,0.857142857142856,0.87142857142857,
0.885714285714284,0.899999999999999,0.914285714285713,0.928571428571427,
0.942857142857141,0.957142857142856,0.97142857142857,0.985714285714284,
1.),.UNSPECIFIED.)
CURVE()
GEOMETRIC_REPRESENTATION_ITEM()
RATIONAL_B_SPLINE_CURVE((1.,1.,1.,1.,1.,1.,1.,1.,1.,1.,1.,1.,1.,1.,1.,1.,
1.,1.,1.,1.,1.,1.,1.,1.,1.,1.,1.,1.,1.,1.,1.,1.,1.,1.,1.,1.,1.,1.,1.,1.,
1.,1.,1.,1.,1.,1.,1.,1.,1.,1.,1.,1.,1.,1.,1.,1.,1.,1.,1.,1.,1.,1.,1.,1.,
1.,1.,1.,1.,1.,1.,1.,1.,1.,1.,1.))
REPRESENTATION_ITEM('')
);
#49=(
BOUNDED_CURVE()
B_SPLINE_CURVE(5,(#7952,#7953,#7954,#7955,#7956,#7957,#7958,#7959,#7960,
#7961,#7962,#7963,#7964,#7965,#7966,#7967,#7968,#7969,#7970,#7971,#7972,
#7973,#7974,#7975,#7976,#7977,#7978,#7979,#7980,#7981,#7982,#7983,#7984,
#7985,#7986,#7987,#7988,#7989,#7990,#7991,#7992,#7993,#7994,#7995,#7996,
#7997,#7998,#7999,#8000,#8001,#8002,#8003,#8004,#8005,#8006,#8007,#8008,
#8009,#8010,#8011,#8012,#8013,#8014,#8015,#8016,#8017,#8018,#8019,#8020,
#8021,#8022,#8023,#8024,#8025,#8026),.UNSPECIFIED.,.F.,.F.)
B_SPLINE_CURVE_WITH_KNOTS((6,1,1,1,1,1,1,1,1,1,1,1,1,1,1,1,1,1,1,1,1,1,
1,1,1,1,1,1,1,1,1,1,1,1,1,1,1,1,1,1,1,1,1,1,1,1,1,1,1,1,1,1,1,1,1,1,1,1,
1,1,1,1,1,1,1,1,1,1,1,1,6),(0.,0.0142857142857143,0.0285714285714286,0.0428571428571429,
0.0571428571428571,0.0714285714285714,0.0857142857142857,0.1,0.114285714285714,
0.128571428571429,0.142857142857143,0.157142857142857,0.171428571428571,
0.185714285714286,0.2,0.214285714285714,0.228571428571429,0.242857142857143,
0.257142857142857,0.271428571428571,0.285714285714286,0.3,0.314285714285714,
0.328571428571429,0.342857142857143,0.357142857142857,0.371428571428571,
0.385714285714286,0.4,0.414285714285714,0.428571428571429,0.442857142857143,
0.457142857142857,0.471428571428572,0.485714285714286,0.5,0.514285714285714,
0.528571428571429,0.542857142857143,0.557142857142857,0.571428571428571,
0.585714285714286,0.6,0.614285714285714,0.628571428571428,0.642857142857142,
0.657142857142857,0.671428571428571,0.685714285714285,0.699999999999999,
0.714285714285714,0.728571428571428,0.742857142857142,0.757142857142856,
0.771428571428571,0.785714285714285,0.799999999999999,0.814285714285713,
0.828571428571428,0.842857142857142,0.857142857142856,0.87142857142857,
0.885714285714284,0.899999999999999,0.914285714285713,0.928571428571427,
0.942857142857141,0.957142857142856,0.97142857142857,0.985714285714284,
1.),.UNSPECIFIED.)
CURVE()
GEOMETRIC_REPRESENTATION_ITEM()
RATIONAL_B_SPLINE_CURVE((1.,1.,1.,1.,1.,1.,1.,1.,1.,1.,1.,1.,1.,1.,1.,1.,
1.,1.,1.,1.,1.,1.,1.,1.,1.,1.,1.,1.,1.,1.,1.,1.,1.,1.,1.,1.,1.,1.,1.,1.,
1.,1.,1.,1.,1.,1.,1.,1.,1.,1.,1.,1.,1.,1.,1.,1.,1.,1.,1.,1.,1.,1.,1.,1.,
1.,1.,1.,1.,1.,1.,1.,1.,1.,1.,1.))
REPRESENTATION_ITEM('')
);
#50=(
BOUNDED_CURVE()
B_SPLINE_CURVE(5,(#8028,#8029,#8030,#8031,#8032,#8033,#8034,#8035,#8036,
#8037,#8038,#8039,#8040,#8041,#8042,#8043,#8044,#8045,#8046,#8047,#8048,
#8049,#8050,#8051,#8052,#8053,#8054,#8055,#8056,#8057,#8058,#8059,#8060,
#8061,#8062,#8063,#8064,#8065,#8066,#8067,#8068,#8069,#8070,#8071,#8072,
#8073,#8074,#8075,#8076,#8077,#8078,#8079,#8080,#8081,#8082,#8083,#8084,
#8085,#8086,#8087,#8088,#8089,#8090,#8091,#8092,#8093,#8094,#8095,#8096,
#8097,#8098,#8099,#8100,#8101,#8102),.UNSPECIFIED.,.F.,.F.)
B_SPLINE_CURVE_WITH_KNOTS((6,1,1,1,1,1,1,1,1,1,1,1,1,1,1,1,1,1,1,1,1,1,
1,1,1,1,1,1,1,1,1,1,1,1,1,1,1,1,1,1,1,1,1,1,1,1,1,1,1,1,1,1,1,1,1,1,1,1,
1,1,1,1,1,1,1,1,1,1,1,1,6),(-1.,-0.985714285714284,-0.97142857142857,-0.957142857142856,
-0.942857142857141,-0.928571428571427,-0.914285714285713,-0.899999999999999,
-0.885714285714284,-0.87142857142857,-0.857142857142856,-0.842857142857142,
-0.828571428571428,-0.814285714285713,-0.799999999999999,-0.785714285714285,
-0.771428571428571,-0.757142857142856,-0.742857142857142,-0.728571428571428,
-0.714285714285714,-0.699999999999999,-0.685714285714285,-0.671428571428571,
-0.657142857142857,-0.642857142857142,-0.628571428571428,-0.614285714285714,
-0.6,-0.585714285714286,-0.571428571428571,-0.557142857142857,-0.542857142857143,
-0.528571428571429,-0.514285714285714,-0.5,-0.485714285714286,-0.471428571428572,
-0.457142857142857,-0.442857142857143,-0.428571428571429,-0.414285714285714,
-0.4,-0.385714285714286,-0.371428571428571,-0.357142857142857,-0.342857142857143,
-0.328571428571429,-0.314285714285714,-0.3,-0.285714285714286,-0.271428571428571,
-0.257142857142857,-0.242857142857143,-0.228571428571429,-0.214285714285714,
-0.2,-0.185714285714286,-0.171428571428571,-0.157142857142857,-0.142857142857143,
-0.128571428571429,-0.114285714285714,-0.1,-0.0857142857142857,-0.0714285714285714,
-0.0571428571428571,-0.0428571428571429,-0.0285714285714286,-0.0142857142857143,
0.),.UNSPECIFIED.)
CURVE()
GEOMETRIC_REPRESENTATION_ITEM()
RATIONAL_B_SPLINE_CURVE((1.,1.,1.,1.,1.,1.,1.,1.,1.,1.,1.,1.,1.,1.,1.,1.,
1.,1.,1.,1.,1.,1.,1.,1.,1.,1.,1.,1.,1.,1.,1.,1.,1.,1.,1.,1.,1.,1.,1.,1.,
1.,1.,1.,1.,1.,1.,1.,1.,1.,1.,1.,1.,1.,1.,1.,1.,1.,1.,1.,1.,1.,1.,1.,1.,
1.,1.,1.,1.,1.,1.,1.,1.,1.,1.,1.))
REPRESENTATION_ITEM('')
);
#51=(
BOUNDED_CURVE()
B_SPLINE_CURVE(5,(#8260,#8261,#8262,#8263,#8264,#8265,#8266,#8267,#8268,
#8269,#8270,#8271,#8272,#8273,#8274,#8275,#8276,#8277,#8278,#8279,#8280,
#8281,#8282,#8283,#8284,#8285,#8286,#8287,#8288,#8289,#8290,#8291,#8292,
#8293,#8294,#8295,#8296,#8297,#8298,#8299,#8300,#8301,#8302,#8303,#8304,
#8305,#8306,#8307,#8308,#8309,#8310,#8311,#8312,#8313,#8314,#8315,#8316,
#8317,#8318,#8319,#8320,#8321,#8322,#8323,#8324,#8325,#8326,#8327,#8328,
#8329,#8330,#8331,#8332,#8333,#8334),.UNSPECIFIED.,.F.,.F.)
B_SPLINE_CURVE_WITH_KNOTS((6,1,1,1,1,1,1,1,1,1,1,1,1,1,1,1,1,1,1,1,1,1,
1,1,1,1,1,1,1,1,1,1,1,1,1,1,1,1,1,1,1,1,1,1,1,1,1,1,1,1,1,1,1,1,1,1,1,1,
1,1,1,1,1,1,1,1,1,1,1,1,6),(0.,0.0142857142857143,0.0285714285714286,0.0428571428571429,
0.0571428571428571,0.0714285714285714,0.0857142857142857,0.1,0.114285714285714,
0.128571428571429,0.142857142857143,0.157142857142857,0.171428571428571,
0.185714285714286,0.2,0.214285714285714,0.228571428571429,0.242857142857143,
0.257142857142857,0.271428571428571,0.285714285714286,0.3,0.314285714285714,
0.328571428571429,0.342857142857143,0.357142857142857,0.371428571428571,
0.385714285714286,0.4,0.414285714285714,0.428571428571429,0.442857142857143,
0.457142857142857,0.471428571428572,0.485714285714286,0.5,0.514285714285714,
0.528571428571429,0.542857142857143,0.557142857142857,0.571428571428571,
0.585714285714286,0.6,0.614285714285714,0.628571428571428,0.642857142857142,
0.657142857142857,0.671428571428571,0.685714285714285,0.699999999999999,
0.714285714285714,0.728571428571428,0.742857142857142,0.757142857142856,
0.771428571428571,0.785714285714285,0.799999999999999,0.814285714285713,
0.828571428571428,0.842857142857142,0.857142857142856,0.87142857142857,
0.885714285714284,0.899999999999999,0.914285714285713,0.928571428571427,
0.942857142857141,0.957142857142856,0.97142857142857,0.985714285714284,
1.),.UNSPECIFIED.)
CURVE()
GEOMETRIC_REPRESENTATION_ITEM()
RATIONAL_B_SPLINE_CURVE((1.,1.,1.,1.,1.,1.,1.,1.,1.,1.,1.,1.,1.,1.,1.,1.,
1.,1.,1.,1.,1.,1.,1.,1.,1.,1.,1.,1.,1.,1.,1.,1.,1.,1.,1.,1.,1.,1.,1.,1.,
1.,1.,1.,1.,1.,1.,1.,1.,1.,1.,1.,1.,1.,1.,1.,1.,1.,1.,1.,1.,1.,1.,1.,1.,
1.,1.,1.,1.,1.,1.,1.,1.,1.,1.,1.))
REPRESENTATION_ITEM('')
);
#52=(
BOUNDED_CURVE()
B_SPLINE_CURVE(5,(#8335,#8336,#8337,#8338,#8339,#8340,#8341,#8342,#8343,
#8344,#8345,#8346,#8347,#8348,#8349,#8350,#8351,#8352,#8353,#8354,#8355,
#8356,#8357,#8358,#8359,#8360,#8361,#8362,#8363,#8364,#8365,#8366,#8367,
#8368,#8369,#8370,#8371,#8372,#8373,#8374,#8375,#8376,#8377,#8378,#8379,
#8380,#8381,#8382,#8383,#8384,#8385,#8386,#8387,#8388,#8389,#8390,#8391,
#8392,#8393,#8394,#8395,#8396,#8397,#8398,#8399,#8400,#8401,#8402,#8403,
#8404,#8405,#8406,#8407,#8408,#8409),.UNSPECIFIED.,.F.,.F.)
B_SPLINE_CURVE_WITH_KNOTS((6,1,1,1,1,1,1,1,1,1,1,1,1,1,1,1,1,1,1,1,1,1,
1,1,1,1,1,1,1,1,1,1,1,1,1,1,1,1,1,1,1,1,1,1,1,1,1,1,1,1,1,1,1,1,1,1,1,1,
1,1,1,1,1,1,1,1,1,1,1,1,6),(0.,0.0142857142857143,0.0285714285714286,0.0428571428571429,
0.0571428571428571,0.0714285714285714,0.0857142857142857,0.1,0.114285714285714,
0.128571428571429,0.142857142857143,0.157142857142857,0.171428571428571,
0.185714285714286,0.2,0.214285714285714,0.228571428571429,0.242857142857143,
0.257142857142857,0.271428571428571,0.285714285714286,0.3,0.314285714285714,
0.328571428571429,0.342857142857143,0.357142857142857,0.371428571428571,
0.385714285714286,0.4,0.414285714285714,0.428571428571429,0.442857142857143,
0.457142857142857,0.471428571428572,0.485714285714286,0.5,0.514285714285714,
0.528571428571429,0.542857142857143,0.557142857142857,0.571428571428571,
0.585714285714286,0.6,0.614285714285714,0.628571428571428,0.642857142857142,
0.657142857142857,0.671428571428571,0.685714285714285,0.699999999999999,
0.714285714285714,0.728571428571428,0.742857142857142,0.757142857142856,
0.771428571428571,0.785714285714285,0.799999999999999,0.814285714285713,
0.828571428571428,0.842857142857142,0.857142857142856,0.87142857142857,
0.885714285714284,0.899999999999999,0.914285714285713,0.928571428571427,
0.942857142857141,0.957142857142856,0.97142857142857,0.985714285714284,
1.),.UNSPECIFIED.)
CURVE()
GEOMETRIC_REPRESENTATION_ITEM()
RATIONAL_B_SPLINE_CURVE((1.,1.,1.,1.,1.,1.,1.,1.,1.,1.,1.,1.,1.,1.,1.,1.,
1.,1.,1.,1.,1.,1.,1.,1.,1.,1.,1.,1.,1.,1.,1.,1.,1.,1.,1.,1.,1.,1.,1.,1.,
1.,1.,1.,1.,1.,1.,1.,1.,1.,1.,1.,1.,1.,1.,1.,1.,1.,1.,1.,1.,1.,1.,1.,1.,
1.,1.,1.,1.,1.,1.,1.,1.,1.,1.,1.))
REPRESENTATION_ITEM('')
);
#53=(
BOUNDED_CURVE()
B_SPLINE_CURVE(5,(#8561,#8562,#8563,#8564,#8565,#8566,#8567,#8568,#8569,
#8570,#8571,#8572,#8573,#8574,#8575,#8576,#8577,#8578,#8579,#8580,#8581,
#8582,#8583,#8584,#8585,#8586,#8587,#8588,#8589,#8590,#8591,#8592,#8593,
#8594,#8595,#8596,#8597,#8598,#8599,#8600,#8601,#8602,#8603,#8604,#8605,
#8606,#8607,#8608,#8609,#8610,#8611,#8612,#8613,#8614,#8615,#8616,#8617,
#8618,#8619,#8620,#8621,#8622,#8623,#8624,#8625,#8626,#8627,#8628,#8629,
#8630,#8631,#8632,#8633,#8634,#8635),.UNSPECIFIED.,.F.,.F.)
B_SPLINE_CURVE_WITH_KNOTS((6,1,1,1,1,1,1,1,1,1,1,1,1,1,1,1,1,1,1,1,1,1,
1,1,1,1,1,1,1,1,1,1,1,1,1,1,1,1,1,1,1,1,1,1,1,1,1,1,1,1,1,1,1,1,1,1,1,1,
1,1,1,1,1,1,1,1,1,1,1,1,6),(0.,0.0142857142857143,0.0285714285714286,0.0428571428571429,
0.0571428571428571,0.0714285714285714,0.0857142857142857,0.1,0.114285714285714,
0.128571428571429,0.142857142857143,0.157142857142857,0.171428571428571,
0.185714285714286,0.2,0.214285714285714,0.228571428571429,0.242857142857143,
0.257142857142857,0.271428571428571,0.285714285714286,0.3,0.314285714285714,
0.328571428571429,0.342857142857143,0.357142857142857,0.371428571428571,
0.385714285714286,0.4,0.414285714285714,0.428571428571429,0.442857142857143,
0.457142857142857,0.471428571428572,0.485714285714286,0.5,0.514285714285714,
0.528571428571429,0.542857142857143,0.557142857142857,0.571428571428571,
0.585714285714286,0.6,0.614285714285714,0.628571428571428,0.642857142857142,
0.657142857142857,0.671428571428571,0.685714285714285,0.699999999999999,
0.714285714285714,0.728571428571428,0.742857142857142,0.757142857142856,
0.771428571428571,0.785714285714285,0.799999999999999,0.814285714285713,
0.828571428571428,0.842857142857142,0.857142857142856,0.87142857142857,
0.885714285714284,0.899999999999999,0.914285714285713,0.928571428571427,
0.942857142857141,0.957142857142856,0.97142857142857,0.985714285714284,
1.),.UNSPECIFIED.)
CURVE()
GEOMETRIC_REPRESENTATION_ITEM()
RATIONAL_B_SPLINE_CURVE((1.,1.,1.,1.,1.,1.,1.,1.,1.,1.,1.,1.,1.,1.,1.,1.,
1.,1.,1.,1.,1.,1.,1.,1.,1.,1.,1.,1.,1.,1.,1.,1.,1.,1.,1.,1.,1.,1.,1.,1.,
1.,1.,1.,1.,1.,1.,1.,1.,1.,1.,1.,1.,1.,1.,1.,1.,1.,1.,1.,1.,1.,1.,1.,1.,
1.,1.,1.,1.,1.,1.,1.,1.,1.,1.,1.))
REPRESENTATION_ITEM('')
);
#54=(
BOUNDED_CURVE()
B_SPLINE_CURVE(5,(#8637,#8638,#8639,#8640,#8641,#8642,#8643,#8644,#8645,
#8646,#8647,#8648,#8649,#8650,#8651,#8652,#8653,#8654,#8655,#8656,#8657,
#8658,#8659,#8660,#8661,#8662,#8663,#8664,#8665,#8666,#8667,#8668,#8669,
#8670,#8671,#8672,#8673,#8674,#8675,#8676,#8677,#8678,#8679,#8680,#8681,
#8682,#8683,#8684,#8685,#8686,#8687,#8688,#8689,#8690,#8691,#8692,#8693,
#8694,#8695,#8696,#8697,#8698,#8699,#8700,#8701,#8702,#8703,#8704,#8705,
#8706,#8707,#8708,#8709,#8710,#8711),.UNSPECIFIED.,.F.,.F.)
B_SPLINE_CURVE_WITH_KNOTS((6,1,1,1,1,1,1,1,1,1,1,1,1,1,1,1,1,1,1,1,1,1,
1,1,1,1,1,1,1,1,1,1,1,1,1,1,1,1,1,1,1,1,1,1,1,1,1,1,1,1,1,1,1,1,1,1,1,1,
1,1,1,1,1,1,1,1,1,1,1,1,6),(-1.,-0.985714285714284,-0.97142857142857,-0.957142857142856,
-0.942857142857141,-0.928571428571427,-0.914285714285713,-0.899999999999999,
-0.885714285714284,-0.87142857142857,-0.857142857142856,-0.842857142857142,
-0.828571428571428,-0.814285714285713,-0.799999999999999,-0.785714285714285,
-0.771428571428571,-0.757142857142856,-0.742857142857142,-0.728571428571428,
-0.714285714285714,-0.699999999999999,-0.685714285714285,-0.671428571428571,
-0.657142857142857,-0.642857142857142,-0.628571428571428,-0.614285714285714,
-0.6,-0.585714285714286,-0.571428571428571,-0.557142857142857,-0.542857142857143,
-0.528571428571429,-0.514285714285714,-0.5,-0.485714285714286,-0.471428571428572,
-0.457142857142857,-0.442857142857143,-0.428571428571429,-0.414285714285714,
-0.4,-0.385714285714286,-0.371428571428571,-0.357142857142857,-0.342857142857143,
-0.328571428571429,-0.314285714285714,-0.3,-0.285714285714286,-0.271428571428571,
-0.257142857142857,-0.242857142857143,-0.228571428571429,-0.214285714285714,
-0.2,-0.185714285714286,-0.171428571428571,-0.157142857142857,-0.142857142857143,
-0.128571428571429,-0.114285714285714,-0.1,-0.0857142857142857,-0.0714285714285714,
-0.0571428571428571,-0.0428571428571429,-0.0285714285714286,-0.0142857142857143,
0.),.UNSPECIFIED.)
CURVE()
GEOMETRIC_REPRESENTATION_ITEM()
RATIONAL_B_SPLINE_CURVE((1.,1.,1.,1.,1.,1.,1.,1.,1.,1.,1.,1.,1.,1.,1.,1.,
1.,1.,1.,1.,1.,1.,1.,1.,1.,1.,1.,1.,1.,1.,1.,1.,1.,1.,1.,1.,1.,1.,1.,1.,
1.,1.,1.,1.,1.,1.,1.,1.,1.,1.,1.,1.,1.,1.,1.,1.,1.,1.,1.,1.,1.,1.,1.,1.,
1.,1.,1.,1.,1.,1.,1.,1.,1.,1.,1.))
REPRESENTATION_ITEM('')
);
#55=(
BOUNDED_CURVE()
B_SPLINE_CURVE(5,(#8869,#8870,#8871,#8872,#8873,#8874,#8875,#8876,#8877,
#8878,#8879,#8880,#8881,#8882,#8883,#8884,#8885,#8886,#8887,#8888,#8889,
#8890,#8891,#8892,#8893,#8894,#8895,#8896,#8897,#8898,#8899,#8900,#8901,
#8902,#8903,#8904,#8905,#8906,#8907,#8908,#8909,#8910,#8911,#8912,#8913,
#8914,#8915,#8916,#8917,#8918,#8919,#8920,#8921,#8922,#8923,#8924,#8925,
#8926,#8927,#8928,#8929,#8930,#8931,#8932,#8933,#8934,#8935,#8936,#8937,
#8938,#8939,#8940,#8941,#8942,#8943),.UNSPECIFIED.,.F.,.F.)
B_SPLINE_CURVE_WITH_KNOTS((6,1,1,1,1,1,1,1,1,1,1,1,1,1,1,1,1,1,1,1,1,1,
1,1,1,1,1,1,1,1,1,1,1,1,1,1,1,1,1,1,1,1,1,1,1,1,1,1,1,1,1,1,1,1,1,1,1,1,
1,1,1,1,1,1,1,1,1,1,1,1,6),(0.,0.0142857142857143,0.0285714285714286,0.0428571428571429,
0.0571428571428571,0.0714285714285714,0.0857142857142857,0.1,0.114285714285714,
0.128571428571429,0.142857142857143,0.157142857142857,0.171428571428571,
0.185714285714286,0.2,0.214285714285714,0.228571428571429,0.242857142857143,
0.257142857142857,0.271428571428571,0.285714285714286,0.3,0.314285714285714,
0.328571428571429,0.342857142857143,0.357142857142857,0.371428571428571,
0.385714285714286,0.4,0.414285714285714,0.428571428571429,0.442857142857143,
0.457142857142857,0.471428571428572,0.485714285714286,0.5,0.514285714285714,
0.528571428571429,0.542857142857143,0.557142857142857,0.571428571428571,
0.585714285714286,0.6,0.614285714285714,0.628571428571428,0.642857142857142,
0.657142857142857,0.671428571428571,0.685714285714285,0.699999999999999,
0.714285714285714,0.728571428571428,0.742857142857142,0.757142857142856,
0.771428571428571,0.785714285714285,0.799999999999999,0.814285714285713,
0.828571428571428,0.842857142857142,0.857142857142856,0.87142857142857,
0.885714285714284,0.899999999999999,0.914285714285713,0.928571428571427,
0.942857142857141,0.957142857142856,0.97142857142857,0.985714285714284,
1.),.UNSPECIFIED.)
CURVE()
GEOMETRIC_REPRESENTATION_ITEM()
RATIONAL_B_SPLINE_CURVE((1.,1.,1.,1.,1.,1.,1.,1.,1.,1.,1.,1.,1.,1.,1.,1.,
1.,1.,1.,1.,1.,1.,1.,1.,1.,1.,1.,1.,1.,1.,1.,1.,1.,1.,1.,1.,1.,1.,1.,1.,
1.,1.,1.,1.,1.,1.,1.,1.,1.,1.,1.,1.,1.,1.,1.,1.,1.,1.,1.,1.,1.,1.,1.,1.,
1.,1.,1.,1.,1.,1.,1.,1.,1.,1.,1.))
REPRESENTATION_ITEM('')
);
#56=(
BOUNDED_CURVE()
B_SPLINE_CURVE(5,(#8944,#8945,#8946,#8947,#8948,#8949,#8950,#8951,#8952,
#8953,#8954,#8955,#8956,#8957,#8958,#8959,#8960,#8961,#8962,#8963,#8964,
#8965,#8966,#8967,#8968,#8969,#8970,#8971,#8972,#8973,#8974,#8975,#8976,
#8977,#8978,#8979,#8980,#8981,#8982,#8983,#8984,#8985,#8986,#8987,#8988,
#8989,#8990,#8991,#8992,#8993,#8994,#8995,#8996,#8997,#8998,#8999,#9000,
#9001,#9002,#9003,#9004,#9005,#9006,#9007,#9008,#9009,#9010,#9011,#9012,
#9013,#9014,#9015,#9016,#9017,#9018),.UNSPECIFIED.,.F.,.F.)
B_SPLINE_CURVE_WITH_KNOTS((6,1,1,1,1,1,1,1,1,1,1,1,1,1,1,1,1,1,1,1,1,1,
1,1,1,1,1,1,1,1,1,1,1,1,1,1,1,1,1,1,1,1,1,1,1,1,1,1,1,1,1,1,1,1,1,1,1,1,
1,1,1,1,1,1,1,1,1,1,1,1,6),(0.,0.0142857142857143,0.0285714285714286,0.0428571428571429,
0.0571428571428571,0.0714285714285714,0.0857142857142857,0.1,0.114285714285714,
0.128571428571429,0.142857142857143,0.157142857142857,0.171428571428571,
0.185714285714286,0.2,0.214285714285714,0.228571428571429,0.242857142857143,
0.257142857142857,0.271428571428571,0.285714285714286,0.3,0.314285714285714,
0.328571428571429,0.342857142857143,0.357142857142857,0.371428571428571,
0.385714285714286,0.4,0.414285714285714,0.428571428571429,0.442857142857143,
0.457142857142857,0.471428571428572,0.485714285714286,0.5,0.514285714285714,
0.528571428571429,0.542857142857143,0.557142857142857,0.571428571428571,
0.585714285714286,0.6,0.614285714285714,0.628571428571428,0.642857142857142,
0.657142857142857,0.671428571428571,0.685714285714285,0.699999999999999,
0.714285714285714,0.728571428571428,0.742857142857142,0.757142857142856,
0.771428571428571,0.785714285714285,0.799999999999999,0.814285714285713,
0.828571428571428,0.842857142857142,0.857142857142856,0.87142857142857,
0.885714285714284,0.899999999999999,0.914285714285713,0.928571428571427,
0.942857142857141,0.957142857142856,0.97142857142857,0.985714285714284,
1.),.UNSPECIFIED.)
CURVE()
GEOMETRIC_REPRESENTATION_ITEM()
RATIONAL_B_SPLINE_CURVE((1.,1.,1.,1.,1.,1.,1.,1.,1.,1.,1.,1.,1.,1.,1.,1.,
1.,1.,1.,1.,1.,1.,1.,1.,1.,1.,1.,1.,1.,1.,1.,1.,1.,1.,1.,1.,1.,1.,1.,1.,
1.,1.,1.,1.,1.,1.,1.,1.,1.,1.,1.,1.,1.,1.,1.,1.,1.,1.,1.,1.,1.,1.,1.,1.,
1.,1.,1.,1.,1.,1.,1.,1.,1.,1.,1.))
REPRESENTATION_ITEM('')
);
#57=(
BOUNDED_CURVE()
B_SPLINE_CURVE(5,(#9170,#9171,#9172,#9173,#9174,#9175,#9176,#9177,#9178,
#9179,#9180,#9181,#9182,#9183,#9184,#9185,#9186,#9187,#9188,#9189,#9190,
#9191,#9192,#9193,#9194,#9195,#9196,#9197,#9198,#9199,#9200,#9201,#9202,
#9203,#9204,#9205,#9206,#9207,#9208,#9209,#9210,#9211,#9212,#9213,#9214,
#9215,#9216,#9217,#9218,#9219,#9220,#9221,#9222,#9223,#9224,#9225,#9226,
#9227,#9228,#9229,#9230,#9231,#9232,#9233,#9234,#9235,#9236,#9237,#9238,
#9239,#9240,#9241,#9242,#9243,#9244),.UNSPECIFIED.,.F.,.F.)
B_SPLINE_CURVE_WITH_KNOTS((6,1,1,1,1,1,1,1,1,1,1,1,1,1,1,1,1,1,1,1,1,1,
1,1,1,1,1,1,1,1,1,1,1,1,1,1,1,1,1,1,1,1,1,1,1,1,1,1,1,1,1,1,1,1,1,1,1,1,
1,1,1,1,1,1,1,1,1,1,1,1,6),(0.,0.0142857142857143,0.0285714285714286,0.0428571428571429,
0.0571428571428571,0.0714285714285714,0.0857142857142857,0.1,0.114285714285714,
0.128571428571429,0.142857142857143,0.157142857142857,0.171428571428571,
0.185714285714286,0.2,0.214285714285714,0.228571428571429,0.242857142857143,
0.257142857142857,0.271428571428571,0.285714285714286,0.3,0.314285714285714,
0.328571428571429,0.342857142857143,0.357142857142857,0.371428571428571,
0.385714285714286,0.4,0.414285714285714,0.428571428571429,0.442857142857143,
0.457142857142857,0.471428571428572,0.485714285714286,0.5,0.514285714285714,
0.528571428571429,0.542857142857143,0.557142857142857,0.571428571428571,
0.585714285714286,0.6,0.614285714285714,0.628571428571428,0.642857142857142,
0.657142857142857,0.671428571428571,0.685714285714285,0.699999999999999,
0.714285714285714,0.728571428571428,0.742857142857142,0.757142857142856,
0.771428571428571,0.785714285714285,0.799999999999999,0.814285714285713,
0.828571428571428,0.842857142857142,0.857142857142856,0.87142857142857,
0.885714285714284,0.899999999999999,0.914285714285713,0.928571428571427,
0.942857142857141,0.957142857142856,0.97142857142857,0.985714285714284,
1.),.UNSPECIFIED.)
CURVE()
GEOMETRIC_REPRESENTATION_ITEM()
RATIONAL_B_SPLINE_CURVE((1.,1.,1.,1.,1.,1.,1.,1.,1.,1.,1.,1.,1.,1.,1.,1.,
1.,1.,1.,1.,1.,1.,1.,1.,1.,1.,1.,1.,1.,1.,1.,1.,1.,1.,1.,1.,1.,1.,1.,1.,
1.,1.,1.,1.,1.,1.,1.,1.,1.,1.,1.,1.,1.,1.,1.,1.,1.,1.,1.,1.,1.,1.,1.,1.,
1.,1.,1.,1.,1.,1.,1.,1.,1.,1.,1.))
REPRESENTATION_ITEM('')
);
#58=(
BOUNDED_CURVE()
B_SPLINE_CURVE(5,(#9246,#9247,#9248,#9249,#9250,#9251,#9252,#9253,#9254,
#9255,#9256,#9257,#9258,#9259,#9260,#9261,#9262,#9263,#9264,#9265,#9266,
#9267,#9268,#9269,#9270,#9271,#9272,#9273,#9274,#9275,#9276,#9277,#9278,
#9279,#9280,#9281,#9282,#9283,#9284,#9285,#9286,#9287,#9288,#9289,#9290,
#9291,#9292,#9293,#9294,#9295,#9296,#9297,#9298,#9299,#9300,#9301,#9302,
#9303,#9304,#9305,#9306,#9307,#9308,#9309,#9310,#9311,#9312,#9313,#9314,
#9315,#9316,#9317,#9318,#9319,#9320),.UNSPECIFIED.,.F.,.F.)
B_SPLINE_CURVE_WITH_KNOTS((6,1,1,1,1,1,1,1,1,1,1,1,1,1,1,1,1,1,1,1,1,1,
1,1,1,1,1,1,1,1,1,1,1,1,1,1,1,1,1,1,1,1,1,1,1,1,1,1,1,1,1,1,1,1,1,1,1,1,
1,1,1,1,1,1,1,1,1,1,1,1,6),(-1.,-0.985714285714284,-0.97142857142857,-0.957142857142856,
-0.942857142857141,-0.928571428571427,-0.914285714285713,-0.899999999999999,
-0.885714285714284,-0.87142857142857,-0.857142857142856,-0.842857142857142,
-0.828571428571428,-0.814285714285713,-0.799999999999999,-0.785714285714285,
-0.771428571428571,-0.757142857142856,-0.742857142857142,-0.728571428571428,
-0.714285714285714,-0.699999999999999,-0.685714285714285,-0.671428571428571,
-0.657142857142857,-0.642857142857142,-0.628571428571428,-0.614285714285714,
-0.6,-0.585714285714286,-0.571428571428571,-0.557142857142857,-0.542857142857143,
-0.528571428571429,-0.514285714285714,-0.5,-0.485714285714286,-0.471428571428572,
-0.457142857142857,-0.442857142857143,-0.428571428571429,-0.414285714285714,
-0.4,-0.385714285714286,-0.371428571428571,-0.357142857142857,-0.342857142857143,
-0.328571428571429,-0.314285714285714,-0.3,-0.285714285714286,-0.271428571428571,
-0.257142857142857,-0.242857142857143,-0.228571428571429,-0.214285714285714,
-0.2,-0.185714285714286,-0.171428571428571,-0.157142857142857,-0.142857142857143,
-0.128571428571429,-0.114285714285714,-0.1,-0.0857142857142857,-0.0714285714285714,
-0.0571428571428571,-0.0428571428571429,-0.0285714285714286,-0.0142857142857143,
0.),.UNSPECIFIED.)
CURVE()
GEOMETRIC_REPRESENTATION_ITEM()
RATIONAL_B_SPLINE_CURVE((1.,1.,1.,1.,1.,1.,1.,1.,1.,1.,1.,1.,1.,1.,1.,1.,
1.,1.,1.,1.,1.,1.,1.,1.,1.,1.,1.,1.,1.,1.,1.,1.,1.,1.,1.,1.,1.,1.,1.,1.,
1.,1.,1.,1.,1.,1.,1.,1.,1.,1.,1.,1.,1.,1.,1.,1.,1.,1.,1.,1.,1.,1.,1.,1.,
1.,1.,1.,1.,1.,1.,1.,1.,1.,1.,1.))
REPRESENTATION_ITEM('')
);
#59=(
BOUNDED_CURVE()
B_SPLINE_CURVE(5,(#9478,#9479,#9480,#9481,#9482,#9483,#9484,#9485,#9486,
#9487,#9488,#9489,#9490,#9491,#9492,#9493,#9494,#9495,#9496,#9497,#9498,
#9499,#9500,#9501,#9502,#9503,#9504,#9505,#9506,#9507,#9508,#9509,#9510,
#9511,#9512,#9513,#9514,#9515,#9516,#9517,#9518,#9519,#9520,#9521,#9522,
#9523,#9524,#9525,#9526,#9527,#9528,#9529,#9530,#9531,#9532,#9533,#9534,
#9535,#9536,#9537,#9538,#9539,#9540,#9541,#9542,#9543,#9544,#9545,#9546,
#9547,#9548,#9549,#9550,#9551,#9552),.UNSPECIFIED.,.F.,.F.)
B_SPLINE_CURVE_WITH_KNOTS((6,1,1,1,1,1,1,1,1,1,1,1,1,1,1,1,1,1,1,1,1,1,
1,1,1,1,1,1,1,1,1,1,1,1,1,1,1,1,1,1,1,1,1,1,1,1,1,1,1,1,1,1,1,1,1,1,1,1,
1,1,1,1,1,1,1,1,1,1,1,1,6),(0.,0.0142857142857143,0.0285714285714286,0.0428571428571429,
0.0571428571428571,0.0714285714285714,0.0857142857142857,0.1,0.114285714285714,
0.128571428571429,0.142857142857143,0.157142857142857,0.171428571428571,
0.185714285714286,0.2,0.214285714285714,0.228571428571429,0.242857142857143,
0.257142857142857,0.271428571428571,0.285714285714286,0.3,0.314285714285714,
0.328571428571429,0.342857142857143,0.357142857142857,0.371428571428571,
0.385714285714286,0.4,0.414285714285714,0.428571428571429,0.442857142857143,
0.457142857142857,0.471428571428572,0.485714285714286,0.5,0.514285714285714,
0.528571428571429,0.542857142857143,0.557142857142857,0.571428571428571,
0.585714285714286,0.6,0.614285714285714,0.628571428571428,0.642857142857142,
0.657142857142857,0.671428571428571,0.685714285714285,0.699999999999999,
0.714285714285714,0.728571428571428,0.742857142857142,0.757142857142856,
0.771428571428571,0.785714285714285,0.799999999999999,0.814285714285713,
0.828571428571428,0.842857142857142,0.857142857142856,0.87142857142857,
0.885714285714284,0.899999999999999,0.914285714285713,0.928571428571427,
0.942857142857141,0.957142857142856,0.97142857142857,0.985714285714284,
1.),.UNSPECIFIED.)
CURVE()
GEOMETRIC_REPRESENTATION_ITEM()
RATIONAL_B_SPLINE_CURVE((1.,1.,1.,1.,1.,1.,1.,1.,1.,1.,1.,1.,1.,1.,1.,1.,
1.,1.,1.,1.,1.,1.,1.,1.,1.,1.,1.,1.,1.,1.,1.,1.,1.,1.,1.,1.,1.,1.,1.,1.,
1.,1.,1.,1.,1.,1.,1.,1.,1.,1.,1.,1.,1.,1.,1.,1.,1.,1.,1.,1.,1.,1.,1.,1.,
1.,1.,1.,1.,1.,1.,1.,1.,1.,1.,1.))
REPRESENTATION_ITEM('')
);
#60=(
BOUNDED_CURVE()
B_SPLINE_CURVE(5,(#9553,#9554,#9555,#9556,#9557,#9558,#9559,#9560,#9561,
#9562,#9563,#9564,#9565,#9566,#9567,#9568,#9569,#9570,#9571,#9572,#9573,
#9574,#9575,#9576,#9577,#9578,#9579,#9580,#9581,#9582,#9583,#9584,#9585,
#9586,#9587,#9588,#9589,#9590,#9591,#9592,#9593,#9594,#9595,#9596,#9597,
#9598,#9599,#9600,#9601,#9602,#9603,#9604,#9605,#9606,#9607,#9608,#9609,
#9610,#9611,#9612,#9613,#9614,#9615,#9616,#9617,#9618,#9619,#9620,#9621,
#9622,#9623,#9624,#9625,#9626,#9627),.UNSPECIFIED.,.F.,.F.)
B_SPLINE_CURVE_WITH_KNOTS((6,1,1,1,1,1,1,1,1,1,1,1,1,1,1,1,1,1,1,1,1,1,
1,1,1,1,1,1,1,1,1,1,1,1,1,1,1,1,1,1,1,1,1,1,1,1,1,1,1,1,1,1,1,1,1,1,1,1,
1,1,1,1,1,1,1,1,1,1,1,1,6),(0.,0.0142857142857143,0.0285714285714286,0.0428571428571429,
0.0571428571428571,0.0714285714285714,0.0857142857142857,0.1,0.114285714285714,
0.128571428571429,0.142857142857143,0.157142857142857,0.171428571428571,
0.185714285714286,0.2,0.214285714285714,0.228571428571429,0.242857142857143,
0.257142857142857,0.271428571428571,0.285714285714286,0.3,0.314285714285714,
0.328571428571429,0.342857142857143,0.357142857142857,0.371428571428571,
0.385714285714286,0.4,0.414285714285714,0.428571428571429,0.442857142857143,
0.457142857142857,0.471428571428572,0.485714285714286,0.5,0.514285714285714,
0.528571428571429,0.542857142857143,0.557142857142857,0.571428571428571,
0.585714285714286,0.6,0.614285714285714,0.628571428571428,0.642857142857142,
0.657142857142857,0.671428571428571,0.685714285714285,0.699999999999999,
0.714285714285714,0.728571428571428,0.742857142857142,0.757142857142856,
0.771428571428571,0.785714285714285,0.799999999999999,0.814285714285713,
0.828571428571428,0.842857142857142,0.857142857142856,0.87142857142857,
0.885714285714284,0.899999999999999,0.914285714285713,0.928571428571427,
0.942857142857141,0.957142857142856,0.97142857142857,0.985714285714284,
1.),.UNSPECIFIED.)
CURVE()
GEOMETRIC_REPRESENTATION_ITEM()
RATIONAL_B_SPLINE_CURVE((1.,1.,1.,1.,1.,1.,1.,1.,1.,1.,1.,1.,1.,1.,1.,1.,
1.,1.,1.,1.,1.,1.,1.,1.,1.,1.,1.,1.,1.,1.,1.,1.,1.,1.,1.,1.,1.,1.,1.,1.,
1.,1.,1.,1.,1.,1.,1.,1.,1.,1.,1.,1.,1.,1.,1.,1.,1.,1.,1.,1.,1.,1.,1.,1.,
1.,1.,1.,1.,1.,1.,1.,1.,1.,1.,1.))
REPRESENTATION_ITEM('')
);
#61=(
BOUNDED_CURVE()
B_SPLINE_CURVE(5,(#9645,#9646,#9647,#9648,#9649,#9650,#9651,#9652,#9653,
#9654,#9655,#9656,#9657,#9658,#9659,#9660,#9661,#9662,#9663,#9664,#9665,
#9666,#9667,#9668,#9669,#9670,#9671,#9672,#9673,#9674,#9675,#9676,#9677,
#9678,#9679,#9680,#9681,#9682,#9683,#9684,#9685,#9686,#9687,#9688,#9689,
#9690,#9691,#9692,#9693,#9694,#9695,#9696,#9697,#9698,#9699,#9700,#9701,
#9702,#9703,#9704,#9705,#9706,#9707,#9708,#9709,#9710,#9711,#9712,#9713,
#9714,#9715,#9716,#9717,#9718,#9719),.UNSPECIFIED.,.F.,.F.)
B_SPLINE_CURVE_WITH_KNOTS((6,1,1,1,1,1,1,1,1,1,1,1,1,1,1,1,1,1,1,1,1,1,
1,1,1,1,1,1,1,1,1,1,1,1,1,1,1,1,1,1,1,1,1,1,1,1,1,1,1,1,1,1,1,1,1,1,1,1,
1,1,1,1,1,1,1,1,1,1,1,1,6),(0.,0.0142857142857143,0.0285714285714286,0.0428571428571429,
0.0571428571428571,0.0714285714285714,0.0857142857142857,0.1,0.114285714285714,
0.128571428571429,0.142857142857143,0.157142857142857,0.171428571428571,
0.185714285714286,0.2,0.214285714285714,0.228571428571429,0.242857142857143,
0.257142857142857,0.271428571428571,0.285714285714286,0.3,0.314285714285714,
0.328571428571429,0.342857142857143,0.357142857142857,0.371428571428571,
0.385714285714286,0.4,0.414285714285714,0.428571428571429,0.442857142857143,
0.457142857142857,0.471428571428572,0.485714285714286,0.5,0.514285714285714,
0.528571428571429,0.542857142857143,0.557142857142857,0.571428571428571,
0.585714285714286,0.6,0.614285714285714,0.628571428571428,0.642857142857142,
0.657142857142857,0.671428571428571,0.685714285714285,0.699999999999999,
0.714285714285714,0.728571428571428,0.742857142857142,0.757142857142856,
0.771428571428571,0.785714285714285,0.799999999999999,0.814285714285713,
0.828571428571428,0.842857142857142,0.857142857142856,0.87142857142857,
0.885714285714284,0.899999999999999,0.914285714285713,0.928571428571427,
0.942857142857141,0.957142857142856,0.97142857142857,0.985714285714284,
1.),.UNSPECIFIED.)
CURVE()
GEOMETRIC_REPRESENTATION_ITEM()
RATIONAL_B_SPLINE_CURVE((1.,1.,1.,1.,1.,1.,1.,1.,1.,1.,1.,1.,1.,1.,1.,1.,
1.,1.,1.,1.,1.,1.,1.,1.,1.,1.,1.,1.,1.,1.,1.,1.,1.,1.,1.,1.,1.,1.,1.,1.,
1.,1.,1.,1.,1.,1.,1.,1.,1.,1.,1.,1.,1.,1.,1.,1.,1.,1.,1.,1.,1.,1.,1.,1.,
1.,1.,1.,1.,1.,1.,1.,1.,1.,1.,1.))
REPRESENTATION_ITEM('')
);
#62=(
BOUNDED_CURVE()
B_SPLINE_CURVE(5,(#9723,#9724,#9725,#9726,#9727,#9728,#9729,#9730,#9731,
#9732,#9733,#9734,#9735,#9736,#9737,#9738,#9739,#9740,#9741,#9742,#9743,
#9744,#9745,#9746,#9747,#9748,#9749,#9750,#9751,#9752,#9753,#9754,#9755,
#9756,#9757,#9758,#9759,#9760,#9761,#9762,#9763,#9764,#9765,#9766,#9767,
#9768,#9769,#9770,#9771,#9772,#9773,#9774,#9775,#9776,#9777,#9778,#9779,
#9780,#9781,#9782,#9783,#9784,#9785,#9786,#9787,#9788,#9789,#9790,#9791,
#9792,#9793,#9794,#9795,#9796,#9797),.UNSPECIFIED.,.F.,.F.)
B_SPLINE_CURVE_WITH_KNOTS((6,1,1,1,1,1,1,1,1,1,1,1,1,1,1,1,1,1,1,1,1,1,
1,1,1,1,1,1,1,1,1,1,1,1,1,1,1,1,1,1,1,1,1,1,1,1,1,1,1,1,1,1,1,1,1,1,1,1,
1,1,1,1,1,1,1,1,1,1,1,1,6),(0.,0.0142857142857143,0.0285714285714286,0.0428571428571429,
0.0571428571428571,0.0714285714285714,0.0857142857142857,0.1,0.114285714285714,
0.128571428571429,0.142857142857143,0.157142857142857,0.171428571428571,
0.185714285714286,0.2,0.214285714285714,0.228571428571429,0.242857142857143,
0.257142857142857,0.271428571428571,0.285714285714286,0.3,0.314285714285714,
0.328571428571429,0.342857142857143,0.357142857142857,0.371428571428571,
0.385714285714286,0.4,0.414285714285714,0.428571428571429,0.442857142857143,
0.457142857142857,0.471428571428572,0.485714285714286,0.5,0.514285714285714,
0.528571428571429,0.542857142857143,0.557142857142857,0.571428571428571,
0.585714285714286,0.6,0.614285714285714,0.628571428571428,0.642857142857142,
0.657142857142857,0.671428571428571,0.685714285714285,0.699999999999999,
0.714285714285714,0.728571428571428,0.742857142857142,0.757142857142856,
0.771428571428571,0.785714285714285,0.799999999999999,0.814285714285713,
0.828571428571428,0.842857142857142,0.857142857142856,0.87142857142857,
0.885714285714284,0.899999999999999,0.914285714285713,0.928571428571427,
0.942857142857141,0.957142857142856,0.97142857142857,0.985714285714284,
1.),.UNSPECIFIED.)
CURVE()
GEOMETRIC_REPRESENTATION_ITEM()
RATIONAL_B_SPLINE_CURVE((1.,1.,1.,1.,1.,1.,1.,1.,1.,1.,1.,1.,1.,1.,1.,1.,
1.,1.,1.,1.,1.,1.,1.,1.,1.,1.,1.,1.,1.,1.,1.,1.,1.,1.,1.,1.,1.,1.,1.,1.,
1.,1.,1.,1.,1.,1.,1.,1.,1.,1.,1.,1.,1.,1.,1.,1.,1.,1.,1.,1.,1.,1.,1.,1.,
1.,1.,1.,1.,1.,1.,1.,1.,1.,1.,1.))
REPRESENTATION_ITEM('')
);
#63=(
BOUNDED_CURVE()
B_SPLINE_CURVE(5,(#9814,#9815,#9816,#9817,#9818,#9819,#9820,#9821,#9822,
#9823,#9824,#9825,#9826,#9827,#9828,#9829,#9830,#9831,#9832,#9833,#9834,
#9835,#9836,#9837,#9838,#9839,#9840,#9841,#9842,#9843,#9844,#9845,#9846,
#9847,#9848,#9849,#9850,#9851,#9852,#9853,#9854,#9855,#9856,#9857,#9858,
#9859,#9860,#9861,#9862,#9863,#9864,#9865,#9866,#9867,#9868,#9869,#9870,
#9871,#9872,#9873,#9874,#9875,#9876,#9877,#9878,#9879,#9880,#9881,#9882,
#9883,#9884,#9885,#9886,#9887,#9888),.UNSPECIFIED.,.F.,.F.)
B_SPLINE_CURVE_WITH_KNOTS((6,1,1,1,1,1,1,1,1,1,1,1,1,1,1,1,1,1,1,1,1,1,
1,1,1,1,1,1,1,1,1,1,1,1,1,1,1,1,1,1,1,1,1,1,1,1,1,1,1,1,1,1,1,1,1,1,1,1,
1,1,1,1,1,1,1,1,1,1,1,1,6),(0.,0.0142857142857143,0.0285714285714286,0.0428571428571429,
0.0571428571428571,0.0714285714285714,0.0857142857142857,0.1,0.114285714285714,
0.128571428571429,0.142857142857143,0.157142857142857,0.171428571428571,
0.185714285714286,0.2,0.214285714285714,0.228571428571429,0.242857142857143,
0.257142857142857,0.271428571428571,0.285714285714286,0.3,0.314285714285714,
0.328571428571429,0.342857142857143,0.357142857142857,0.371428571428571,
0.385714285714286,0.4,0.414285714285714,0.428571428571429,0.442857142857143,
0.457142857142857,0.471428571428572,0.485714285714286,0.5,0.514285714285714,
0.528571428571429,0.542857142857143,0.557142857142857,0.571428571428571,
0.585714285714286,0.6,0.614285714285714,0.628571428571428,0.642857142857142,
0.657142857142857,0.671428571428571,0.685714285714285,0.699999999999999,
0.714285714285714,0.728571428571428,0.742857142857142,0.757142857142856,
0.771428571428571,0.785714285714285,0.799999999999999,0.814285714285713,
0.828571428571428,0.842857142857142,0.857142857142856,0.87142857142857,
0.885714285714284,0.899999999999999,0.914285714285713,0.928571428571427,
0.942857142857141,0.957142857142856,0.97142857142857,0.985714285714284,
1.),.UNSPECIFIED.)
CURVE()
GEOMETRIC_REPRESENTATION_ITEM()
RATIONAL_B_SPLINE_CURVE((1.,1.,1.,1.,1.,1.,1.,1.,1.,1.,1.,1.,1.,1.,1.,1.,
1.,1.,1.,1.,1.,1.,1.,1.,1.,1.,1.,1.,1.,1.,1.,1.,1.,1.,1.,1.,1.,1.,1.,1.,
1.,1.,1.,1.,1.,1.,1.,1.,1.,1.,1.,1.,1.,1.,1.,1.,1.,1.,1.,1.,1.,1.,1.,1.,
1.,1.,1.,1.,1.,1.,1.,1.,1.,1.,1.))
REPRESENTATION_ITEM('')
);
#64=(
BOUNDED_CURVE()
B_SPLINE_CURVE(5,(#9892,#9893,#9894,#9895,#9896,#9897,#9898,#9899,#9900,
#9901,#9902,#9903,#9904,#9905,#9906,#9907,#9908,#9909,#9910,#9911,#9912,
#9913,#9914,#9915,#9916,#9917,#9918,#9919,#9920,#9921,#9922,#9923,#9924,
#9925,#9926,#9927,#9928,#9929,#9930,#9931,#9932,#9933,#9934,#9935,#9936,
#9937,#9938,#9939,#9940,#9941,#9942,#9943,#9944,#9945,#9946,#9947,#9948,
#9949,#9950,#9951,#9952,#9953,#9954,#9955,#9956,#9957,#9958,#9959,#9960,
#9961,#9962,#9963,#9964,#9965,#9966),.UNSPECIFIED.,.F.,.F.)
B_SPLINE_CURVE_WITH_KNOTS((6,1,1,1,1,1,1,1,1,1,1,1,1,1,1,1,1,1,1,1,1,1,
1,1,1,1,1,1,1,1,1,1,1,1,1,1,1,1,1,1,1,1,1,1,1,1,1,1,1,1,1,1,1,1,1,1,1,1,
1,1,1,1,1,1,1,1,1,1,1,1,6),(-1.,-0.985714285714284,-0.97142857142857,-0.957142857142856,
-0.942857142857141,-0.928571428571427,-0.914285714285713,-0.899999999999999,
-0.885714285714284,-0.87142857142857,-0.857142857142856,-0.842857142857142,
-0.828571428571428,-0.814285714285713,-0.799999999999999,-0.785714285714285,
-0.771428571428571,-0.757142857142856,-0.742857142857142,-0.728571428571428,
-0.714285714285714,-0.699999999999999,-0.685714285714285,-0.671428571428571,
-0.657142857142857,-0.642857142857142,-0.628571428571428,-0.614285714285714,
-0.6,-0.585714285714286,-0.571428571428571,-0.557142857142857,-0.542857142857143,
-0.528571428571429,-0.514285714285714,-0.5,-0.485714285714286,-0.471428571428572,
-0.457142857142857,-0.442857142857143,-0.428571428571429,-0.414285714285714,
-0.4,-0.385714285714286,-0.371428571428571,-0.357142857142857,-0.342857142857143,
-0.328571428571429,-0.314285714285714,-0.3,-0.285714285714286,-0.271428571428571,
-0.257142857142857,-0.242857142857143,-0.228571428571429,-0.214285714285714,
-0.2,-0.185714285714286,-0.171428571428571,-0.157142857142857,-0.142857142857143,
-0.128571428571429,-0.114285714285714,-0.1,-0.0857142857142857,-0.0714285714285714,
-0.0571428571428571,-0.0428571428571429,-0.0285714285714286,-0.0142857142857143,
0.),.UNSPECIFIED.)
CURVE()
GEOMETRIC_REPRESENTATION_ITEM()
RATIONAL_B_SPLINE_CURVE((1.,1.,1.,1.,1.,1.,1.,1.,1.,1.,1.,1.,1.,1.,1.,1.,
1.,1.,1.,1.,1.,1.,1.,1.,1.,1.,1.,1.,1.,1.,1.,1.,1.,1.,1.,1.,1.,1.,1.,1.,
1.,1.,1.,1.,1.,1.,1.,1.,1.,1.,1.,1.,1.,1.,1.,1.,1.,1.,1.,1.,1.,1.,1.,1.,
1.,1.,1.,1.,1.,1.,1.,1.,1.,1.,1.))
REPRESENTATION_ITEM('')
);
#65=(
BOUNDED_SURFACE()
B_SPLINE_SURFACE(5,1,((#2929,#2930),(#2931,#2932),(#2933,#2934),(#2935,
#2936),(#2937,#2938),(#2939,#2940),(#2941,#2942),(#2943,#2944),(#2945,#2946),
(#2947,#2948),(#2949,#2950),(#2951,#2952),(#2953,#2954),(#2955,#2956),(#2957,
#2958),(#2959,#2960),(#2961,#2962),(#2963,#2964),(#2965,#2966),(#2967,#2968),
(#2969,#2970),(#2971,#2972),(#2973,#2974),(#2975,#2976),(#2977,#2978),(#2979,
#2980),(#2981,#2982),(#2983,#2984),(#2985,#2986),(#2987,#2988),(#2989,#2990),
(#2991,#2992),(#2993,#2994),(#2995,#2996),(#2997,#2998),(#2999,#3000),(#3001,
#3002),(#3003,#3004),(#3005,#3006),(#3007,#3008),(#3009,#3010),(#3011,#3012),
(#3013,#3014),(#3015,#3016),(#3017,#3018),(#3019,#3020),(#3021,#3022),(#3023,
#3024),(#3025,#3026),(#3027,#3028),(#3029,#3030),(#3031,#3032),(#3033,#3034),
(#3035,#3036),(#3037,#3038),(#3039,#3040),(#3041,#3042),(#3043,#3044),(#3045,
#3046),(#3047,#3048),(#3049,#3050),(#3051,#3052),(#3053,#3054),(#3055,#3056),
(#3057,#3058),(#3059,#3060),(#3061,#3062),(#3063,#3064),(#3065,#3066),(#3067,
#3068),(#3069,#3070),(#3071,#3072),(#3073,#3074),(#3075,#3076),(#3077,#3078)),
 .UNSPECIFIED.,.F.,.F.,.F.)
B_SPLINE_SURFACE_WITH_KNOTS((6,1,1,1,1,1,1,1,1,1,1,1,1,1,1,1,1,1,1,1,1,
1,1,1,1,1,1,1,1,1,1,1,1,1,1,1,1,1,1,1,1,1,1,1,1,1,1,1,1,1,1,1,1,1,1,1,1,
1,1,1,1,1,1,1,1,1,1,1,1,1,6),(2,2),(-1.,-0.985714285714284,-0.97142857142857,
-0.957142857142856,-0.942857142857141,-0.928571428571427,-0.914285714285713,
-0.899999999999999,-0.885714285714284,-0.87142857142857,-0.857142857142856,
-0.842857142857142,-0.828571428571428,-0.814285714285713,-0.799999999999999,
-0.785714285714285,-0.771428571428571,-0.757142857142856,-0.742857142857142,
-0.728571428571428,-0.714285714285714,-0.699999999999999,-0.685714285714285,
-0.671428571428571,-0.657142857142857,-0.642857142857142,-0.628571428571428,
-0.614285714285714,-0.6,-0.585714285714286,-0.571428571428571,-0.557142857142857,
-0.542857142857143,-0.528571428571429,-0.514285714285714,-0.5,-0.485714285714286,
-0.471428571428572,-0.457142857142857,-0.442857142857143,-0.428571428571429,
-0.414285714285714,-0.4,-0.385714285714286,-0.371428571428571,-0.357142857142857,
-0.342857142857143,-0.328571428571429,-0.314285714285714,-0.3,-0.285714285714286,
-0.271428571428571,-0.257142857142857,-0.242857142857143,-0.228571428571429,
-0.214285714285714,-0.2,-0.185714285714286,-0.171428571428571,-0.157142857142857,
-0.142857142857143,-0.128571428571429,-0.114285714285714,-0.1,-0.0857142857142857,
-0.0714285714285714,-0.0571428571428571,-0.0428571428571429,-0.0285714285714286,
-0.0142857142857143,0.),(0.,0.5),.UNSPECIFIED.)
GEOMETRIC_REPRESENTATION_ITEM()
RATIONAL_B_SPLINE_SURFACE(((1.,1.),(1.,1.),(1.,1.),(1.,1.),(1.,1.),(1.,
1.),(1.,1.),(1.,1.),(1.,1.),(1.,1.),(1.,1.),(1.,1.),(1.,1.),(1.,1.),(1.,
1.),(1.,1.),(1.,1.),(1.,1.),(1.,1.),(1.,1.),(1.,1.),(1.,1.),(1.,1.),(1.,
1.),(1.,1.),(1.,1.),(1.,1.),(1.,1.),(1.,1.),(1.,1.),(1.,1.),(1.,1.),(1.,
1.),(1.,1.),(1.,1.),(1.,1.),(1.,1.),(1.,1.),(1.,1.),(1.,1.),(1.,1.),(1.,
1.),(1.,1.),(1.,1.),(1.,1.),(1.,1.),(1.,1.),(1.,1.),(1.,1.),(1.,1.),(1.,
1.),(1.,1.),(1.,1.),(1.,1.),(1.,1.),(1.,1.),(1.,1.),(1.,1.),(1.,1.),(1.,
1.),(1.,1.),(1.,1.),(1.,1.),(1.,1.),(1.,1.),(1.,1.),(1.,1.),(1.,1.),(1.,
1.),(1.,1.),(1.,1.),(1.,1.),(1.,1.),(1.,1.),(1.,1.)))
REPRESENTATION_ITEM('')
SURFACE()
);
#66=(
BOUNDED_SURFACE()
B_SPLINE_SURFACE(5,1,((#3238,#3239),(#3240,#3241),(#3242,#3243),(#3244,
#3245),(#3246,#3247),(#3248,#3249),(#3250,#3251),(#3252,#3253),(#3254,#3255),
(#3256,#3257),(#3258,#3259),(#3260,#3261),(#3262,#3263),(#3264,#3265),(#3266,
#3267),(#3268,#3269),(#3270,#3271),(#3272,#3273),(#3274,#3275),(#3276,#3277),
(#3278,#3279),(#3280,#3281),(#3282,#3283),(#3284,#3285),(#3286,#3287),(#3288,
#3289),(#3290,#3291),(#3292,#3293),(#3294,#3295),(#3296,#3297),(#3298,#3299),
(#3300,#3301),(#3302,#3303),(#3304,#3305),(#3306,#3307),(#3308,#3309),(#3310,
#3311),(#3312,#3313),(#3314,#3315),(#3316,#3317),(#3318,#3319),(#3320,#3321),
(#3322,#3323),(#3324,#3325),(#3326,#3327),(#3328,#3329),(#3330,#3331),(#3332,
#3333),(#3334,#3335),(#3336,#3337),(#3338,#3339),(#3340,#3341),(#3342,#3343),
(#3344,#3345),(#3346,#3347),(#3348,#3349),(#3350,#3351),(#3352,#3353),(#3354,
#3355),(#3356,#3357),(#3358,#3359),(#3360,#3361),(#3362,#3363),(#3364,#3365),
(#3366,#3367),(#3368,#3369),(#3370,#3371),(#3372,#3373),(#3374,#3375),(#3376,
#3377),(#3378,#3379),(#3380,#3381),(#3382,#3383),(#3384,#3385),(#3386,#3387)),
 .UNSPECIFIED.,.F.,.F.,.F.)
B_SPLINE_SURFACE_WITH_KNOTS((6,1,1,1,1,1,1,1,1,1,1,1,1,1,1,1,1,1,1,1,1,
1,1,1,1,1,1,1,1,1,1,1,1,1,1,1,1,1,1,1,1,1,1,1,1,1,1,1,1,1,1,1,1,1,1,1,1,
1,1,1,1,1,1,1,1,1,1,1,1,1,6),(2,2),(0.,0.0142857142857143,0.0285714285714286,
0.0428571428571429,0.0571428571428571,0.0714285714285714,0.0857142857142857,
0.1,0.114285714285714,0.128571428571429,0.142857142857143,0.157142857142857,
0.171428571428571,0.185714285714286,0.2,0.214285714285714,0.228571428571429,
0.242857142857143,0.257142857142857,0.271428571428571,0.285714285714286,
0.3,0.314285714285714,0.328571428571429,0.342857142857143,0.357142857142857,
0.371428571428571,0.385714285714286,0.4,0.414285714285714,0.428571428571429,
0.442857142857143,0.457142857142857,0.471428571428572,0.485714285714286,
0.5,0.514285714285714,0.528571428571429,0.542857142857143,0.557142857142857,
0.571428571428571,0.585714285714286,0.6,0.614285714285714,0.628571428571428,
0.642857142857142,0.657142857142857,0.671428571428571,0.685714285714285,
0.699999999999999,0.714285714285714,0.728571428571428,0.742857142857142,
0.757142857142856,0.771428571428571,0.785714285714285,0.799999999999999,
0.814285714285713,0.828571428571428,0.842857142857142,0.857142857142856,
0.87142857142857,0.885714285714284,0.899999999999999,0.914285714285713,
0.928571428571427,0.942857142857141,0.957142857142856,0.97142857142857,
0.985714285714284,1.),(0.,0.5),.UNSPECIFIED.)
GEOMETRIC_REPRESENTATION_ITEM()
RATIONAL_B_SPLINE_SURFACE(((1.,1.),(1.,1.),(1.,1.),(1.,1.),(1.,1.),(1.,
1.),(1.,1.),(1.,1.),(1.,1.),(1.,1.),(1.,1.),(1.,1.),(1.,1.),(1.,1.),(1.,
1.),(1.,1.),(1.,1.),(1.,1.),(1.,1.),(1.,1.),(1.,1.),(1.,1.),(1.,1.),(1.,
1.),(1.,1.),(1.,1.),(1.,1.),(1.,1.),(1.,1.),(1.,1.),(1.,1.),(1.,1.),(1.,
1.),(1.,1.),(1.,1.),(1.,1.),(1.,1.),(1.,1.),(1.,1.),(1.,1.),(1.,1.),(1.,
1.),(1.,1.),(1.,1.),(1.,1.),(1.,1.),(1.,1.),(1.,1.),(1.,1.),(1.,1.),(1.,
1.),(1.,1.),(1.,1.),(1.,1.),(1.,1.),(1.,1.),(1.,1.),(1.,1.),(1.,1.),(1.,
1.),(1.,1.),(1.,1.),(1.,1.),(1.,1.),(1.,1.),(1.,1.),(1.,1.),(1.,1.),(1.,
1.),(1.,1.),(1.,1.),(1.,1.),(1.,1.),(1.,1.),(1.,1.)))
REPRESENTATION_ITEM('')
SURFACE()
);
#67=(
BOUNDED_SURFACE()
B_SPLINE_SURFACE(5,1,((#3538,#3539),(#3540,#3541),(#3542,#3543),(#3544,
#3545),(#3546,#3547),(#3548,#3549),(#3550,#3551),(#3552,#3553),(#3554,#3555),
(#3556,#3557),(#3558,#3559),(#3560,#3561),(#3562,#3563),(#3564,#3565),(#3566,
#3567),(#3568,#3569),(#3570,#3571),(#3572,#3573),(#3574,#3575),(#3576,#3577),
(#3578,#3579),(#3580,#3581),(#3582,#3583),(#3584,#3585),(#3586,#3587),(#3588,
#3589),(#3590,#3591),(#3592,#3593),(#3594,#3595),(#3596,#3597),(#3598,#3599),
(#3600,#3601),(#3602,#3603),(#3604,#3605),(#3606,#3607),(#3608,#3609),(#3610,
#3611),(#3612,#3613),(#3614,#3615),(#3616,#3617),(#3618,#3619),(#3620,#3621),
(#3622,#3623),(#3624,#3625),(#3626,#3627),(#3628,#3629),(#3630,#3631),(#3632,
#3633),(#3634,#3635),(#3636,#3637),(#3638,#3639),(#3640,#3641),(#3642,#3643),
(#3644,#3645),(#3646,#3647),(#3648,#3649),(#3650,#3651),(#3652,#3653),(#3654,
#3655),(#3656,#3657),(#3658,#3659),(#3660,#3661),(#3662,#3663),(#3664,#3665),
(#3666,#3667),(#3668,#3669),(#3670,#3671),(#3672,#3673),(#3674,#3675),(#3676,
#3677),(#3678,#3679),(#3680,#3681),(#3682,#3683),(#3684,#3685),(#3686,#3687)),
 .UNSPECIFIED.,.F.,.F.,.F.)
B_SPLINE_SURFACE_WITH_KNOTS((6,1,1,1,1,1,1,1,1,1,1,1,1,1,1,1,1,1,1,1,1,
1,1,1,1,1,1,1,1,1,1,1,1,1,1,1,1,1,1,1,1,1,1,1,1,1,1,1,1,1,1,1,1,1,1,1,1,
1,1,1,1,1,1,1,1,1,1,1,1,1,6),(2,2),(-1.,-0.985714285714284,-0.97142857142857,
-0.957142857142856,-0.942857142857141,-0.928571428571427,-0.914285714285713,
-0.899999999999999,-0.885714285714284,-0.87142857142857,-0.857142857142856,
-0.842857142857142,-0.828571428571428,-0.814285714285713,-0.799999999999999,
-0.785714285714285,-0.771428571428571,-0.757142857142856,-0.742857142857142,
-0.728571428571428,-0.714285714285714,-0.699999999999999,-0.685714285714285,
-0.671428571428571,-0.657142857142857,-0.642857142857142,-0.628571428571428,
-0.614285714285714,-0.6,-0.585714285714286,-0.571428571428571,-0.557142857142857,
-0.542857142857143,-0.528571428571429,-0.514285714285714,-0.5,-0.485714285714286,
-0.471428571428572,-0.457142857142857,-0.442857142857143,-0.428571428571429,
-0.414285714285714,-0.4,-0.385714285714286,-0.371428571428571,-0.357142857142857,
-0.342857142857143,-0.328571428571429,-0.314285714285714,-0.3,-0.285714285714286,
-0.271428571428571,-0.257142857142857,-0.242857142857143,-0.228571428571429,
-0.214285714285714,-0.2,-0.185714285714286,-0.171428571428571,-0.157142857142857,
-0.142857142857143,-0.128571428571429,-0.114285714285714,-0.1,-0.0857142857142857,
-0.0714285714285714,-0.0571428571428571,-0.0428571428571429,-0.0285714285714286,
-0.0142857142857143,0.),(0.,0.5),.UNSPECIFIED.)
GEOMETRIC_REPRESENTATION_ITEM()
RATIONAL_B_SPLINE_SURFACE(((1.,1.),(1.,1.),(1.,1.),(1.,1.),(1.,1.),(1.,
1.),(1.,1.),(1.,1.),(1.,1.),(1.,1.),(1.,1.),(1.,1.),(1.,1.),(1.,1.),(1.,
1.),(1.,1.),(1.,1.),(1.,1.),(1.,1.),(1.,1.),(1.,1.),(1.,1.),(1.,1.),(1.,
1.),(1.,1.),(1.,1.),(1.,1.),(1.,1.),(1.,1.),(1.,1.),(1.,1.),(1.,1.),(1.,
1.),(1.,1.),(1.,1.),(1.,1.),(1.,1.),(1.,1.),(1.,1.),(1.,1.),(1.,1.),(1.,
1.),(1.,1.),(1.,1.),(1.,1.),(1.,1.),(1.,1.),(1.,1.),(1.,1.),(1.,1.),(1.,
1.),(1.,1.),(1.,1.),(1.,1.),(1.,1.),(1.,1.),(1.,1.),(1.,1.),(1.,1.),(1.,
1.),(1.,1.),(1.,1.),(1.,1.),(1.,1.),(1.,1.),(1.,1.),(1.,1.),(1.,1.),(1.,
1.),(1.,1.),(1.,1.),(1.,1.),(1.,1.),(1.,1.),(1.,1.)))
REPRESENTATION_ITEM('')
SURFACE()
);
#68=(
BOUNDED_SURFACE()
B_SPLINE_SURFACE(5,1,((#3847,#3848),(#3849,#3850),(#3851,#3852),(#3853,
#3854),(#3855,#3856),(#3857,#3858),(#3859,#3860),(#3861,#3862),(#3863,#3864),
(#3865,#3866),(#3867,#3868),(#3869,#3870),(#3871,#3872),(#3873,#3874),(#3875,
#3876),(#3877,#3878),(#3879,#3880),(#3881,#3882),(#3883,#3884),(#3885,#3886),
(#3887,#3888),(#3889,#3890),(#3891,#3892),(#3893,#3894),(#3895,#3896),(#3897,
#3898),(#3899,#3900),(#3901,#3902),(#3903,#3904),(#3905,#3906),(#3907,#3908),
(#3909,#3910),(#3911,#3912),(#3913,#3914),(#3915,#3916),(#3917,#3918),(#3919,
#3920),(#3921,#3922),(#3923,#3924),(#3925,#3926),(#3927,#3928),(#3929,#3930),
(#3931,#3932),(#3933,#3934),(#3935,#3936),(#3937,#3938),(#3939,#3940),(#3941,
#3942),(#3943,#3944),(#3945,#3946),(#3947,#3948),(#3949,#3950),(#3951,#3952),
(#3953,#3954),(#3955,#3956),(#3957,#3958),(#3959,#3960),(#3961,#3962),(#3963,
#3964),(#3965,#3966),(#3967,#3968),(#3969,#3970),(#3971,#3972),(#3973,#3974),
(#3975,#3976),(#3977,#3978),(#3979,#3980),(#3981,#3982),(#3983,#3984),(#3985,
#3986),(#3987,#3988),(#3989,#3990),(#3991,#3992),(#3993,#3994),(#3995,#3996)),
 .UNSPECIFIED.,.F.,.F.,.F.)
B_SPLINE_SURFACE_WITH_KNOTS((6,1,1,1,1,1,1,1,1,1,1,1,1,1,1,1,1,1,1,1,1,
1,1,1,1,1,1,1,1,1,1,1,1,1,1,1,1,1,1,1,1,1,1,1,1,1,1,1,1,1,1,1,1,1,1,1,1,
1,1,1,1,1,1,1,1,1,1,1,1,1,6),(2,2),(0.,0.0142857142857143,0.0285714285714286,
0.0428571428571429,0.0571428571428571,0.0714285714285714,0.0857142857142857,
0.1,0.114285714285714,0.128571428571429,0.142857142857143,0.157142857142857,
0.171428571428571,0.185714285714286,0.2,0.214285714285714,0.228571428571429,
0.242857142857143,0.257142857142857,0.271428571428571,0.285714285714286,
0.3,0.314285714285714,0.328571428571429,0.342857142857143,0.357142857142857,
0.371428571428571,0.385714285714286,0.4,0.414285714285714,0.428571428571429,
0.442857142857143,0.457142857142857,0.471428571428572,0.485714285714286,
0.5,0.514285714285714,0.528571428571429,0.542857142857143,0.557142857142857,
0.571428571428571,0.585714285714286,0.6,0.614285714285714,0.628571428571428,
0.642857142857142,0.657142857142857,0.671428571428571,0.685714285714285,
0.699999999999999,0.714285714285714,0.728571428571428,0.742857142857142,
0.757142857142856,0.771428571428571,0.785714285714285,0.799999999999999,
0.814285714285713,0.828571428571428,0.842857142857142,0.857142857142856,
0.87142857142857,0.885714285714284,0.899999999999999,0.914285714285713,
0.928571428571427,0.942857142857141,0.957142857142856,0.97142857142857,
0.985714285714284,1.),(0.,0.5),.UNSPECIFIED.)
GEOMETRIC_REPRESENTATION_ITEM()
RATIONAL_B_SPLINE_SURFACE(((1.,1.),(1.,1.),(1.,1.),(1.,1.),(1.,1.),(1.,
1.),(1.,1.),(1.,1.),(1.,1.),(1.,1.),(1.,1.),(1.,1.),(1.,1.),(1.,1.),(1.,
1.),(1.,1.),(1.,1.),(1.,1.),(1.,1.),(1.,1.),(1.,1.),(1.,1.),(1.,1.),(1.,
1.),(1.,1.),(1.,1.),(1.,1.),(1.,1.),(1.,1.),(1.,1.),(1.,1.),(1.,1.),(1.,
1.),(1.,1.),(1.,1.),(1.,1.),(1.,1.),(1.,1.),(1.,1.),(1.,1.),(1.,1.),(1.,
1.),(1.,1.),(1.,1.),(1.,1.),(1.,1.),(1.,1.),(1.,1.),(1.,1.),(1.,1.),(1.,
1.),(1.,1.),(1.,1.),(1.,1.),(1.,1.),(1.,1.),(1.,1.),(1.,1.),(1.,1.),(1.,
1.),(1.,1.),(1.,1.),(1.,1.),(1.,1.),(1.,1.),(1.,1.),(1.,1.),(1.,1.),(1.,
1.),(1.,1.),(1.,1.),(1.,1.),(1.,1.),(1.,1.),(1.,1.)))
REPRESENTATION_ITEM('')
SURFACE()
);
#69=(
BOUNDED_SURFACE()
B_SPLINE_SURFACE(5,1,((#4147,#4148),(#4149,#4150),(#4151,#4152),(#4153,
#4154),(#4155,#4156),(#4157,#4158),(#4159,#4160),(#4161,#4162),(#4163,#4164),
(#4165,#4166),(#4167,#4168),(#4169,#4170),(#4171,#4172),(#4173,#4174),(#4175,
#4176),(#4177,#4178),(#4179,#4180),(#4181,#4182),(#4183,#4184),(#4185,#4186),
(#4187,#4188),(#4189,#4190),(#4191,#4192),(#4193,#4194),(#4195,#4196),(#4197,
#4198),(#4199,#4200),(#4201,#4202),(#4203,#4204),(#4205,#4206),(#4207,#4208),
(#4209,#4210),(#4211,#4212),(#4213,#4214),(#4215,#4216),(#4217,#4218),(#4219,
#4220),(#4221,#4222),(#4223,#4224),(#4225,#4226),(#4227,#4228),(#4229,#4230),
(#4231,#4232),(#4233,#4234),(#4235,#4236),(#4237,#4238),(#4239,#4240),(#4241,
#4242),(#4243,#4244),(#4245,#4246),(#4247,#4248),(#4249,#4250),(#4251,#4252),
(#4253,#4254),(#4255,#4256),(#4257,#4258),(#4259,#4260),(#4261,#4262),(#4263,
#4264),(#4265,#4266),(#4267,#4268),(#4269,#4270),(#4271,#4272),(#4273,#4274),
(#4275,#4276),(#4277,#4278),(#4279,#4280),(#4281,#4282),(#4283,#4284),(#4285,
#4286),(#4287,#4288),(#4289,#4290),(#4291,#4292),(#4293,#4294),(#4295,#4296)),
 .UNSPECIFIED.,.F.,.F.,.F.)
B_SPLINE_SURFACE_WITH_KNOTS((6,1,1,1,1,1,1,1,1,1,1,1,1,1,1,1,1,1,1,1,1,
1,1,1,1,1,1,1,1,1,1,1,1,1,1,1,1,1,1,1,1,1,1,1,1,1,1,1,1,1,1,1,1,1,1,1,1,
1,1,1,1,1,1,1,1,1,1,1,1,1,6),(2,2),(-1.,-0.985714285714284,-0.97142857142857,
-0.957142857142856,-0.942857142857141,-0.928571428571427,-0.914285714285713,
-0.899999999999999,-0.885714285714284,-0.87142857142857,-0.857142857142856,
-0.842857142857142,-0.828571428571428,-0.814285714285713,-0.799999999999999,
-0.785714285714285,-0.771428571428571,-0.757142857142856,-0.742857142857142,
-0.728571428571428,-0.714285714285714,-0.699999999999999,-0.685714285714285,
-0.671428571428571,-0.657142857142857,-0.642857142857142,-0.628571428571428,
-0.614285714285714,-0.6,-0.585714285714286,-0.571428571428571,-0.557142857142857,
-0.542857142857143,-0.528571428571429,-0.514285714285714,-0.5,-0.485714285714286,
-0.471428571428572,-0.457142857142857,-0.442857142857143,-0.428571428571429,
-0.414285714285714,-0.4,-0.385714285714286,-0.371428571428571,-0.357142857142857,
-0.342857142857143,-0.328571428571429,-0.314285714285714,-0.3,-0.285714285714286,
-0.271428571428571,-0.257142857142857,-0.242857142857143,-0.228571428571429,
-0.214285714285714,-0.2,-0.185714285714286,-0.171428571428571,-0.157142857142857,
-0.142857142857143,-0.128571428571429,-0.114285714285714,-0.1,-0.0857142857142857,
-0.0714285714285714,-0.0571428571428571,-0.0428571428571429,-0.0285714285714286,
-0.0142857142857143,0.),(0.,0.5),.UNSPECIFIED.)
GEOMETRIC_REPRESENTATION_ITEM()
RATIONAL_B_SPLINE_SURFACE(((1.,1.),(1.,1.),(1.,1.),(1.,1.),(1.,1.),(1.,
1.),(1.,1.),(1.,1.),(1.,1.),(1.,1.),(1.,1.),(1.,1.),(1.,1.),(1.,1.),(1.,
1.),(1.,1.),(1.,1.),(1.,1.),(1.,1.),(1.,1.),(1.,1.),(1.,1.),(1.,1.),(1.,
1.),(1.,1.),(1.,1.),(1.,1.),(1.,1.),(1.,1.),(1.,1.),(1.,1.),(1.,1.),(1.,
1.),(1.,1.),(1.,1.),(1.,1.),(1.,1.),(1.,1.),(1.,1.),(1.,1.),(1.,1.),(1.,
1.),(1.,1.),(1.,1.),(1.,1.),(1.,1.),(1.,1.),(1.,1.),(1.,1.),(1.,1.),(1.,
1.),(1.,1.),(1.,1.),(1.,1.),(1.,1.),(1.,1.),(1.,1.),(1.,1.),(1.,1.),(1.,
1.),(1.,1.),(1.,1.),(1.,1.),(1.,1.),(1.,1.),(1.,1.),(1.,1.),(1.,1.),(1.,
1.),(1.,1.),(1.,1.),(1.,1.),(1.,1.),(1.,1.),(1.,1.)))
REPRESENTATION_ITEM('')
SURFACE()
);
#70=(
BOUNDED_SURFACE()
B_SPLINE_SURFACE(5,1,((#4456,#4457),(#4458,#4459),(#4460,#4461),(#4462,
#4463),(#4464,#4465),(#4466,#4467),(#4468,#4469),(#4470,#4471),(#4472,#4473),
(#4474,#4475),(#4476,#4477),(#4478,#4479),(#4480,#4481),(#4482,#4483),(#4484,
#4485),(#4486,#4487),(#4488,#4489),(#4490,#4491),(#4492,#4493),(#4494,#4495),
(#4496,#4497),(#4498,#4499),(#4500,#4501),(#4502,#4503),(#4504,#4505),(#4506,
#4507),(#4508,#4509),(#4510,#4511),(#4512,#4513),(#4514,#4515),(#4516,#4517),
(#4518,#4519),(#4520,#4521),(#4522,#4523),(#4524,#4525),(#4526,#4527),(#4528,
#4529),(#4530,#4531),(#4532,#4533),(#4534,#4535),(#4536,#4537),(#4538,#4539),
(#4540,#4541),(#4542,#4543),(#4544,#4545),(#4546,#4547),(#4548,#4549),(#4550,
#4551),(#4552,#4553),(#4554,#4555),(#4556,#4557),(#4558,#4559),(#4560,#4561),
(#4562,#4563),(#4564,#4565),(#4566,#4567),(#4568,#4569),(#4570,#4571),(#4572,
#4573),(#4574,#4575),(#4576,#4577),(#4578,#4579),(#4580,#4581),(#4582,#4583),
(#4584,#4585),(#4586,#4587),(#4588,#4589),(#4590,#4591),(#4592,#4593),(#4594,
#4595),(#4596,#4597),(#4598,#4599),(#4600,#4601),(#4602,#4603),(#4604,#4605)),
 .UNSPECIFIED.,.F.,.F.,.F.)
B_SPLINE_SURFACE_WITH_KNOTS((6,1,1,1,1,1,1,1,1,1,1,1,1,1,1,1,1,1,1,1,1,
1,1,1,1,1,1,1,1,1,1,1,1,1,1,1,1,1,1,1,1,1,1,1,1,1,1,1,1,1,1,1,1,1,1,1,1,
1,1,1,1,1,1,1,1,1,1,1,1,1,6),(2,2),(0.,0.0142857142857143,0.0285714285714286,
0.0428571428571429,0.0571428571428571,0.0714285714285714,0.0857142857142857,
0.1,0.114285714285714,0.128571428571429,0.142857142857143,0.157142857142857,
0.171428571428571,0.185714285714286,0.2,0.214285714285714,0.228571428571429,
0.242857142857143,0.257142857142857,0.271428571428571,0.285714285714286,
0.3,0.314285714285714,0.328571428571429,0.342857142857143,0.357142857142857,
0.371428571428571,0.385714285714286,0.4,0.414285714285714,0.428571428571429,
0.442857142857143,0.457142857142857,0.471428571428572,0.485714285714286,
0.5,0.514285714285714,0.528571428571429,0.542857142857143,0.557142857142857,
0.571428571428571,0.585714285714286,0.6,0.614285714285714,0.628571428571428,
0.642857142857142,0.657142857142857,0.671428571428571,0.685714285714285,
0.699999999999999,0.714285714285714,0.728571428571428,0.742857142857142,
0.757142857142856,0.771428571428571,0.785714285714285,0.799999999999999,
0.814285714285713,0.828571428571428,0.842857142857142,0.857142857142856,
0.87142857142857,0.885714285714284,0.899999999999999,0.914285714285713,
0.928571428571427,0.942857142857141,0.957142857142856,0.97142857142857,
0.985714285714284,1.),(0.,0.5),.UNSPECIFIED.)
GEOMETRIC_REPRESENTATION_ITEM()
RATIONAL_B_SPLINE_SURFACE(((1.,1.),(1.,1.),(1.,1.),(1.,1.),(1.,1.),(1.,
1.),(1.,1.),(1.,1.),(1.,1.),(1.,1.),(1.,1.),(1.,1.),(1.,1.),(1.,1.),(1.,
1.),(1.,1.),(1.,1.),(1.,1.),(1.,1.),(1.,1.),(1.,1.),(1.,1.),(1.,1.),(1.,
1.),(1.,1.),(1.,1.),(1.,1.),(1.,1.),(1.,1.),(1.,1.),(1.,1.),(1.,1.),(1.,
1.),(1.,1.),(1.,1.),(1.,1.),(1.,1.),(1.,1.),(1.,1.),(1.,1.),(1.,1.),(1.,
1.),(1.,1.),(1.,1.),(1.,1.),(1.,1.),(1.,1.),(1.,1.),(1.,1.),(1.,1.),(1.,
1.),(1.,1.),(1.,1.),(1.,1.),(1.,1.),(1.,1.),(1.,1.),(1.,1.),(1.,1.),(1.,
1.),(1.,1.),(1.,1.),(1.,1.),(1.,1.),(1.,1.),(1.,1.),(1.,1.),(1.,1.),(1.,
1.),(1.,1.),(1.,1.),(1.,1.),(1.,1.),(1.,1.),(1.,1.)))
REPRESENTATION_ITEM('')
SURFACE()
);
#71=(
BOUNDED_SURFACE()
B_SPLINE_SURFACE(5,1,((#4756,#4757),(#4758,#4759),(#4760,#4761),(#4762,
#4763),(#4764,#4765),(#4766,#4767),(#4768,#4769),(#4770,#4771),(#4772,#4773),
(#4774,#4775),(#4776,#4777),(#4778,#4779),(#4780,#4781),(#4782,#4783),(#4784,
#4785),(#4786,#4787),(#4788,#4789),(#4790,#4791),(#4792,#4793),(#4794,#4795),
(#4796,#4797),(#4798,#4799),(#4800,#4801),(#4802,#4803),(#4804,#4805),(#4806,
#4807),(#4808,#4809),(#4810,#4811),(#4812,#4813),(#4814,#4815),(#4816,#4817),
(#4818,#4819),(#4820,#4821),(#4822,#4823),(#4824,#4825),(#4826,#4827),(#4828,
#4829),(#4830,#4831),(#4832,#4833),(#4834,#4835),(#4836,#4837),(#4838,#4839),
(#4840,#4841),(#4842,#4843),(#4844,#4845),(#4846,#4847),(#4848,#4849),(#4850,
#4851),(#4852,#4853),(#4854,#4855),(#4856,#4857),(#4858,#4859),(#4860,#4861),
(#4862,#4863),(#4864,#4865),(#4866,#4867),(#4868,#4869),(#4870,#4871),(#4872,
#4873),(#4874,#4875),(#4876,#4877),(#4878,#4879),(#4880,#4881),(#4882,#4883),
(#4884,#4885),(#4886,#4887),(#4888,#4889),(#4890,#4891),(#4892,#4893),(#4894,
#4895),(#4896,#4897),(#4898,#4899),(#4900,#4901),(#4902,#4903),(#4904,#4905)),
 .UNSPECIFIED.,.F.,.F.,.F.)
B_SPLINE_SURFACE_WITH_KNOTS((6,1,1,1,1,1,1,1,1,1,1,1,1,1,1,1,1,1,1,1,1,
1,1,1,1,1,1,1,1,1,1,1,1,1,1,1,1,1,1,1,1,1,1,1,1,1,1,1,1,1,1,1,1,1,1,1,1,
1,1,1,1,1,1,1,1,1,1,1,1,1,6),(2,2),(-1.,-0.985714285714284,-0.97142857142857,
-0.957142857142856,-0.942857142857141,-0.928571428571427,-0.914285714285713,
-0.899999999999999,-0.885714285714284,-0.87142857142857,-0.857142857142856,
-0.842857142857142,-0.828571428571428,-0.814285714285713,-0.799999999999999,
-0.785714285714285,-0.771428571428571,-0.757142857142856,-0.742857142857142,
-0.728571428571428,-0.714285714285714,-0.699999999999999,-0.685714285714285,
-0.671428571428571,-0.657142857142857,-0.642857142857142,-0.628571428571428,
-0.614285714285714,-0.6,-0.585714285714286,-0.571428571428571,-0.557142857142857,
-0.542857142857143,-0.528571428571429,-0.514285714285714,-0.5,-0.485714285714286,
-0.471428571428572,-0.457142857142857,-0.442857142857143,-0.428571428571429,
-0.414285714285714,-0.4,-0.385714285714286,-0.371428571428571,-0.357142857142857,
-0.342857142857143,-0.328571428571429,-0.314285714285714,-0.3,-0.285714285714286,
-0.271428571428571,-0.257142857142857,-0.242857142857143,-0.228571428571429,
-0.214285714285714,-0.2,-0.185714285714286,-0.171428571428571,-0.157142857142857,
-0.142857142857143,-0.128571428571429,-0.114285714285714,-0.1,-0.0857142857142857,
-0.0714285714285714,-0.0571428571428571,-0.0428571428571429,-0.0285714285714286,
-0.0142857142857143,0.),(0.,0.5),.UNSPECIFIED.)
GEOMETRIC_REPRESENTATION_ITEM()
RATIONAL_B_SPLINE_SURFACE(((1.,1.),(1.,1.),(1.,1.),(1.,1.),(1.,1.),(1.,
1.),(1.,1.),(1.,1.),(1.,1.),(1.,1.),(1.,1.),(1.,1.),(1.,1.),(1.,1.),(1.,
1.),(1.,1.),(1.,1.),(1.,1.),(1.,1.),(1.,1.),(1.,1.),(1.,1.),(1.,1.),(1.,
1.),(1.,1.),(1.,1.),(1.,1.),(1.,1.),(1.,1.),(1.,1.),(1.,1.),(1.,1.),(1.,
1.),(1.,1.),(1.,1.),(1.,1.),(1.,1.),(1.,1.),(1.,1.),(1.,1.),(1.,1.),(1.,
1.),(1.,1.),(1.,1.),(1.,1.),(1.,1.),(1.,1.),(1.,1.),(1.,1.),(1.,1.),(1.,
1.),(1.,1.),(1.,1.),(1.,1.),(1.,1.),(1.,1.),(1.,1.),(1.,1.),(1.,1.),(1.,
1.),(1.,1.),(1.,1.),(1.,1.),(1.,1.),(1.,1.),(1.,1.),(1.,1.),(1.,1.),(1.,
1.),(1.,1.),(1.,1.),(1.,1.),(1.,1.),(1.,1.),(1.,1.)))
REPRESENTATION_ITEM('')
SURFACE()
);
#72=(
BOUNDED_SURFACE()
B_SPLINE_SURFACE(5,1,((#5065,#5066),(#5067,#5068),(#5069,#5070),(#5071,
#5072),(#5073,#5074),(#5075,#5076),(#5077,#5078),(#5079,#5080),(#5081,#5082),
(#5083,#5084),(#5085,#5086),(#5087,#5088),(#5089,#5090),(#5091,#5092),(#5093,
#5094),(#5095,#5096),(#5097,#5098),(#5099,#5100),(#5101,#5102),(#5103,#5104),
(#5105,#5106),(#5107,#5108),(#5109,#5110),(#5111,#5112),(#5113,#5114),(#5115,
#5116),(#5117,#5118),(#5119,#5120),(#5121,#5122),(#5123,#5124),(#5125,#5126),
(#5127,#5128),(#5129,#5130),(#5131,#5132),(#5133,#5134),(#5135,#5136),(#5137,
#5138),(#5139,#5140),(#5141,#5142),(#5143,#5144),(#5145,#5146),(#5147,#5148),
(#5149,#5150),(#5151,#5152),(#5153,#5154),(#5155,#5156),(#5157,#5158),(#5159,
#5160),(#5161,#5162),(#5163,#5164),(#5165,#5166),(#5167,#5168),(#5169,#5170),
(#5171,#5172),(#5173,#5174),(#5175,#5176),(#5177,#5178),(#5179,#5180),(#5181,
#5182),(#5183,#5184),(#5185,#5186),(#5187,#5188),(#5189,#5190),(#5191,#5192),
(#5193,#5194),(#5195,#5196),(#5197,#5198),(#5199,#5200),(#5201,#5202),(#5203,
#5204),(#5205,#5206),(#5207,#5208),(#5209,#5210),(#5211,#5212),(#5213,#5214)),
 .UNSPECIFIED.,.F.,.F.,.F.)
B_SPLINE_SURFACE_WITH_KNOTS((6,1,1,1,1,1,1,1,1,1,1,1,1,1,1,1,1,1,1,1,1,
1,1,1,1,1,1,1,1,1,1,1,1,1,1,1,1,1,1,1,1,1,1,1,1,1,1,1,1,1,1,1,1,1,1,1,1,
1,1,1,1,1,1,1,1,1,1,1,1,1,6),(2,2),(0.,0.0142857142857143,0.0285714285714286,
0.0428571428571429,0.0571428571428571,0.0714285714285714,0.0857142857142857,
0.1,0.114285714285714,0.128571428571429,0.142857142857143,0.157142857142857,
0.171428571428571,0.185714285714286,0.2,0.214285714285714,0.228571428571429,
0.242857142857143,0.257142857142857,0.271428571428571,0.285714285714286,
0.3,0.314285714285714,0.328571428571429,0.342857142857143,0.357142857142857,
0.371428571428571,0.385714285714286,0.4,0.414285714285714,0.428571428571429,
0.442857142857143,0.457142857142857,0.471428571428572,0.485714285714286,
0.5,0.514285714285714,0.528571428571429,0.542857142857143,0.557142857142857,
0.571428571428571,0.585714285714286,0.6,0.614285714285714,0.628571428571428,
0.642857142857142,0.657142857142857,0.671428571428571,0.685714285714285,
0.699999999999999,0.714285714285714,0.728571428571428,0.742857142857142,
0.757142857142856,0.771428571428571,0.785714285714285,0.799999999999999,
0.814285714285713,0.828571428571428,0.842857142857142,0.857142857142856,
0.87142857142857,0.885714285714284,0.899999999999999,0.914285714285713,
0.928571428571427,0.942857142857141,0.957142857142856,0.97142857142857,
0.985714285714284,1.),(0.,0.5),.UNSPECIFIED.)
GEOMETRIC_REPRESENTATION_ITEM()
RATIONAL_B_SPLINE_SURFACE(((1.,1.),(1.,1.),(1.,1.),(1.,1.),(1.,1.),(1.,
1.),(1.,1.),(1.,1.),(1.,1.),(1.,1.),(1.,1.),(1.,1.),(1.,1.),(1.,1.),(1.,
1.),(1.,1.),(1.,1.),(1.,1.),(1.,1.),(1.,1.),(1.,1.),(1.,1.),(1.,1.),(1.,
1.),(1.,1.),(1.,1.),(1.,1.),(1.,1.),(1.,1.),(1.,1.),(1.,1.),(1.,1.),(1.,
1.),(1.,1.),(1.,1.),(1.,1.),(1.,1.),(1.,1.),(1.,1.),(1.,1.),(1.,1.),(1.,
1.),(1.,1.),(1.,1.),(1.,1.),(1.,1.),(1.,1.),(1.,1.),(1.,1.),(1.,1.),(1.,
1.),(1.,1.),(1.,1.),(1.,1.),(1.,1.),(1.,1.),(1.,1.),(1.,1.),(1.,1.),(1.,
1.),(1.,1.),(1.,1.),(1.,1.),(1.,1.),(1.,1.),(1.,1.),(1.,1.),(1.,1.),(1.,
1.),(1.,1.),(1.,1.),(1.,1.),(1.,1.),(1.,1.),(1.,1.)))
REPRESENTATION_ITEM('')
SURFACE()
);
#73=(
BOUNDED_SURFACE()
B_SPLINE_SURFACE(5,1,((#5365,#5366),(#5367,#5368),(#5369,#5370),(#5371,
#5372),(#5373,#5374),(#5375,#5376),(#5377,#5378),(#5379,#5380),(#5381,#5382),
(#5383,#5384),(#5385,#5386),(#5387,#5388),(#5389,#5390),(#5391,#5392),(#5393,
#5394),(#5395,#5396),(#5397,#5398),(#5399,#5400),(#5401,#5402),(#5403,#5404),
(#5405,#5406),(#5407,#5408),(#5409,#5410),(#5411,#5412),(#5413,#5414),(#5415,
#5416),(#5417,#5418),(#5419,#5420),(#5421,#5422),(#5423,#5424),(#5425,#5426),
(#5427,#5428),(#5429,#5430),(#5431,#5432),(#5433,#5434),(#5435,#5436),(#5437,
#5438),(#5439,#5440),(#5441,#5442),(#5443,#5444),(#5445,#5446),(#5447,#5448),
(#5449,#5450),(#5451,#5452),(#5453,#5454),(#5455,#5456),(#5457,#5458),(#5459,
#5460),(#5461,#5462),(#5463,#5464),(#5465,#5466),(#5467,#5468),(#5469,#5470),
(#5471,#5472),(#5473,#5474),(#5475,#5476),(#5477,#5478),(#5479,#5480),(#5481,
#5482),(#5483,#5484),(#5485,#5486),(#5487,#5488),(#5489,#5490),(#5491,#5492),
(#5493,#5494),(#5495,#5496),(#5497,#5498),(#5499,#5500),(#5501,#5502),(#5503,
#5504),(#5505,#5506),(#5507,#5508),(#5509,#5510),(#5511,#5512),(#5513,#5514)),
 .UNSPECIFIED.,.F.,.F.,.F.)
B_SPLINE_SURFACE_WITH_KNOTS((6,1,1,1,1,1,1,1,1,1,1,1,1,1,1,1,1,1,1,1,1,
1,1,1,1,1,1,1,1,1,1,1,1,1,1,1,1,1,1,1,1,1,1,1,1,1,1,1,1,1,1,1,1,1,1,1,1,
1,1,1,1,1,1,1,1,1,1,1,1,1,6),(2,2),(-1.,-0.985714285714284,-0.97142857142857,
-0.957142857142856,-0.942857142857141,-0.928571428571427,-0.914285714285713,
-0.899999999999999,-0.885714285714284,-0.87142857142857,-0.857142857142856,
-0.842857142857142,-0.828571428571428,-0.814285714285713,-0.799999999999999,
-0.785714285714285,-0.771428571428571,-0.757142857142856,-0.742857142857142,
-0.728571428571428,-0.714285714285714,-0.699999999999999,-0.685714285714285,
-0.671428571428571,-0.657142857142857,-0.642857142857142,-0.628571428571428,
-0.614285714285714,-0.6,-0.585714285714286,-0.571428571428571,-0.557142857142857,
-0.542857142857143,-0.528571428571429,-0.514285714285714,-0.5,-0.485714285714286,
-0.471428571428572,-0.457142857142857,-0.442857142857143,-0.428571428571429,
-0.414285714285714,-0.4,-0.385714285714286,-0.371428571428571,-0.357142857142857,
-0.342857142857143,-0.328571428571429,-0.314285714285714,-0.3,-0.285714285714286,
-0.271428571428571,-0.257142857142857,-0.242857142857143,-0.228571428571429,
-0.214285714285714,-0.2,-0.185714285714286,-0.171428571428571,-0.157142857142857,
-0.142857142857143,-0.128571428571429,-0.114285714285714,-0.1,-0.0857142857142857,
-0.0714285714285714,-0.0571428571428571,-0.0428571428571429,-0.0285714285714286,
-0.0142857142857143,0.),(0.,0.5),.UNSPECIFIED.)
GEOMETRIC_REPRESENTATION_ITEM()
RATIONAL_B_SPLINE_SURFACE(((1.,1.),(1.,1.),(1.,1.),(1.,1.),(1.,1.),(1.,
1.),(1.,1.),(1.,1.),(1.,1.),(1.,1.),(1.,1.),(1.,1.),(1.,1.),(1.,1.),(1.,
1.),(1.,1.),(1.,1.),(1.,1.),(1.,1.),(1.,1.),(1.,1.),(1.,1.),(1.,1.),(1.,
1.),(1.,1.),(1.,1.),(1.,1.),(1.,1.),(1.,1.),(1.,1.),(1.,1.),(1.,1.),(1.,
1.),(1.,1.),(1.,1.),(1.,1.),(1.,1.),(1.,1.),(1.,1.),(1.,1.),(1.,1.),(1.,
1.),(1.,1.),(1.,1.),(1.,1.),(1.,1.),(1.,1.),(1.,1.),(1.,1.),(1.,1.),(1.,
1.),(1.,1.),(1.,1.),(1.,1.),(1.,1.),(1.,1.),(1.,1.),(1.,1.),(1.,1.),(1.,
1.),(1.,1.),(1.,1.),(1.,1.),(1.,1.),(1.,1.),(1.,1.),(1.,1.),(1.,1.),(1.,
1.),(1.,1.),(1.,1.),(1.,1.),(1.,1.),(1.,1.),(1.,1.)))
REPRESENTATION_ITEM('')
SURFACE()
);
#74=(
BOUNDED_SURFACE()
B_SPLINE_SURFACE(5,1,((#5674,#5675),(#5676,#5677),(#5678,#5679),(#5680,
#5681),(#5682,#5683),(#5684,#5685),(#5686,#5687),(#5688,#5689),(#5690,#5691),
(#5692,#5693),(#5694,#5695),(#5696,#5697),(#5698,#5699),(#5700,#5701),(#5702,
#5703),(#5704,#5705),(#5706,#5707),(#5708,#5709),(#5710,#5711),(#5712,#5713),
(#5714,#5715),(#5716,#5717),(#5718,#5719),(#5720,#5721),(#5722,#5723),(#5724,
#5725),(#5726,#5727),(#5728,#5729),(#5730,#5731),(#5732,#5733),(#5734,#5735),
(#5736,#5737),(#5738,#5739),(#5740,#5741),(#5742,#5743),(#5744,#5745),(#5746,
#5747),(#5748,#5749),(#5750,#5751),(#5752,#5753),(#5754,#5755),(#5756,#5757),
(#5758,#5759),(#5760,#5761),(#5762,#5763),(#5764,#5765),(#5766,#5767),(#5768,
#5769),(#5770,#5771),(#5772,#5773),(#5774,#5775),(#5776,#5777),(#5778,#5779),
(#5780,#5781),(#5782,#5783),(#5784,#5785),(#5786,#5787),(#5788,#5789),(#5790,
#5791),(#5792,#5793),(#5794,#5795),(#5796,#5797),(#5798,#5799),(#5800,#5801),
(#5802,#5803),(#5804,#5805),(#5806,#5807),(#5808,#5809),(#5810,#5811),(#5812,
#5813),(#5814,#5815),(#5816,#5817),(#5818,#5819),(#5820,#5821),(#5822,#5823)),
 .UNSPECIFIED.,.F.,.F.,.F.)
B_SPLINE_SURFACE_WITH_KNOTS((6,1,1,1,1,1,1,1,1,1,1,1,1,1,1,1,1,1,1,1,1,
1,1,1,1,1,1,1,1,1,1,1,1,1,1,1,1,1,1,1,1,1,1,1,1,1,1,1,1,1,1,1,1,1,1,1,1,
1,1,1,1,1,1,1,1,1,1,1,1,1,6),(2,2),(0.,0.0142857142857143,0.0285714285714286,
0.0428571428571429,0.0571428571428571,0.0714285714285714,0.0857142857142857,
0.1,0.114285714285714,0.128571428571429,0.142857142857143,0.157142857142857,
0.171428571428571,0.185714285714286,0.2,0.214285714285714,0.228571428571429,
0.242857142857143,0.257142857142857,0.271428571428571,0.285714285714286,
0.3,0.314285714285714,0.328571428571429,0.342857142857143,0.357142857142857,
0.371428571428571,0.385714285714286,0.4,0.414285714285714,0.428571428571429,
0.442857142857143,0.457142857142857,0.471428571428572,0.485714285714286,
0.5,0.514285714285714,0.528571428571429,0.542857142857143,0.557142857142857,
0.571428571428571,0.585714285714286,0.6,0.614285714285714,0.628571428571428,
0.642857142857142,0.657142857142857,0.671428571428571,0.685714285714285,
0.699999999999999,0.714285714285714,0.728571428571428,0.742857142857142,
0.757142857142856,0.771428571428571,0.785714285714285,0.799999999999999,
0.814285714285713,0.828571428571428,0.842857142857142,0.857142857142856,
0.87142857142857,0.885714285714284,0.899999999999999,0.914285714285713,
0.928571428571427,0.942857142857141,0.957142857142856,0.97142857142857,
0.985714285714284,1.),(0.,0.5),.UNSPECIFIED.)
GEOMETRIC_REPRESENTATION_ITEM()
RATIONAL_B_SPLINE_SURFACE(((1.,1.),(1.,1.),(1.,1.),(1.,1.),(1.,1.),(1.,
1.),(1.,1.),(1.,1.),(1.,1.),(1.,1.),(1.,1.),(1.,1.),(1.,1.),(1.,1.),(1.,
1.),(1.,1.),(1.,1.),(1.,1.),(1.,1.),(1.,1.),(1.,1.),(1.,1.),(1.,1.),(1.,
1.),(1.,1.),(1.,1.),(1.,1.),(1.,1.),(1.,1.),(1.,1.),(1.,1.),(1.,1.),(1.,
1.),(1.,1.),(1.,1.),(1.,1.),(1.,1.),(1.,1.),(1.,1.),(1.,1.),(1.,1.),(1.,
1.),(1.,1.),(1.,1.),(1.,1.),(1.,1.),(1.,1.),(1.,1.),(1.,1.),(1.,1.),(1.,
1.),(1.,1.),(1.,1.),(1.,1.),(1.,1.),(1.,1.),(1.,1.),(1.,1.),(1.,1.),(1.,
1.),(1.,1.),(1.,1.),(1.,1.),(1.,1.),(1.,1.),(1.,1.),(1.,1.),(1.,1.),(1.,
1.),(1.,1.),(1.,1.),(1.,1.),(1.,1.),(1.,1.),(1.,1.)))
REPRESENTATION_ITEM('')
SURFACE()
);
#75=(
BOUNDED_SURFACE()
B_SPLINE_SURFACE(5,1,((#5974,#5975),(#5976,#5977),(#5978,#5979),(#5980,
#5981),(#5982,#5983),(#5984,#5985),(#5986,#5987),(#5988,#5989),(#5990,#5991),
(#5992,#5993),(#5994,#5995),(#5996,#5997),(#5998,#5999),(#6000,#6001),(#6002,
#6003),(#6004,#6005),(#6006,#6007),(#6008,#6009),(#6010,#6011),(#6012,#6013),
(#6014,#6015),(#6016,#6017),(#6018,#6019),(#6020,#6021),(#6022,#6023),(#6024,
#6025),(#6026,#6027),(#6028,#6029),(#6030,#6031),(#6032,#6033),(#6034,#6035),
(#6036,#6037),(#6038,#6039),(#6040,#6041),(#6042,#6043),(#6044,#6045),(#6046,
#6047),(#6048,#6049),(#6050,#6051),(#6052,#6053),(#6054,#6055),(#6056,#6057),
(#6058,#6059),(#6060,#6061),(#6062,#6063),(#6064,#6065),(#6066,#6067),(#6068,
#6069),(#6070,#6071),(#6072,#6073),(#6074,#6075),(#6076,#6077),(#6078,#6079),
(#6080,#6081),(#6082,#6083),(#6084,#6085),(#6086,#6087),(#6088,#6089),(#6090,
#6091),(#6092,#6093),(#6094,#6095),(#6096,#6097),(#6098,#6099),(#6100,#6101),
(#6102,#6103),(#6104,#6105),(#6106,#6107),(#6108,#6109),(#6110,#6111),(#6112,
#6113),(#6114,#6115),(#6116,#6117),(#6118,#6119),(#6120,#6121),(#6122,#6123)),
 .UNSPECIFIED.,.F.,.F.,.F.)
B_SPLINE_SURFACE_WITH_KNOTS((6,1,1,1,1,1,1,1,1,1,1,1,1,1,1,1,1,1,1,1,1,
1,1,1,1,1,1,1,1,1,1,1,1,1,1,1,1,1,1,1,1,1,1,1,1,1,1,1,1,1,1,1,1,1,1,1,1,
1,1,1,1,1,1,1,1,1,1,1,1,1,6),(2,2),(-1.,-0.985714285714284,-0.97142857142857,
-0.957142857142856,-0.942857142857141,-0.928571428571427,-0.914285714285713,
-0.899999999999999,-0.885714285714284,-0.87142857142857,-0.857142857142856,
-0.842857142857142,-0.828571428571428,-0.814285714285713,-0.799999999999999,
-0.785714285714285,-0.771428571428571,-0.757142857142856,-0.742857142857142,
-0.728571428571428,-0.714285714285714,-0.699999999999999,-0.685714285714285,
-0.671428571428571,-0.657142857142857,-0.642857142857142,-0.628571428571428,
-0.614285714285714,-0.6,-0.585714285714286,-0.571428571428571,-0.557142857142857,
-0.542857142857143,-0.528571428571429,-0.514285714285714,-0.5,-0.485714285714286,
-0.471428571428572,-0.457142857142857,-0.442857142857143,-0.428571428571429,
-0.414285714285714,-0.4,-0.385714285714286,-0.371428571428571,-0.357142857142857,
-0.342857142857143,-0.328571428571429,-0.314285714285714,-0.3,-0.285714285714286,
-0.271428571428571,-0.257142857142857,-0.242857142857143,-0.228571428571429,
-0.214285714285714,-0.2,-0.185714285714286,-0.171428571428571,-0.157142857142857,
-0.142857142857143,-0.128571428571429,-0.114285714285714,-0.1,-0.0857142857142857,
-0.0714285714285714,-0.0571428571428571,-0.0428571428571429,-0.0285714285714286,
-0.0142857142857143,0.),(0.,0.5),.UNSPECIFIED.)
GEOMETRIC_REPRESENTATION_ITEM()
RATIONAL_B_SPLINE_SURFACE(((1.,1.),(1.,1.),(1.,1.),(1.,1.),(1.,1.),(1.,
1.),(1.,1.),(1.,1.),(1.,1.),(1.,1.),(1.,1.),(1.,1.),(1.,1.),(1.,1.),(1.,
1.),(1.,1.),(1.,1.),(1.,1.),(1.,1.),(1.,1.),(1.,1.),(1.,1.),(1.,1.),(1.,
1.),(1.,1.),(1.,1.),(1.,1.),(1.,1.),(1.,1.),(1.,1.),(1.,1.),(1.,1.),(1.,
1.),(1.,1.),(1.,1.),(1.,1.),(1.,1.),(1.,1.),(1.,1.),(1.,1.),(1.,1.),(1.,
1.),(1.,1.),(1.,1.),(1.,1.),(1.,1.),(1.,1.),(1.,1.),(1.,1.),(1.,1.),(1.,
1.),(1.,1.),(1.,1.),(1.,1.),(1.,1.),(1.,1.),(1.,1.),(1.,1.),(1.,1.),(1.,
1.),(1.,1.),(1.,1.),(1.,1.),(1.,1.),(1.,1.),(1.,1.),(1.,1.),(1.,1.),(1.,
1.),(1.,1.),(1.,1.),(1.,1.),(1.,1.),(1.,1.),(1.,1.)))
REPRESENTATION_ITEM('')
SURFACE()
);
#76=(
BOUNDED_SURFACE()
B_SPLINE_SURFACE(5,1,((#6283,#6284),(#6285,#6286),(#6287,#6288),(#6289,
#6290),(#6291,#6292),(#6293,#6294),(#6295,#6296),(#6297,#6298),(#6299,#6300),
(#6301,#6302),(#6303,#6304),(#6305,#6306),(#6307,#6308),(#6309,#6310),(#6311,
#6312),(#6313,#6314),(#6315,#6316),(#6317,#6318),(#6319,#6320),(#6321,#6322),
(#6323,#6324),(#6325,#6326),(#6327,#6328),(#6329,#6330),(#6331,#6332),(#6333,
#6334),(#6335,#6336),(#6337,#6338),(#6339,#6340),(#6341,#6342),(#6343,#6344),
(#6345,#6346),(#6347,#6348),(#6349,#6350),(#6351,#6352),(#6353,#6354),(#6355,
#6356),(#6357,#6358),(#6359,#6360),(#6361,#6362),(#6363,#6364),(#6365,#6366),
(#6367,#6368),(#6369,#6370),(#6371,#6372),(#6373,#6374),(#6375,#6376),(#6377,
#6378),(#6379,#6380),(#6381,#6382),(#6383,#6384),(#6385,#6386),(#6387,#6388),
(#6389,#6390),(#6391,#6392),(#6393,#6394),(#6395,#6396),(#6397,#6398),(#6399,
#6400),(#6401,#6402),(#6403,#6404),(#6405,#6406),(#6407,#6408),(#6409,#6410),
(#6411,#6412),(#6413,#6414),(#6415,#6416),(#6417,#6418),(#6419,#6420),(#6421,
#6422),(#6423,#6424),(#6425,#6426),(#6427,#6428),(#6429,#6430),(#6431,#6432)),
 .UNSPECIFIED.,.F.,.F.,.F.)
B_SPLINE_SURFACE_WITH_KNOTS((6,1,1,1,1,1,1,1,1,1,1,1,1,1,1,1,1,1,1,1,1,
1,1,1,1,1,1,1,1,1,1,1,1,1,1,1,1,1,1,1,1,1,1,1,1,1,1,1,1,1,1,1,1,1,1,1,1,
1,1,1,1,1,1,1,1,1,1,1,1,1,6),(2,2),(0.,0.0142857142857143,0.0285714285714286,
0.0428571428571429,0.0571428571428571,0.0714285714285714,0.0857142857142857,
0.1,0.114285714285714,0.128571428571429,0.142857142857143,0.157142857142857,
0.171428571428571,0.185714285714286,0.2,0.214285714285714,0.228571428571429,
0.242857142857143,0.257142857142857,0.271428571428571,0.285714285714286,
0.3,0.314285714285714,0.328571428571429,0.342857142857143,0.357142857142857,
0.371428571428571,0.385714285714286,0.4,0.414285714285714,0.428571428571429,
0.442857142857143,0.457142857142857,0.471428571428572,0.485714285714286,
0.5,0.514285714285714,0.528571428571429,0.542857142857143,0.557142857142857,
0.571428571428571,0.585714285714286,0.6,0.614285714285714,0.628571428571428,
0.642857142857142,0.657142857142857,0.671428571428571,0.685714285714285,
0.699999999999999,0.714285714285714,0.728571428571428,0.742857142857142,
0.757142857142856,0.771428571428571,0.785714285714285,0.799999999999999,
0.814285714285713,0.828571428571428,0.842857142857142,0.857142857142856,
0.87142857142857,0.885714285714284,0.899999999999999,0.914285714285713,
0.928571428571427,0.942857142857141,0.957142857142856,0.97142857142857,
0.985714285714284,1.),(0.,0.5),.UNSPECIFIED.)
GEOMETRIC_REPRESENTATION_ITEM()
RATIONAL_B_SPLINE_SURFACE(((1.,1.),(1.,1.),(1.,1.),(1.,1.),(1.,1.),(1.,
1.),(1.,1.),(1.,1.),(1.,1.),(1.,1.),(1.,1.),(1.,1.),(1.,1.),(1.,1.),(1.,
1.),(1.,1.),(1.,1.),(1.,1.),(1.,1.),(1.,1.),(1.,1.),(1.,1.),(1.,1.),(1.,
1.),(1.,1.),(1.,1.),(1.,1.),(1.,1.),(1.,1.),(1.,1.),(1.,1.),(1.,1.),(1.,
1.),(1.,1.),(1.,1.),(1.,1.),(1.,1.),(1.,1.),(1.,1.),(1.,1.),(1.,1.),(1.,
1.),(1.,1.),(1.,1.),(1.,1.),(1.,1.),(1.,1.),(1.,1.),(1.,1.),(1.,1.),(1.,
1.),(1.,1.),(1.,1.),(1.,1.),(1.,1.),(1.,1.),(1.,1.),(1.,1.),(1.,1.),(1.,
1.),(1.,1.),(1.,1.),(1.,1.),(1.,1.),(1.,1.),(1.,1.),(1.,1.),(1.,1.),(1.,
1.),(1.,1.),(1.,1.),(1.,1.),(1.,1.),(1.,1.),(1.,1.)))
REPRESENTATION_ITEM('')
SURFACE()
);
#77=(
BOUNDED_SURFACE()
B_SPLINE_SURFACE(5,1,((#6583,#6584),(#6585,#6586),(#6587,#6588),(#6589,
#6590),(#6591,#6592),(#6593,#6594),(#6595,#6596),(#6597,#6598),(#6599,#6600),
(#6601,#6602),(#6603,#6604),(#6605,#6606),(#6607,#6608),(#6609,#6610),(#6611,
#6612),(#6613,#6614),(#6615,#6616),(#6617,#6618),(#6619,#6620),(#6621,#6622),
(#6623,#6624),(#6625,#6626),(#6627,#6628),(#6629,#6630),(#6631,#6632),(#6633,
#6634),(#6635,#6636),(#6637,#6638),(#6639,#6640),(#6641,#6642),(#6643,#6644),
(#6645,#6646),(#6647,#6648),(#6649,#6650),(#6651,#6652),(#6653,#6654),(#6655,
#6656),(#6657,#6658),(#6659,#6660),(#6661,#6662),(#6663,#6664),(#6665,#6666),
(#6667,#6668),(#6669,#6670),(#6671,#6672),(#6673,#6674),(#6675,#6676),(#6677,
#6678),(#6679,#6680),(#6681,#6682),(#6683,#6684),(#6685,#6686),(#6687,#6688),
(#6689,#6690),(#6691,#6692),(#6693,#6694),(#6695,#6696),(#6697,#6698),(#6699,
#6700),(#6701,#6702),(#6703,#6704),(#6705,#6706),(#6707,#6708),(#6709,#6710),
(#6711,#6712),(#6713,#6714),(#6715,#6716),(#6717,#6718),(#6719,#6720),(#6721,
#6722),(#6723,#6724),(#6725,#6726),(#6727,#6728),(#6729,#6730),(#6731,#6732)),
 .UNSPECIFIED.,.F.,.F.,.F.)
B_SPLINE_SURFACE_WITH_KNOTS((6,1,1,1,1,1,1,1,1,1,1,1,1,1,1,1,1,1,1,1,1,
1,1,1,1,1,1,1,1,1,1,1,1,1,1,1,1,1,1,1,1,1,1,1,1,1,1,1,1,1,1,1,1,1,1,1,1,
1,1,1,1,1,1,1,1,1,1,1,1,1,6),(2,2),(-1.,-0.985714285714284,-0.97142857142857,
-0.957142857142856,-0.942857142857141,-0.928571428571427,-0.914285714285713,
-0.899999999999999,-0.885714285714284,-0.87142857142857,-0.857142857142856,
-0.842857142857142,-0.828571428571428,-0.814285714285713,-0.799999999999999,
-0.785714285714285,-0.771428571428571,-0.757142857142856,-0.742857142857142,
-0.728571428571428,-0.714285714285714,-0.699999999999999,-0.685714285714285,
-0.671428571428571,-0.657142857142857,-0.642857142857142,-0.628571428571428,
-0.614285714285714,-0.6,-0.585714285714286,-0.571428571428571,-0.557142857142857,
-0.542857142857143,-0.528571428571429,-0.514285714285714,-0.5,-0.485714285714286,
-0.471428571428572,-0.457142857142857,-0.442857142857143,-0.428571428571429,
-0.414285714285714,-0.4,-0.385714285714286,-0.371428571428571,-0.357142857142857,
-0.342857142857143,-0.328571428571429,-0.314285714285714,-0.3,-0.285714285714286,
-0.271428571428571,-0.257142857142857,-0.242857142857143,-0.228571428571429,
-0.214285714285714,-0.2,-0.185714285714286,-0.171428571428571,-0.157142857142857,
-0.142857142857143,-0.128571428571429,-0.114285714285714,-0.1,-0.0857142857142857,
-0.0714285714285714,-0.0571428571428571,-0.0428571428571429,-0.0285714285714286,
-0.0142857142857143,0.),(0.,0.5),.UNSPECIFIED.)
GEOMETRIC_REPRESENTATION_ITEM()
RATIONAL_B_SPLINE_SURFACE(((1.,1.),(1.,1.),(1.,1.),(1.,1.),(1.,1.),(1.,
1.),(1.,1.),(1.,1.),(1.,1.),(1.,1.),(1.,1.),(1.,1.),(1.,1.),(1.,1.),(1.,
1.),(1.,1.),(1.,1.),(1.,1.),(1.,1.),(1.,1.),(1.,1.),(1.,1.),(1.,1.),(1.,
1.),(1.,1.),(1.,1.),(1.,1.),(1.,1.),(1.,1.),(1.,1.),(1.,1.),(1.,1.),(1.,
1.),(1.,1.),(1.,1.),(1.,1.),(1.,1.),(1.,1.),(1.,1.),(1.,1.),(1.,1.),(1.,
1.),(1.,1.),(1.,1.),(1.,1.),(1.,1.),(1.,1.),(1.,1.),(1.,1.),(1.,1.),(1.,
1.),(1.,1.),(1.,1.),(1.,1.),(1.,1.),(1.,1.),(1.,1.),(1.,1.),(1.,1.),(1.,
1.),(1.,1.),(1.,1.),(1.,1.),(1.,1.),(1.,1.),(1.,1.),(1.,1.),(1.,1.),(1.,
1.),(1.,1.),(1.,1.),(1.,1.),(1.,1.),(1.,1.),(1.,1.)))
REPRESENTATION_ITEM('')
SURFACE()
);
#78=(
BOUNDED_SURFACE()
B_SPLINE_SURFACE(5,1,((#6892,#6893),(#6894,#6895),(#6896,#6897),(#6898,
#6899),(#6900,#6901),(#6902,#6903),(#6904,#6905),(#6906,#6907),(#6908,#6909),
(#6910,#6911),(#6912,#6913),(#6914,#6915),(#6916,#6917),(#6918,#6919),(#6920,
#6921),(#6922,#6923),(#6924,#6925),(#6926,#6927),(#6928,#6929),(#6930,#6931),
(#6932,#6933),(#6934,#6935),(#6936,#6937),(#6938,#6939),(#6940,#6941),(#6942,
#6943),(#6944,#6945),(#6946,#6947),(#6948,#6949),(#6950,#6951),(#6952,#6953),
(#6954,#6955),(#6956,#6957),(#6958,#6959),(#6960,#6961),(#6962,#6963),(#6964,
#6965),(#6966,#6967),(#6968,#6969),(#6970,#6971),(#6972,#6973),(#6974,#6975),
(#6976,#6977),(#6978,#6979),(#6980,#6981),(#6982,#6983),(#6984,#6985),(#6986,
#6987),(#6988,#6989),(#6990,#6991),(#6992,#6993),(#6994,#6995),(#6996,#6997),
(#6998,#6999),(#7000,#7001),(#7002,#7003),(#7004,#7005),(#7006,#7007),(#7008,
#7009),(#7010,#7011),(#7012,#7013),(#7014,#7015),(#7016,#7017),(#7018,#7019),
(#7020,#7021),(#7022,#7023),(#7024,#7025),(#7026,#7027),(#7028,#7029),(#7030,
#7031),(#7032,#7033),(#7034,#7035),(#7036,#7037),(#7038,#7039),(#7040,#7041)),
 .UNSPECIFIED.,.F.,.F.,.F.)
B_SPLINE_SURFACE_WITH_KNOTS((6,1,1,1,1,1,1,1,1,1,1,1,1,1,1,1,1,1,1,1,1,
1,1,1,1,1,1,1,1,1,1,1,1,1,1,1,1,1,1,1,1,1,1,1,1,1,1,1,1,1,1,1,1,1,1,1,1,
1,1,1,1,1,1,1,1,1,1,1,1,1,6),(2,2),(0.,0.0142857142857143,0.0285714285714286,
0.0428571428571429,0.0571428571428571,0.0714285714285714,0.0857142857142857,
0.1,0.114285714285714,0.128571428571429,0.142857142857143,0.157142857142857,
0.171428571428571,0.185714285714286,0.2,0.214285714285714,0.228571428571429,
0.242857142857143,0.257142857142857,0.271428571428571,0.285714285714286,
0.3,0.314285714285714,0.328571428571429,0.342857142857143,0.357142857142857,
0.371428571428571,0.385714285714286,0.4,0.414285714285714,0.428571428571429,
0.442857142857143,0.457142857142857,0.471428571428572,0.485714285714286,
0.5,0.514285714285714,0.528571428571429,0.542857142857143,0.557142857142857,
0.571428571428571,0.585714285714286,0.6,0.614285714285714,0.628571428571428,
0.642857142857142,0.657142857142857,0.671428571428571,0.685714285714285,
0.699999999999999,0.714285714285714,0.728571428571428,0.742857142857142,
0.757142857142856,0.771428571428571,0.785714285714285,0.799999999999999,
0.814285714285713,0.828571428571428,0.842857142857142,0.857142857142856,
0.87142857142857,0.885714285714284,0.899999999999999,0.914285714285713,
0.928571428571427,0.942857142857141,0.957142857142856,0.97142857142857,
0.985714285714284,1.),(0.,0.5),.UNSPECIFIED.)
GEOMETRIC_REPRESENTATION_ITEM()
RATIONAL_B_SPLINE_SURFACE(((1.,1.),(1.,1.),(1.,1.),(1.,1.),(1.,1.),(1.,
1.),(1.,1.),(1.,1.),(1.,1.),(1.,1.),(1.,1.),(1.,1.),(1.,1.),(1.,1.),(1.,
1.),(1.,1.),(1.,1.),(1.,1.),(1.,1.),(1.,1.),(1.,1.),(1.,1.),(1.,1.),(1.,
1.),(1.,1.),(1.,1.),(1.,1.),(1.,1.),(1.,1.),(1.,1.),(1.,1.),(1.,1.),(1.,
1.),(1.,1.),(1.,1.),(1.,1.),(1.,1.),(1.,1.),(1.,1.),(1.,1.),(1.,1.),(1.,
1.),(1.,1.),(1.,1.),(1.,1.),(1.,1.),(1.,1.),(1.,1.),(1.,1.),(1.,1.),(1.,
1.),(1.,1.),(1.,1.),(1.,1.),(1.,1.),(1.,1.),(1.,1.),(1.,1.),(1.,1.),(1.,
1.),(1.,1.),(1.,1.),(1.,1.),(1.,1.),(1.,1.),(1.,1.),(1.,1.),(1.,1.),(1.,
1.),(1.,1.),(1.,1.),(1.,1.),(1.,1.),(1.,1.),(1.,1.)))
REPRESENTATION_ITEM('')
SURFACE()
);
#79=(
BOUNDED_SURFACE()
B_SPLINE_SURFACE(5,1,((#7192,#7193),(#7194,#7195),(#7196,#7197),(#7198,
#7199),(#7200,#7201),(#7202,#7203),(#7204,#7205),(#7206,#7207),(#7208,#7209),
(#7210,#7211),(#7212,#7213),(#7214,#7215),(#7216,#7217),(#7218,#7219),(#7220,
#7221),(#7222,#7223),(#7224,#7225),(#7226,#7227),(#7228,#7229),(#7230,#7231),
(#7232,#7233),(#7234,#7235),(#7236,#7237),(#7238,#7239),(#7240,#7241),(#7242,
#7243),(#7244,#7245),(#7246,#7247),(#7248,#7249),(#7250,#7251),(#7252,#7253),
(#7254,#7255),(#7256,#7257),(#7258,#7259),(#7260,#7261),(#7262,#7263),(#7264,
#7265),(#7266,#7267),(#7268,#7269),(#7270,#7271),(#7272,#7273),(#7274,#7275),
(#7276,#7277),(#7278,#7279),(#7280,#7281),(#7282,#7283),(#7284,#7285),(#7286,
#7287),(#7288,#7289),(#7290,#7291),(#7292,#7293),(#7294,#7295),(#7296,#7297),
(#7298,#7299),(#7300,#7301),(#7302,#7303),(#7304,#7305),(#7306,#7307),(#7308,
#7309),(#7310,#7311),(#7312,#7313),(#7314,#7315),(#7316,#7317),(#7318,#7319),
(#7320,#7321),(#7322,#7323),(#7324,#7325),(#7326,#7327),(#7328,#7329),(#7330,
#7331),(#7332,#7333),(#7334,#7335),(#7336,#7337),(#7338,#7339),(#7340,#7341)),
 .UNSPECIFIED.,.F.,.F.,.F.)
B_SPLINE_SURFACE_WITH_KNOTS((6,1,1,1,1,1,1,1,1,1,1,1,1,1,1,1,1,1,1,1,1,
1,1,1,1,1,1,1,1,1,1,1,1,1,1,1,1,1,1,1,1,1,1,1,1,1,1,1,1,1,1,1,1,1,1,1,1,
1,1,1,1,1,1,1,1,1,1,1,1,1,6),(2,2),(-1.,-0.985714285714284,-0.97142857142857,
-0.957142857142856,-0.942857142857141,-0.928571428571427,-0.914285714285713,
-0.899999999999999,-0.885714285714284,-0.87142857142857,-0.857142857142856,
-0.842857142857142,-0.828571428571428,-0.814285714285713,-0.799999999999999,
-0.785714285714285,-0.771428571428571,-0.757142857142856,-0.742857142857142,
-0.728571428571428,-0.714285714285714,-0.699999999999999,-0.685714285714285,
-0.671428571428571,-0.657142857142857,-0.642857142857142,-0.628571428571428,
-0.614285714285714,-0.6,-0.585714285714286,-0.571428571428571,-0.557142857142857,
-0.542857142857143,-0.528571428571429,-0.514285714285714,-0.5,-0.485714285714286,
-0.471428571428572,-0.457142857142857,-0.442857142857143,-0.428571428571429,
-0.414285714285714,-0.4,-0.385714285714286,-0.371428571428571,-0.357142857142857,
-0.342857142857143,-0.328571428571429,-0.314285714285714,-0.3,-0.285714285714286,
-0.271428571428571,-0.257142857142857,-0.242857142857143,-0.228571428571429,
-0.214285714285714,-0.2,-0.185714285714286,-0.171428571428571,-0.157142857142857,
-0.142857142857143,-0.128571428571429,-0.114285714285714,-0.1,-0.0857142857142857,
-0.0714285714285714,-0.0571428571428571,-0.0428571428571429,-0.0285714285714286,
-0.0142857142857143,0.),(0.,0.5),.UNSPECIFIED.)
GEOMETRIC_REPRESENTATION_ITEM()
RATIONAL_B_SPLINE_SURFACE(((1.,1.),(1.,1.),(1.,1.),(1.,1.),(1.,1.),(1.,
1.),(1.,1.),(1.,1.),(1.,1.),(1.,1.),(1.,1.),(1.,1.),(1.,1.),(1.,1.),(1.,
1.),(1.,1.),(1.,1.),(1.,1.),(1.,1.),(1.,1.),(1.,1.),(1.,1.),(1.,1.),(1.,
1.),(1.,1.),(1.,1.),(1.,1.),(1.,1.),(1.,1.),(1.,1.),(1.,1.),(1.,1.),(1.,
1.),(1.,1.),(1.,1.),(1.,1.),(1.,1.),(1.,1.),(1.,1.),(1.,1.),(1.,1.),(1.,
1.),(1.,1.),(1.,1.),(1.,1.),(1.,1.),(1.,1.),(1.,1.),(1.,1.),(1.,1.),(1.,
1.),(1.,1.),(1.,1.),(1.,1.),(1.,1.),(1.,1.),(1.,1.),(1.,1.),(1.,1.),(1.,
1.),(1.,1.),(1.,1.),(1.,1.),(1.,1.),(1.,1.),(1.,1.),(1.,1.),(1.,1.),(1.,
1.),(1.,1.),(1.,1.),(1.,1.),(1.,1.),(1.,1.),(1.,1.)))
REPRESENTATION_ITEM('')
SURFACE()
);
#80=(
BOUNDED_SURFACE()
B_SPLINE_SURFACE(5,1,((#7501,#7502),(#7503,#7504),(#7505,#7506),(#7507,
#7508),(#7509,#7510),(#7511,#7512),(#7513,#7514),(#7515,#7516),(#7517,#7518),
(#7519,#7520),(#7521,#7522),(#7523,#7524),(#7525,#7526),(#7527,#7528),(#7529,
#7530),(#7531,#7532),(#7533,#7534),(#7535,#7536),(#7537,#7538),(#7539,#7540),
(#7541,#7542),(#7543,#7544),(#7545,#7546),(#7547,#7548),(#7549,#7550),(#7551,
#7552),(#7553,#7554),(#7555,#7556),(#7557,#7558),(#7559,#7560),(#7561,#7562),
(#7563,#7564),(#7565,#7566),(#7567,#7568),(#7569,#7570),(#7571,#7572),(#7573,
#7574),(#7575,#7576),(#7577,#7578),(#7579,#7580),(#7581,#7582),(#7583,#7584),
(#7585,#7586),(#7587,#7588),(#7589,#7590),(#7591,#7592),(#7593,#7594),(#7595,
#7596),(#7597,#7598),(#7599,#7600),(#7601,#7602),(#7603,#7604),(#7605,#7606),
(#7607,#7608),(#7609,#7610),(#7611,#7612),(#7613,#7614),(#7615,#7616),(#7617,
#7618),(#7619,#7620),(#7621,#7622),(#7623,#7624),(#7625,#7626),(#7627,#7628),
(#7629,#7630),(#7631,#7632),(#7633,#7634),(#7635,#7636),(#7637,#7638),(#7639,
#7640),(#7641,#7642),(#7643,#7644),(#7645,#7646),(#7647,#7648),(#7649,#7650)),
 .UNSPECIFIED.,.F.,.F.,.F.)
B_SPLINE_SURFACE_WITH_KNOTS((6,1,1,1,1,1,1,1,1,1,1,1,1,1,1,1,1,1,1,1,1,
1,1,1,1,1,1,1,1,1,1,1,1,1,1,1,1,1,1,1,1,1,1,1,1,1,1,1,1,1,1,1,1,1,1,1,1,
1,1,1,1,1,1,1,1,1,1,1,1,1,6),(2,2),(0.,0.0142857142857143,0.0285714285714286,
0.0428571428571429,0.0571428571428571,0.0714285714285714,0.0857142857142857,
0.1,0.114285714285714,0.128571428571429,0.142857142857143,0.157142857142857,
0.171428571428571,0.185714285714286,0.2,0.214285714285714,0.228571428571429,
0.242857142857143,0.257142857142857,0.271428571428571,0.285714285714286,
0.3,0.314285714285714,0.328571428571429,0.342857142857143,0.357142857142857,
0.371428571428571,0.385714285714286,0.4,0.414285714285714,0.428571428571429,
0.442857142857143,0.457142857142857,0.471428571428572,0.485714285714286,
0.5,0.514285714285714,0.528571428571429,0.542857142857143,0.557142857142857,
0.571428571428571,0.585714285714286,0.6,0.614285714285714,0.628571428571428,
0.642857142857142,0.657142857142857,0.671428571428571,0.685714285714285,
0.699999999999999,0.714285714285714,0.728571428571428,0.742857142857142,
0.757142857142856,0.771428571428571,0.785714285714285,0.799999999999999,
0.814285714285713,0.828571428571428,0.842857142857142,0.857142857142856,
0.87142857142857,0.885714285714284,0.899999999999999,0.914285714285713,
0.928571428571427,0.942857142857141,0.957142857142856,0.97142857142857,
0.985714285714284,1.),(0.,0.5),.UNSPECIFIED.)
GEOMETRIC_REPRESENTATION_ITEM()
RATIONAL_B_SPLINE_SURFACE(((1.,1.),(1.,1.),(1.,1.),(1.,1.),(1.,1.),(1.,
1.),(1.,1.),(1.,1.),(1.,1.),(1.,1.),(1.,1.),(1.,1.),(1.,1.),(1.,1.),(1.,
1.),(1.,1.),(1.,1.),(1.,1.),(1.,1.),(1.,1.),(1.,1.),(1.,1.),(1.,1.),(1.,
1.),(1.,1.),(1.,1.),(1.,1.),(1.,1.),(1.,1.),(1.,1.),(1.,1.),(1.,1.),(1.,
1.),(1.,1.),(1.,1.),(1.,1.),(1.,1.),(1.,1.),(1.,1.),(1.,1.),(1.,1.),(1.,
1.),(1.,1.),(1.,1.),(1.,1.),(1.,1.),(1.,1.),(1.,1.),(1.,1.),(1.,1.),(1.,
1.),(1.,1.),(1.,1.),(1.,1.),(1.,1.),(1.,1.),(1.,1.),(1.,1.),(1.,1.),(1.,
1.),(1.,1.),(1.,1.),(1.,1.),(1.,1.),(1.,1.),(1.,1.),(1.,1.),(1.,1.),(1.,
1.),(1.,1.),(1.,1.),(1.,1.),(1.,1.),(1.,1.),(1.,1.)))
REPRESENTATION_ITEM('')
SURFACE()
);
#81=(
BOUNDED_SURFACE()
B_SPLINE_SURFACE(5,1,((#7801,#7802),(#7803,#7804),(#7805,#7806),(#7807,
#7808),(#7809,#7810),(#7811,#7812),(#7813,#7814),(#7815,#7816),(#7817,#7818),
(#7819,#7820),(#7821,#7822),(#7823,#7824),(#7825,#7826),(#7827,#7828),(#7829,
#7830),(#7831,#7832),(#7833,#7834),(#7835,#7836),(#7837,#7838),(#7839,#7840),
(#7841,#7842),(#7843,#7844),(#7845,#7846),(#7847,#7848),(#7849,#7850),(#7851,
#7852),(#7853,#7854),(#7855,#7856),(#7857,#7858),(#7859,#7860),(#7861,#7862),
(#7863,#7864),(#7865,#7866),(#7867,#7868),(#7869,#7870),(#7871,#7872),(#7873,
#7874),(#7875,#7876),(#7877,#7878),(#7879,#7880),(#7881,#7882),(#7883,#7884),
(#7885,#7886),(#7887,#7888),(#7889,#7890),(#7891,#7892),(#7893,#7894),(#7895,
#7896),(#7897,#7898),(#7899,#7900),(#7901,#7902),(#7903,#7904),(#7905,#7906),
(#7907,#7908),(#7909,#7910),(#7911,#7912),(#7913,#7914),(#7915,#7916),(#7917,
#7918),(#7919,#7920),(#7921,#7922),(#7923,#7924),(#7925,#7926),(#7927,#7928),
(#7929,#7930),(#7931,#7932),(#7933,#7934),(#7935,#7936),(#7937,#7938),(#7939,
#7940),(#7941,#7942),(#7943,#7944),(#7945,#7946),(#7947,#7948),(#7949,#7950)),
 .UNSPECIFIED.,.F.,.F.,.F.)
B_SPLINE_SURFACE_WITH_KNOTS((6,1,1,1,1,1,1,1,1,1,1,1,1,1,1,1,1,1,1,1,1,
1,1,1,1,1,1,1,1,1,1,1,1,1,1,1,1,1,1,1,1,1,1,1,1,1,1,1,1,1,1,1,1,1,1,1,1,
1,1,1,1,1,1,1,1,1,1,1,1,1,6),(2,2),(-1.,-0.985714285714284,-0.97142857142857,
-0.957142857142856,-0.942857142857141,-0.928571428571427,-0.914285714285713,
-0.899999999999999,-0.885714285714284,-0.87142857142857,-0.857142857142856,
-0.842857142857142,-0.828571428571428,-0.814285714285713,-0.799999999999999,
-0.785714285714285,-0.771428571428571,-0.757142857142856,-0.742857142857142,
-0.728571428571428,-0.714285714285714,-0.699999999999999,-0.685714285714285,
-0.671428571428571,-0.657142857142857,-0.642857142857142,-0.628571428571428,
-0.614285714285714,-0.6,-0.585714285714286,-0.571428571428571,-0.557142857142857,
-0.542857142857143,-0.528571428571429,-0.514285714285714,-0.5,-0.485714285714286,
-0.471428571428572,-0.457142857142857,-0.442857142857143,-0.428571428571429,
-0.414285714285714,-0.4,-0.385714285714286,-0.371428571428571,-0.357142857142857,
-0.342857142857143,-0.328571428571429,-0.314285714285714,-0.3,-0.285714285714286,
-0.271428571428571,-0.257142857142857,-0.242857142857143,-0.228571428571429,
-0.214285714285714,-0.2,-0.185714285714286,-0.171428571428571,-0.157142857142857,
-0.142857142857143,-0.128571428571429,-0.114285714285714,-0.1,-0.0857142857142857,
-0.0714285714285714,-0.0571428571428571,-0.0428571428571429,-0.0285714285714286,
-0.0142857142857143,0.),(0.,0.5),.UNSPECIFIED.)
GEOMETRIC_REPRESENTATION_ITEM()
RATIONAL_B_SPLINE_SURFACE(((1.,1.),(1.,1.),(1.,1.),(1.,1.),(1.,1.),(1.,
1.),(1.,1.),(1.,1.),(1.,1.),(1.,1.),(1.,1.),(1.,1.),(1.,1.),(1.,1.),(1.,
1.),(1.,1.),(1.,1.),(1.,1.),(1.,1.),(1.,1.),(1.,1.),(1.,1.),(1.,1.),(1.,
1.),(1.,1.),(1.,1.),(1.,1.),(1.,1.),(1.,1.),(1.,1.),(1.,1.),(1.,1.),(1.,
1.),(1.,1.),(1.,1.),(1.,1.),(1.,1.),(1.,1.),(1.,1.),(1.,1.),(1.,1.),(1.,
1.),(1.,1.),(1.,1.),(1.,1.),(1.,1.),(1.,1.),(1.,1.),(1.,1.),(1.,1.),(1.,
1.),(1.,1.),(1.,1.),(1.,1.),(1.,1.),(1.,1.),(1.,1.),(1.,1.),(1.,1.),(1.,
1.),(1.,1.),(1.,1.),(1.,1.),(1.,1.),(1.,1.),(1.,1.),(1.,1.),(1.,1.),(1.,
1.),(1.,1.),(1.,1.),(1.,1.),(1.,1.),(1.,1.),(1.,1.)))
REPRESENTATION_ITEM('')
SURFACE()
);
#82=(
BOUNDED_SURFACE()
B_SPLINE_SURFACE(5,1,((#8110,#8111),(#8112,#8113),(#8114,#8115),(#8116,
#8117),(#8118,#8119),(#8120,#8121),(#8122,#8123),(#8124,#8125),(#8126,#8127),
(#8128,#8129),(#8130,#8131),(#8132,#8133),(#8134,#8135),(#8136,#8137),(#8138,
#8139),(#8140,#8141),(#8142,#8143),(#8144,#8145),(#8146,#8147),(#8148,#8149),
(#8150,#8151),(#8152,#8153),(#8154,#8155),(#8156,#8157),(#8158,#8159),(#8160,
#8161),(#8162,#8163),(#8164,#8165),(#8166,#8167),(#8168,#8169),(#8170,#8171),
(#8172,#8173),(#8174,#8175),(#8176,#8177),(#8178,#8179),(#8180,#8181),(#8182,
#8183),(#8184,#8185),(#8186,#8187),(#8188,#8189),(#8190,#8191),(#8192,#8193),
(#8194,#8195),(#8196,#8197),(#8198,#8199),(#8200,#8201),(#8202,#8203),(#8204,
#8205),(#8206,#8207),(#8208,#8209),(#8210,#8211),(#8212,#8213),(#8214,#8215),
(#8216,#8217),(#8218,#8219),(#8220,#8221),(#8222,#8223),(#8224,#8225),(#8226,
#8227),(#8228,#8229),(#8230,#8231),(#8232,#8233),(#8234,#8235),(#8236,#8237),
(#8238,#8239),(#8240,#8241),(#8242,#8243),(#8244,#8245),(#8246,#8247),(#8248,
#8249),(#8250,#8251),(#8252,#8253),(#8254,#8255),(#8256,#8257),(#8258,#8259)),
 .UNSPECIFIED.,.F.,.F.,.F.)
B_SPLINE_SURFACE_WITH_KNOTS((6,1,1,1,1,1,1,1,1,1,1,1,1,1,1,1,1,1,1,1,1,
1,1,1,1,1,1,1,1,1,1,1,1,1,1,1,1,1,1,1,1,1,1,1,1,1,1,1,1,1,1,1,1,1,1,1,1,
1,1,1,1,1,1,1,1,1,1,1,1,1,6),(2,2),(0.,0.0142857142857143,0.0285714285714286,
0.0428571428571429,0.0571428571428571,0.0714285714285714,0.0857142857142857,
0.1,0.114285714285714,0.128571428571429,0.142857142857143,0.157142857142857,
0.171428571428571,0.185714285714286,0.2,0.214285714285714,0.228571428571429,
0.242857142857143,0.257142857142857,0.271428571428571,0.285714285714286,
0.3,0.314285714285714,0.328571428571429,0.342857142857143,0.357142857142857,
0.371428571428571,0.385714285714286,0.4,0.414285714285714,0.428571428571429,
0.442857142857143,0.457142857142857,0.471428571428572,0.485714285714286,
0.5,0.514285714285714,0.528571428571429,0.542857142857143,0.557142857142857,
0.571428571428571,0.585714285714286,0.6,0.614285714285714,0.628571428571428,
0.642857142857142,0.657142857142857,0.671428571428571,0.685714285714285,
0.699999999999999,0.714285714285714,0.728571428571428,0.742857142857142,
0.757142857142856,0.771428571428571,0.785714285714285,0.799999999999999,
0.814285714285713,0.828571428571428,0.842857142857142,0.857142857142856,
0.87142857142857,0.885714285714284,0.899999999999999,0.914285714285713,
0.928571428571427,0.942857142857141,0.957142857142856,0.97142857142857,
0.985714285714284,1.),(0.,0.5),.UNSPECIFIED.)
GEOMETRIC_REPRESENTATION_ITEM()
RATIONAL_B_SPLINE_SURFACE(((1.,1.),(1.,1.),(1.,1.),(1.,1.),(1.,1.),(1.,
1.),(1.,1.),(1.,1.),(1.,1.),(1.,1.),(1.,1.),(1.,1.),(1.,1.),(1.,1.),(1.,
1.),(1.,1.),(1.,1.),(1.,1.),(1.,1.),(1.,1.),(1.,1.),(1.,1.),(1.,1.),(1.,
1.),(1.,1.),(1.,1.),(1.,1.),(1.,1.),(1.,1.),(1.,1.),(1.,1.),(1.,1.),(1.,
1.),(1.,1.),(1.,1.),(1.,1.),(1.,1.),(1.,1.),(1.,1.),(1.,1.),(1.,1.),(1.,
1.),(1.,1.),(1.,1.),(1.,1.),(1.,1.),(1.,1.),(1.,1.),(1.,1.),(1.,1.),(1.,
1.),(1.,1.),(1.,1.),(1.,1.),(1.,1.),(1.,1.),(1.,1.),(1.,1.),(1.,1.),(1.,
1.),(1.,1.),(1.,1.),(1.,1.),(1.,1.),(1.,1.),(1.,1.),(1.,1.),(1.,1.),(1.,
1.),(1.,1.),(1.,1.),(1.,1.),(1.,1.),(1.,1.),(1.,1.)))
REPRESENTATION_ITEM('')
SURFACE()
);
#83=(
BOUNDED_SURFACE()
B_SPLINE_SURFACE(5,1,((#8410,#8411),(#8412,#8413),(#8414,#8415),(#8416,
#8417),(#8418,#8419),(#8420,#8421),(#8422,#8423),(#8424,#8425),(#8426,#8427),
(#8428,#8429),(#8430,#8431),(#8432,#8433),(#8434,#8435),(#8436,#8437),(#8438,
#8439),(#8440,#8441),(#8442,#8443),(#8444,#8445),(#8446,#8447),(#8448,#8449),
(#8450,#8451),(#8452,#8453),(#8454,#8455),(#8456,#8457),(#8458,#8459),(#8460,
#8461),(#8462,#8463),(#8464,#8465),(#8466,#8467),(#8468,#8469),(#8470,#8471),
(#8472,#8473),(#8474,#8475),(#8476,#8477),(#8478,#8479),(#8480,#8481),(#8482,
#8483),(#8484,#8485),(#8486,#8487),(#8488,#8489),(#8490,#8491),(#8492,#8493),
(#8494,#8495),(#8496,#8497),(#8498,#8499),(#8500,#8501),(#8502,#8503),(#8504,
#8505),(#8506,#8507),(#8508,#8509),(#8510,#8511),(#8512,#8513),(#8514,#8515),
(#8516,#8517),(#8518,#8519),(#8520,#8521),(#8522,#8523),(#8524,#8525),(#8526,
#8527),(#8528,#8529),(#8530,#8531),(#8532,#8533),(#8534,#8535),(#8536,#8537),
(#8538,#8539),(#8540,#8541),(#8542,#8543),(#8544,#8545),(#8546,#8547),(#8548,
#8549),(#8550,#8551),(#8552,#8553),(#8554,#8555),(#8556,#8557),(#8558,#8559)),
 .UNSPECIFIED.,.F.,.F.,.F.)
B_SPLINE_SURFACE_WITH_KNOTS((6,1,1,1,1,1,1,1,1,1,1,1,1,1,1,1,1,1,1,1,1,
1,1,1,1,1,1,1,1,1,1,1,1,1,1,1,1,1,1,1,1,1,1,1,1,1,1,1,1,1,1,1,1,1,1,1,1,
1,1,1,1,1,1,1,1,1,1,1,1,1,6),(2,2),(-1.,-0.985714285714284,-0.97142857142857,
-0.957142857142856,-0.942857142857141,-0.928571428571427,-0.914285714285713,
-0.899999999999999,-0.885714285714284,-0.87142857142857,-0.857142857142856,
-0.842857142857142,-0.828571428571428,-0.814285714285713,-0.799999999999999,
-0.785714285714285,-0.771428571428571,-0.757142857142856,-0.742857142857142,
-0.728571428571428,-0.714285714285714,-0.699999999999999,-0.685714285714285,
-0.671428571428571,-0.657142857142857,-0.642857142857142,-0.628571428571428,
-0.614285714285714,-0.6,-0.585714285714286,-0.571428571428571,-0.557142857142857,
-0.542857142857143,-0.528571428571429,-0.514285714285714,-0.5,-0.485714285714286,
-0.471428571428572,-0.457142857142857,-0.442857142857143,-0.428571428571429,
-0.414285714285714,-0.4,-0.385714285714286,-0.371428571428571,-0.357142857142857,
-0.342857142857143,-0.328571428571429,-0.314285714285714,-0.3,-0.285714285714286,
-0.271428571428571,-0.257142857142857,-0.242857142857143,-0.228571428571429,
-0.214285714285714,-0.2,-0.185714285714286,-0.171428571428571,-0.157142857142857,
-0.142857142857143,-0.128571428571429,-0.114285714285714,-0.1,-0.0857142857142857,
-0.0714285714285714,-0.0571428571428571,-0.0428571428571429,-0.0285714285714286,
-0.0142857142857143,0.),(0.,0.5),.UNSPECIFIED.)
GEOMETRIC_REPRESENTATION_ITEM()
RATIONAL_B_SPLINE_SURFACE(((1.,1.),(1.,1.),(1.,1.),(1.,1.),(1.,1.),(1.,
1.),(1.,1.),(1.,1.),(1.,1.),(1.,1.),(1.,1.),(1.,1.),(1.,1.),(1.,1.),(1.,
1.),(1.,1.),(1.,1.),(1.,1.),(1.,1.),(1.,1.),(1.,1.),(1.,1.),(1.,1.),(1.,
1.),(1.,1.),(1.,1.),(1.,1.),(1.,1.),(1.,1.),(1.,1.),(1.,1.),(1.,1.),(1.,
1.),(1.,1.),(1.,1.),(1.,1.),(1.,1.),(1.,1.),(1.,1.),(1.,1.),(1.,1.),(1.,
1.),(1.,1.),(1.,1.),(1.,1.),(1.,1.),(1.,1.),(1.,1.),(1.,1.),(1.,1.),(1.,
1.),(1.,1.),(1.,1.),(1.,1.),(1.,1.),(1.,1.),(1.,1.),(1.,1.),(1.,1.),(1.,
1.),(1.,1.),(1.,1.),(1.,1.),(1.,1.),(1.,1.),(1.,1.),(1.,1.),(1.,1.),(1.,
1.),(1.,1.),(1.,1.),(1.,1.),(1.,1.),(1.,1.),(1.,1.)))
REPRESENTATION_ITEM('')
SURFACE()
);
#84=(
BOUNDED_SURFACE()
B_SPLINE_SURFACE(5,1,((#8719,#8720),(#8721,#8722),(#8723,#8724),(#8725,
#8726),(#8727,#8728),(#8729,#8730),(#8731,#8732),(#8733,#8734),(#8735,#8736),
(#8737,#8738),(#8739,#8740),(#8741,#8742),(#8743,#8744),(#8745,#8746),(#8747,
#8748),(#8749,#8750),(#8751,#8752),(#8753,#8754),(#8755,#8756),(#8757,#8758),
(#8759,#8760),(#8761,#8762),(#8763,#8764),(#8765,#8766),(#8767,#8768),(#8769,
#8770),(#8771,#8772),(#8773,#8774),(#8775,#8776),(#8777,#8778),(#8779,#8780),
(#8781,#8782),(#8783,#8784),(#8785,#8786),(#8787,#8788),(#8789,#8790),(#8791,
#8792),(#8793,#8794),(#8795,#8796),(#8797,#8798),(#8799,#8800),(#8801,#8802),
(#8803,#8804),(#8805,#8806),(#8807,#8808),(#8809,#8810),(#8811,#8812),(#8813,
#8814),(#8815,#8816),(#8817,#8818),(#8819,#8820),(#8821,#8822),(#8823,#8824),
(#8825,#8826),(#8827,#8828),(#8829,#8830),(#8831,#8832),(#8833,#8834),(#8835,
#8836),(#8837,#8838),(#8839,#8840),(#8841,#8842),(#8843,#8844),(#8845,#8846),
(#8847,#8848),(#8849,#8850),(#8851,#8852),(#8853,#8854),(#8855,#8856),(#8857,
#8858),(#8859,#8860),(#8861,#8862),(#8863,#8864),(#8865,#8866),(#8867,#8868)),
 .UNSPECIFIED.,.F.,.F.,.F.)
B_SPLINE_SURFACE_WITH_KNOTS((6,1,1,1,1,1,1,1,1,1,1,1,1,1,1,1,1,1,1,1,1,
1,1,1,1,1,1,1,1,1,1,1,1,1,1,1,1,1,1,1,1,1,1,1,1,1,1,1,1,1,1,1,1,1,1,1,1,
1,1,1,1,1,1,1,1,1,1,1,1,1,6),(2,2),(0.,0.0142857142857143,0.0285714285714286,
0.0428571428571429,0.0571428571428571,0.0714285714285714,0.0857142857142857,
0.1,0.114285714285714,0.128571428571429,0.142857142857143,0.157142857142857,
0.171428571428571,0.185714285714286,0.2,0.214285714285714,0.228571428571429,
0.242857142857143,0.257142857142857,0.271428571428571,0.285714285714286,
0.3,0.314285714285714,0.328571428571429,0.342857142857143,0.357142857142857,
0.371428571428571,0.385714285714286,0.4,0.414285714285714,0.428571428571429,
0.442857142857143,0.457142857142857,0.471428571428572,0.485714285714286,
0.5,0.514285714285714,0.528571428571429,0.542857142857143,0.557142857142857,
0.571428571428571,0.585714285714286,0.6,0.614285714285714,0.628571428571428,
0.642857142857142,0.657142857142857,0.671428571428571,0.685714285714285,
0.699999999999999,0.714285714285714,0.728571428571428,0.742857142857142,
0.757142857142856,0.771428571428571,0.785714285714285,0.799999999999999,
0.814285714285713,0.828571428571428,0.842857142857142,0.857142857142856,
0.87142857142857,0.885714285714284,0.899999999999999,0.914285714285713,
0.928571428571427,0.942857142857141,0.957142857142856,0.97142857142857,
0.985714285714284,1.),(0.,0.5),.UNSPECIFIED.)
GEOMETRIC_REPRESENTATION_ITEM()
RATIONAL_B_SPLINE_SURFACE(((1.,1.),(1.,1.),(1.,1.),(1.,1.),(1.,1.),(1.,
1.),(1.,1.),(1.,1.),(1.,1.),(1.,1.),(1.,1.),(1.,1.),(1.,1.),(1.,1.),(1.,
1.),(1.,1.),(1.,1.),(1.,1.),(1.,1.),(1.,1.),(1.,1.),(1.,1.),(1.,1.),(1.,
1.),(1.,1.),(1.,1.),(1.,1.),(1.,1.),(1.,1.),(1.,1.),(1.,1.),(1.,1.),(1.,
1.),(1.,1.),(1.,1.),(1.,1.),(1.,1.),(1.,1.),(1.,1.),(1.,1.),(1.,1.),(1.,
1.),(1.,1.),(1.,1.),(1.,1.),(1.,1.),(1.,1.),(1.,1.),(1.,1.),(1.,1.),(1.,
1.),(1.,1.),(1.,1.),(1.,1.),(1.,1.),(1.,1.),(1.,1.),(1.,1.),(1.,1.),(1.,
1.),(1.,1.),(1.,1.),(1.,1.),(1.,1.),(1.,1.),(1.,1.),(1.,1.),(1.,1.),(1.,
1.),(1.,1.),(1.,1.),(1.,1.),(1.,1.),(1.,1.),(1.,1.)))
REPRESENTATION_ITEM('')
SURFACE()
);
#85=(
BOUNDED_SURFACE()
B_SPLINE_SURFACE(5,1,((#9019,#9020),(#9021,#9022),(#9023,#9024),(#9025,
#9026),(#9027,#9028),(#9029,#9030),(#9031,#9032),(#9033,#9034),(#9035,#9036),
(#9037,#9038),(#9039,#9040),(#9041,#9042),(#9043,#9044),(#9045,#9046),(#9047,
#9048),(#9049,#9050),(#9051,#9052),(#9053,#9054),(#9055,#9056),(#9057,#9058),
(#9059,#9060),(#9061,#9062),(#9063,#9064),(#9065,#9066),(#9067,#9068),(#9069,
#9070),(#9071,#9072),(#9073,#9074),(#9075,#9076),(#9077,#9078),(#9079,#9080),
(#9081,#9082),(#9083,#9084),(#9085,#9086),(#9087,#9088),(#9089,#9090),(#9091,
#9092),(#9093,#9094),(#9095,#9096),(#9097,#9098),(#9099,#9100),(#9101,#9102),
(#9103,#9104),(#9105,#9106),(#9107,#9108),(#9109,#9110),(#9111,#9112),(#9113,
#9114),(#9115,#9116),(#9117,#9118),(#9119,#9120),(#9121,#9122),(#9123,#9124),
(#9125,#9126),(#9127,#9128),(#9129,#9130),(#9131,#9132),(#9133,#9134),(#9135,
#9136),(#9137,#9138),(#9139,#9140),(#9141,#9142),(#9143,#9144),(#9145,#9146),
(#9147,#9148),(#9149,#9150),(#9151,#9152),(#9153,#9154),(#9155,#9156),(#9157,
#9158),(#9159,#9160),(#9161,#9162),(#9163,#9164),(#9165,#9166),(#9167,#9168)),
 .UNSPECIFIED.,.F.,.F.,.F.)
B_SPLINE_SURFACE_WITH_KNOTS((6,1,1,1,1,1,1,1,1,1,1,1,1,1,1,1,1,1,1,1,1,
1,1,1,1,1,1,1,1,1,1,1,1,1,1,1,1,1,1,1,1,1,1,1,1,1,1,1,1,1,1,1,1,1,1,1,1,
1,1,1,1,1,1,1,1,1,1,1,1,1,6),(2,2),(-1.,-0.985714285714284,-0.97142857142857,
-0.957142857142856,-0.942857142857141,-0.928571428571427,-0.914285714285713,
-0.899999999999999,-0.885714285714284,-0.87142857142857,-0.857142857142856,
-0.842857142857142,-0.828571428571428,-0.814285714285713,-0.799999999999999,
-0.785714285714285,-0.771428571428571,-0.757142857142856,-0.742857142857142,
-0.728571428571428,-0.714285714285714,-0.699999999999999,-0.685714285714285,
-0.671428571428571,-0.657142857142857,-0.642857142857142,-0.628571428571428,
-0.614285714285714,-0.6,-0.585714285714286,-0.571428571428571,-0.557142857142857,
-0.542857142857143,-0.528571428571429,-0.514285714285714,-0.5,-0.485714285714286,
-0.471428571428572,-0.457142857142857,-0.442857142857143,-0.428571428571429,
-0.414285714285714,-0.4,-0.385714285714286,-0.371428571428571,-0.357142857142857,
-0.342857142857143,-0.328571428571429,-0.314285714285714,-0.3,-0.285714285714286,
-0.271428571428571,-0.257142857142857,-0.242857142857143,-0.228571428571429,
-0.214285714285714,-0.2,-0.185714285714286,-0.171428571428571,-0.157142857142857,
-0.142857142857143,-0.128571428571429,-0.114285714285714,-0.1,-0.0857142857142857,
-0.0714285714285714,-0.0571428571428571,-0.0428571428571429,-0.0285714285714286,
-0.0142857142857143,0.),(0.,0.5),.UNSPECIFIED.)
GEOMETRIC_REPRESENTATION_ITEM()
RATIONAL_B_SPLINE_SURFACE(((1.,1.),(1.,1.),(1.,1.),(1.,1.),(1.,1.),(1.,
1.),(1.,1.),(1.,1.),(1.,1.),(1.,1.),(1.,1.),(1.,1.),(1.,1.),(1.,1.),(1.,
1.),(1.,1.),(1.,1.),(1.,1.),(1.,1.),(1.,1.),(1.,1.),(1.,1.),(1.,1.),(1.,
1.),(1.,1.),(1.,1.),(1.,1.),(1.,1.),(1.,1.),(1.,1.),(1.,1.),(1.,1.),(1.,
1.),(1.,1.),(1.,1.),(1.,1.),(1.,1.),(1.,1.),(1.,1.),(1.,1.),(1.,1.),(1.,
1.),(1.,1.),(1.,1.),(1.,1.),(1.,1.),(1.,1.),(1.,1.),(1.,1.),(1.,1.),(1.,
1.),(1.,1.),(1.,1.),(1.,1.),(1.,1.),(1.,1.),(1.,1.),(1.,1.),(1.,1.),(1.,
1.),(1.,1.),(1.,1.),(1.,1.),(1.,1.),(1.,1.),(1.,1.),(1.,1.),(1.,1.),(1.,
1.),(1.,1.),(1.,1.),(1.,1.),(1.,1.),(1.,1.),(1.,1.)))
REPRESENTATION_ITEM('')
SURFACE()
);
#86=(
BOUNDED_SURFACE()
B_SPLINE_SURFACE(5,1,((#9328,#9329),(#9330,#9331),(#9332,#9333),(#9334,
#9335),(#9336,#9337),(#9338,#9339),(#9340,#9341),(#9342,#9343),(#9344,#9345),
(#9346,#9347),(#9348,#9349),(#9350,#9351),(#9352,#9353),(#9354,#9355),(#9356,
#9357),(#9358,#9359),(#9360,#9361),(#9362,#9363),(#9364,#9365),(#9366,#9367),
(#9368,#9369),(#9370,#9371),(#9372,#9373),(#9374,#9375),(#9376,#9377),(#9378,
#9379),(#9380,#9381),(#9382,#9383),(#9384,#9385),(#9386,#9387),(#9388,#9389),
(#9390,#9391),(#9392,#9393),(#9394,#9395),(#9396,#9397),(#9398,#9399),(#9400,
#9401),(#9402,#9403),(#9404,#9405),(#9406,#9407),(#9408,#9409),(#9410,#9411),
(#9412,#9413),(#9414,#9415),(#9416,#9417),(#9418,#9419),(#9420,#9421),(#9422,
#9423),(#9424,#9425),(#9426,#9427),(#9428,#9429),(#9430,#9431),(#9432,#9433),
(#9434,#9435),(#9436,#9437),(#9438,#9439),(#9440,#9441),(#9442,#9443),(#9444,
#9445),(#9446,#9447),(#9448,#9449),(#9450,#9451),(#9452,#9453),(#9454,#9455),
(#9456,#9457),(#9458,#9459),(#9460,#9461),(#9462,#9463),(#9464,#9465),(#9466,
#9467),(#9468,#9469),(#9470,#9471),(#9472,#9473),(#9474,#9475),(#9476,#9477)),
 .UNSPECIFIED.,.F.,.F.,.F.)
B_SPLINE_SURFACE_WITH_KNOTS((6,1,1,1,1,1,1,1,1,1,1,1,1,1,1,1,1,1,1,1,1,
1,1,1,1,1,1,1,1,1,1,1,1,1,1,1,1,1,1,1,1,1,1,1,1,1,1,1,1,1,1,1,1,1,1,1,1,
1,1,1,1,1,1,1,1,1,1,1,1,1,6),(2,2),(0.,0.0142857142857143,0.0285714285714286,
0.0428571428571429,0.0571428571428571,0.0714285714285714,0.0857142857142857,
0.1,0.114285714285714,0.128571428571429,0.142857142857143,0.157142857142857,
0.171428571428571,0.185714285714286,0.2,0.214285714285714,0.228571428571429,
0.242857142857143,0.257142857142857,0.271428571428571,0.285714285714286,
0.3,0.314285714285714,0.328571428571429,0.342857142857143,0.357142857142857,
0.371428571428571,0.385714285714286,0.4,0.414285714285714,0.428571428571429,
0.442857142857143,0.457142857142857,0.471428571428572,0.485714285714286,
0.5,0.514285714285714,0.528571428571429,0.542857142857143,0.557142857142857,
0.571428571428571,0.585714285714286,0.6,0.614285714285714,0.628571428571428,
0.642857142857142,0.657142857142857,0.671428571428571,0.685714285714285,
0.699999999999999,0.714285714285714,0.728571428571428,0.742857142857142,
0.757142857142856,0.771428571428571,0.785714285714285,0.799999999999999,
0.814285714285713,0.828571428571428,0.842857142857142,0.857142857142856,
0.87142857142857,0.885714285714284,0.899999999999999,0.914285714285713,
0.928571428571427,0.942857142857141,0.957142857142856,0.97142857142857,
0.985714285714284,1.),(0.,0.5),.UNSPECIFIED.)
GEOMETRIC_REPRESENTATION_ITEM()
RATIONAL_B_SPLINE_SURFACE(((1.,1.),(1.,1.),(1.,1.),(1.,1.),(1.,1.),(1.,
1.),(1.,1.),(1.,1.),(1.,1.),(1.,1.),(1.,1.),(1.,1.),(1.,1.),(1.,1.),(1.,
1.),(1.,1.),(1.,1.),(1.,1.),(1.,1.),(1.,1.),(1.,1.),(1.,1.),(1.,1.),(1.,
1.),(1.,1.),(1.,1.),(1.,1.),(1.,1.),(1.,1.),(1.,1.),(1.,1.),(1.,1.),(1.,
1.),(1.,1.),(1.,1.),(1.,1.),(1.,1.),(1.,1.),(1.,1.),(1.,1.),(1.,1.),(1.,
1.),(1.,1.),(1.,1.),(1.,1.),(1.,1.),(1.,1.),(1.,1.),(1.,1.),(1.,1.),(1.,
1.),(1.,1.),(1.,1.),(1.,1.),(1.,1.),(1.,1.),(1.,1.),(1.,1.),(1.,1.),(1.,
1.),(1.,1.),(1.,1.),(1.,1.),(1.,1.),(1.,1.),(1.,1.),(1.,1.),(1.,1.),(1.,
1.),(1.,1.),(1.,1.),(1.,1.),(1.,1.),(1.,1.),(1.,1.)))
REPRESENTATION_ITEM('')
SURFACE()
);
#87=(
BOUNDED_SURFACE()
B_SPLINE_SURFACE(5,1,((#10005,#10006),(#10007,#10008),(#10009,#10010),(#10011,
#10012),(#10013,#10014),(#10015,#10016),(#10017,#10018),(#10019,#10020),
(#10021,#10022),(#10023,#10024),(#10025,#10026),(#10027,#10028),(#10029,
#10030),(#10031,#10032),(#10033,#10034),(#10035,#10036),(#10037,#10038),
(#10039,#10040),(#10041,#10042),(#10043,#10044),(#10045,#10046),(#10047,
#10048),(#10049,#10050),(#10051,#10052),(#10053,#10054),(#10055,#10056),
(#10057,#10058),(#10059,#10060),(#10061,#10062),(#10063,#10064),(#10065,
#10066),(#10067,#10068),(#10069,#10070),(#10071,#10072),(#10073,#10074),
(#10075,#10076),(#10077,#10078),(#10079,#10080),(#10081,#10082),(#10083,
#10084),(#10085,#10086),(#10087,#10088),(#10089,#10090),(#10091,#10092),
(#10093,#10094),(#10095,#10096),(#10097,#10098),(#10099,#10100),(#10101,
#10102),(#10103,#10104),(#10105,#10106),(#10107,#10108),(#10109,#10110),
(#10111,#10112),(#10113,#10114),(#10115,#10116),(#10117,#10118),(#10119,
#10120),(#10121,#10122),(#10123,#10124),(#10125,#10126),(#10127,#10128),
(#10129,#10130),(#10131,#10132),(#10133,#10134),(#10135,#10136),(#10137,
#10138),(#10139,#10140),(#10141,#10142),(#10143,#10144),(#10145,#10146),
(#10147,#10148),(#10149,#10150),(#10151,#10152),(#10153,#10154)),
 .UNSPECIFIED.,.F.,.F.,.F.)
B_SPLINE_SURFACE_WITH_KNOTS((6,1,1,1,1,1,1,1,1,1,1,1,1,1,1,1,1,1,1,1,1,
1,1,1,1,1,1,1,1,1,1,1,1,1,1,1,1,1,1,1,1,1,1,1,1,1,1,1,1,1,1,1,1,1,1,1,1,
1,1,1,1,1,1,1,1,1,1,1,1,1,6),(2,2),(-1.,-0.985714285714284,-0.97142857142857,
-0.957142857142856,-0.942857142857141,-0.928571428571427,-0.914285714285713,
-0.899999999999999,-0.885714285714284,-0.87142857142857,-0.857142857142856,
-0.842857142857142,-0.828571428571428,-0.814285714285713,-0.799999999999999,
-0.785714285714285,-0.771428571428571,-0.757142857142856,-0.742857142857142,
-0.728571428571428,-0.714285714285714,-0.699999999999999,-0.685714285714285,
-0.671428571428571,-0.657142857142857,-0.642857142857142,-0.628571428571428,
-0.614285714285714,-0.6,-0.585714285714286,-0.571428571428571,-0.557142857142857,
-0.542857142857143,-0.528571428571429,-0.514285714285714,-0.5,-0.485714285714286,
-0.471428571428572,-0.457142857142857,-0.442857142857143,-0.428571428571429,
-0.414285714285714,-0.4,-0.385714285714286,-0.371428571428571,-0.357142857142857,
-0.342857142857143,-0.328571428571429,-0.314285714285714,-0.3,-0.285714285714286,
-0.271428571428571,-0.257142857142857,-0.242857142857143,-0.228571428571429,
-0.214285714285714,-0.2,-0.185714285714286,-0.171428571428571,-0.157142857142857,
-0.142857142857143,-0.128571428571429,-0.114285714285714,-0.1,-0.0857142857142857,
-0.0714285714285714,-0.0571428571428571,-0.0428571428571429,-0.0285714285714286,
-0.0142857142857143,0.),(0.,0.5),.UNSPECIFIED.)
GEOMETRIC_REPRESENTATION_ITEM()
RATIONAL_B_SPLINE_SURFACE(((1.,1.),(1.,1.),(1.,1.),(1.,1.),(1.,1.),(1.,
1.),(1.,1.),(1.,1.),(1.,1.),(1.,1.),(1.,1.),(1.,1.),(1.,1.),(1.,1.),(1.,
1.),(1.,1.),(1.,1.),(1.,1.),(1.,1.),(1.,1.),(1.,1.),(1.,1.),(1.,1.),(1.,
1.),(1.,1.),(1.,1.),(1.,1.),(1.,1.),(1.,1.),(1.,1.),(1.,1.),(1.,1.),(1.,
1.),(1.,1.),(1.,1.),(1.,1.),(1.,1.),(1.,1.),(1.,1.),(1.,1.),(1.,1.),(1.,
1.),(1.,1.),(1.,1.),(1.,1.),(1.,1.),(1.,1.),(1.,1.),(1.,1.),(1.,1.),(1.,
1.),(1.,1.),(1.,1.),(1.,1.),(1.,1.),(1.,1.),(1.,1.),(1.,1.),(1.,1.),(1.,
1.),(1.,1.),(1.,1.),(1.,1.),(1.,1.),(1.,1.),(1.,1.),(1.,1.),(1.,1.),(1.,
1.),(1.,1.),(1.,1.),(1.,1.),(1.,1.),(1.,1.),(1.,1.)))
REPRESENTATION_ITEM('')
SURFACE()
);
#88=(
BOUNDED_SURFACE()
B_SPLINE_SURFACE(5,1,((#10158,#10159),(#10160,#10161),(#10162,#10163),(#10164,
#10165),(#10166,#10167),(#10168,#10169),(#10170,#10171),(#10172,#10173),
(#10174,#10175),(#10176,#10177),(#10178,#10179),(#10180,#10181),(#10182,
#10183),(#10184,#10185),(#10186,#10187),(#10188,#10189),(#10190,#10191),
(#10192,#10193),(#10194,#10195),(#10196,#10197),(#10198,#10199),(#10200,
#10201),(#10202,#10203),(#10204,#10205),(#10206,#10207),(#10208,#10209),
(#10210,#10211),(#10212,#10213),(#10214,#10215),(#10216,#10217),(#10218,
#10219),(#10220,#10221),(#10222,#10223),(#10224,#10225),(#10226,#10227),
(#10228,#10229),(#10230,#10231),(#10232,#10233),(#10234,#10235),(#10236,
#10237),(#10238,#10239),(#10240,#10241),(#10242,#10243),(#10244,#10245),
(#10246,#10247),(#10248,#10249),(#10250,#10251),(#10252,#10253),(#10254,
#10255),(#10256,#10257),(#10258,#10259),(#10260,#10261),(#10262,#10263),
(#10264,#10265),(#10266,#10267),(#10268,#10269),(#10270,#10271),(#10272,
#10273),(#10274,#10275),(#10276,#10277),(#10278,#10279),(#10280,#10281),
(#10282,#10283),(#10284,#10285),(#10286,#10287),(#10288,#10289),(#10290,
#10291),(#10292,#10293),(#10294,#10295),(#10296,#10297),(#10298,#10299),
(#10300,#10301),(#10302,#10303),(#10304,#10305),(#10306,#10307)),
 .UNSPECIFIED.,.F.,.F.,.F.)
B_SPLINE_SURFACE_WITH_KNOTS((6,1,1,1,1,1,1,1,1,1,1,1,1,1,1,1,1,1,1,1,1,
1,1,1,1,1,1,1,1,1,1,1,1,1,1,1,1,1,1,1,1,1,1,1,1,1,1,1,1,1,1,1,1,1,1,1,1,
1,1,1,1,1,1,1,1,1,1,1,1,1,6),(2,2),(0.,0.0142857142857143,0.0285714285714286,
0.0428571428571429,0.0571428571428571,0.0714285714285714,0.0857142857142857,
0.1,0.114285714285714,0.128571428571429,0.142857142857143,0.157142857142857,
0.171428571428571,0.185714285714286,0.2,0.214285714285714,0.228571428571429,
0.242857142857143,0.257142857142857,0.271428571428571,0.285714285714286,
0.3,0.314285714285714,0.328571428571429,0.342857142857143,0.357142857142857,
0.371428571428571,0.385714285714286,0.4,0.414285714285714,0.428571428571429,
0.442857142857143,0.457142857142857,0.471428571428572,0.485714285714286,
0.5,0.514285714285714,0.528571428571429,0.542857142857143,0.557142857142857,
0.571428571428571,0.585714285714286,0.6,0.614285714285714,0.628571428571428,
0.642857142857142,0.657142857142857,0.671428571428571,0.685714285714285,
0.699999999999999,0.714285714285714,0.728571428571428,0.742857142857142,
0.757142857142856,0.771428571428571,0.785714285714285,0.799999999999999,
0.814285714285713,0.828571428571428,0.842857142857142,0.857142857142856,
0.87142857142857,0.885714285714284,0.899999999999999,0.914285714285713,
0.928571428571427,0.942857142857141,0.957142857142856,0.97142857142857,
0.985714285714284,1.),(0.,0.5),.UNSPECIFIED.)
GEOMETRIC_REPRESENTATION_ITEM()
RATIONAL_B_SPLINE_SURFACE(((1.,1.),(1.,1.),(1.,1.),(1.,1.),(1.,1.),(1.,
1.),(1.,1.),(1.,1.),(1.,1.),(1.,1.),(1.,1.),(1.,1.),(1.,1.),(1.,1.),(1.,
1.),(1.,1.),(1.,1.),(1.,1.),(1.,1.),(1.,1.),(1.,1.),(1.,1.),(1.,1.),(1.,
1.),(1.,1.),(1.,1.),(1.,1.),(1.,1.),(1.,1.),(1.,1.),(1.,1.),(1.,1.),(1.,
1.),(1.,1.),(1.,1.),(1.,1.),(1.,1.),(1.,1.),(1.,1.),(1.,1.),(1.,1.),(1.,
1.),(1.,1.),(1.,1.),(1.,1.),(1.,1.),(1.,1.),(1.,1.),(1.,1.),(1.,1.),(1.,
1.),(1.,1.),(1.,1.),(1.,1.),(1.,1.),(1.,1.),(1.,1.),(1.,1.),(1.,1.),(1.,
1.),(1.,1.),(1.,1.),(1.,1.),(1.,1.),(1.,1.),(1.,1.),(1.,1.),(1.,1.),(1.,
1.),(1.,1.),(1.,1.),(1.,1.),(1.,1.),(1.,1.),(1.,1.)))
REPRESENTATION_ITEM('')
SURFACE()
);
#89=PLANE('',#1935);
#90=PLANE('',#1939);
#91=PLANE('',#1943);
#92=PLANE('',#1947);
#93=PLANE('',#1951);
#94=PLANE('',#1955);
#95=PLANE('',#1959);
#96=PLANE('',#1963);
#97=PLANE('',#1967);
#98=PLANE('',#1971);
#99=PLANE('',#1975);
#100=PLANE('',#1979);
#101=PLANE('',#1983);
#102=PLANE('',#1987);
#103=PLANE('',#1991);
#104=PLANE('',#1995);
#105=PLANE('',#1999);
#106=PLANE('',#2003);
#107=PLANE('',#2007);
#108=PLANE('',#2011);
#109=PLANE('',#2015);
#110=PLANE('',#2019);
#111=PLANE('',#2053);
#112=PLANE('',#2070);
#113=PLANE('',#2099);
#114=PLANE('',#2101);
#115=FACE_OUTER_BOUND('',#214,.T.);
#116=FACE_OUTER_BOUND('',#215,.T.);
#117=FACE_OUTER_BOUND('',#216,.T.);
#118=FACE_OUTER_BOUND('',#217,.T.);
#119=FACE_OUTER_BOUND('',#218,.T.);
#120=FACE_OUTER_BOUND('',#219,.T.);
#121=FACE_OUTER_BOUND('',#220,.T.);
#122=FACE_OUTER_BOUND('',#221,.T.);
#123=FACE_OUTER_BOUND('',#222,.T.);
#124=FACE_OUTER_BOUND('',#223,.T.);
#125=FACE_OUTER_BOUND('',#224,.T.);
#126=FACE_OUTER_BOUND('',#225,.T.);
#127=FACE_OUTER_BOUND('',#226,.T.);
#128=FACE_OUTER_BOUND('',#227,.T.);
#129=FACE_OUTER_BOUND('',#228,.T.);
#130=FACE_OUTER_BOUND('',#229,.T.);
#131=FACE_OUTER_BOUND('',#230,.T.);
#132=FACE_OUTER_BOUND('',#231,.T.);
#133=FACE_OUTER_BOUND('',#232,.T.);
#134=FACE_OUTER_BOUND('',#233,.T.);
#135=FACE_OUTER_BOUND('',#234,.T.);
#136=FACE_OUTER_BOUND('',#235,.T.);
#137=FACE_OUTER_BOUND('',#236,.T.);
#138=FACE_OUTER_BOUND('',#237,.T.);
#139=FACE_OUTER_BOUND('',#238,.T.);
#140=FACE_OUTER_BOUND('',#239,.T.);
#141=FACE_OUTER_BOUND('',#240,.T.);
#142=FACE_OUTER_BOUND('',#241,.T.);
#143=FACE_OUTER_BOUND('',#242,.T.);
#144=FACE_OUTER_BOUND('',#243,.T.);
#145=FACE_OUTER_BOUND('',#244,.T.);
#146=FACE_OUTER_BOUND('',#245,.T.);
#147=FACE_OUTER_BOUND('',#246,.T.);
#148=FACE_OUTER_BOUND('',#247,.T.);
#149=FACE_OUTER_BOUND('',#248,.T.);
#150=FACE_OUTER_BOUND('',#249,.T.);
#151=FACE_OUTER_BOUND('',#250,.T.);
#152=FACE_OUTER_BOUND('',#251,.T.);
#153=FACE_OUTER_BOUND('',#252,.T.);
#154=FACE_OUTER_BOUND('',#253,.T.);
#155=FACE_OUTER_BOUND('',#254,.T.);
#156=FACE_OUTER_BOUND('',#255,.T.);
#157=FACE_OUTER_BOUND('',#256,.T.);
#158=FACE_OUTER_BOUND('',#257,.T.);
#159=FACE_OUTER_BOUND('',#258,.T.);
#160=FACE_OUTER_BOUND('',#259,.T.);
#161=FACE_OUTER_BOUND('',#260,.T.);
#162=FACE_OUTER_BOUND('',#261,.T.);
#163=FACE_OUTER_BOUND('',#262,.T.);
#164=FACE_OUTER_BOUND('',#263,.T.);
#165=FACE_OUTER_BOUND('',#264,.T.);
#166=FACE_OUTER_BOUND('',#265,.T.);
#167=FACE_OUTER_BOUND('',#266,.T.);
#168=FACE_OUTER_BOUND('',#267,.T.);
#169=FACE_OUTER_BOUND('',#268,.T.);
#170=FACE_OUTER_BOUND('',#269,.T.);
#171=FACE_OUTER_BOUND('',#270,.T.);
#172=FACE_OUTER_BOUND('',#271,.T.);
#173=FACE_OUTER_BOUND('',#272,.T.);
#174=FACE_OUTER_BOUND('',#273,.T.);
#175=FACE_OUTER_BOUND('',#274,.T.);
#176=FACE_OUTER_BOUND('',#275,.T.);
#177=FACE_OUTER_BOUND('',#276,.T.);
#178=FACE_OUTER_BOUND('',#277,.T.);
#179=FACE_OUTER_BOUND('',#278,.T.);
#180=FACE_OUTER_BOUND('',#279,.T.);
#181=FACE_OUTER_BOUND('',#280,.T.);
#182=FACE_OUTER_BOUND('',#281,.T.);
#183=FACE_OUTER_BOUND('',#282,.T.);
#184=FACE_OUTER_BOUND('',#283,.T.);
#185=FACE_OUTER_BOUND('',#284,.T.);
#186=FACE_OUTER_BOUND('',#285,.T.);
#187=FACE_OUTER_BOUND('',#286,.T.);
#188=FACE_OUTER_BOUND('',#287,.T.);
#189=FACE_OUTER_BOUND('',#288,.T.);
#190=FACE_OUTER_BOUND('',#289,.T.);
#191=FACE_OUTER_BOUND('',#290,.T.);
#192=FACE_OUTER_BOUND('',#291,.T.);
#193=FACE_OUTER_BOUND('',#293,.T.);
#194=FACE_OUTER_BOUND('',#295,.T.);
#195=FACE_OUTER_BOUND('',#296,.T.);
#196=FACE_OUTER_BOUND('',#297,.T.);
#197=FACE_OUTER_BOUND('',#298,.T.);
#198=FACE_OUTER_BOUND('',#299,.T.);
#199=FACE_OUTER_BOUND('',#300,.T.);
#200=FACE_OUTER_BOUND('',#301,.T.);
#201=FACE_OUTER_BOUND('',#302,.T.);
#202=FACE_OUTER_BOUND('',#303,.T.);
#203=FACE_OUTER_BOUND('',#304,.T.);
#204=FACE_OUTER_BOUND('',#305,.T.);
#205=FACE_OUTER_BOUND('',#306,.T.);
#206=FACE_OUTER_BOUND('',#307,.T.);
#207=FACE_OUTER_BOUND('',#308,.T.);
#208=FACE_OUTER_BOUND('',#309,.T.);
#209=FACE_OUTER_BOUND('',#310,.T.);
#210=FACE_OUTER_BOUND('',#311,.T.);
#211=FACE_OUTER_BOUND('',#312,.T.);
#212=FACE_OUTER_BOUND('',#313,.T.);
#213=FACE_OUTER_BOUND('',#314,.T.);
#214=EDGE_LOOP('',(#1188,#1189,#1190,#1191));
#215=EDGE_LOOP('',(#1192,#1193,#1194,#1195));
#216=EDGE_LOOP('',(#1196,#1197,#1198,#1199));
#217=EDGE_LOOP('',(#1200,#1201,#1202,#1203));
#218=EDGE_LOOP('',(#1204,#1205,#1206,#1207));
#219=EDGE_LOOP('',(#1208,#1209,#1210,#1211));
#220=EDGE_LOOP('',(#1212,#1213,#1214,#1215));
#221=EDGE_LOOP('',(#1216,#1217,#1218,#1219));
#222=EDGE_LOOP('',(#1220,#1221,#1222,#1223));
#223=EDGE_LOOP('',(#1224,#1225,#1226,#1227));
#224=EDGE_LOOP('',(#1228,#1229,#1230,#1231));
#225=EDGE_LOOP('',(#1232,#1233,#1234,#1235));
#226=EDGE_LOOP('',(#1236,#1237,#1238,#1239));
#227=EDGE_LOOP('',(#1240,#1241,#1242,#1243));
#228=EDGE_LOOP('',(#1244,#1245,#1246,#1247));
#229=EDGE_LOOP('',(#1248,#1249,#1250,#1251));
#230=EDGE_LOOP('',(#1252,#1253,#1254,#1255));
#231=EDGE_LOOP('',(#1256,#1257,#1258,#1259));
#232=EDGE_LOOP('',(#1260,#1261,#1262,#1263));
#233=EDGE_LOOP('',(#1264,#1265,#1266,#1267));
#234=EDGE_LOOP('',(#1268,#1269,#1270,#1271));
#235=EDGE_LOOP('',(#1272,#1273,#1274,#1275));
#236=EDGE_LOOP('',(#1276,#1277,#1278,#1279));
#237=EDGE_LOOP('',(#1280,#1281,#1282,#1283));
#238=EDGE_LOOP('',(#1284,#1285,#1286,#1287));
#239=EDGE_LOOP('',(#1288,#1289,#1290,#1291));
#240=EDGE_LOOP('',(#1292,#1293,#1294,#1295));
#241=EDGE_LOOP('',(#1296,#1297,#1298,#1299));
#242=EDGE_LOOP('',(#1300,#1301,#1302,#1303));
#243=EDGE_LOOP('',(#1304,#1305,#1306,#1307));
#244=EDGE_LOOP('',(#1308,#1309,#1310,#1311));
#245=EDGE_LOOP('',(#1312,#1313,#1314,#1315));
#246=EDGE_LOOP('',(#1316,#1317,#1318,#1319));
#247=EDGE_LOOP('',(#1320,#1321,#1322,#1323));
#248=EDGE_LOOP('',(#1324,#1325,#1326,#1327));
#249=EDGE_LOOP('',(#1328,#1329,#1330,#1331));
#250=EDGE_LOOP('',(#1332,#1333,#1334,#1335));
#251=EDGE_LOOP('',(#1336,#1337,#1338,#1339));
#252=EDGE_LOOP('',(#1340,#1341,#1342,#1343));
#253=EDGE_LOOP('',(#1344,#1345,#1346,#1347));
#254=EDGE_LOOP('',(#1348,#1349,#1350,#1351));
#255=EDGE_LOOP('',(#1352,#1353,#1354,#1355));
#256=EDGE_LOOP('',(#1356,#1357,#1358,#1359));
#257=EDGE_LOOP('',(#1360,#1361,#1362,#1363));
#258=EDGE_LOOP('',(#1364,#1365,#1366,#1367));
#259=EDGE_LOOP('',(#1368,#1369,#1370,#1371));
#260=EDGE_LOOP('',(#1372,#1373,#1374,#1375));
#261=EDGE_LOOP('',(#1376,#1377,#1378,#1379));
#262=EDGE_LOOP('',(#1380,#1381,#1382,#1383));
#263=EDGE_LOOP('',(#1384,#1385,#1386,#1387));
#264=EDGE_LOOP('',(#1388,#1389,#1390,#1391));
#265=EDGE_LOOP('',(#1392,#1393,#1394,#1395));
#266=EDGE_LOOP('',(#1396,#1397,#1398,#1399));
#267=EDGE_LOOP('',(#1400,#1401,#1402,#1403));
#268=EDGE_LOOP('',(#1404,#1405,#1406,#1407));
#269=EDGE_LOOP('',(#1408,#1409,#1410,#1411));
#270=EDGE_LOOP('',(#1412,#1413,#1414,#1415));
#271=EDGE_LOOP('',(#1416,#1417,#1418,#1419));
#272=EDGE_LOOP('',(#1420,#1421,#1422,#1423));
#273=EDGE_LOOP('',(#1424,#1425,#1426,#1427));
#274=EDGE_LOOP('',(#1428,#1429,#1430,#1431));
#275=EDGE_LOOP('',(#1432,#1433,#1434,#1435));
#276=EDGE_LOOP('',(#1436,#1437,#1438,#1439));
#277=EDGE_LOOP('',(#1440,#1441,#1442,#1443));
#278=EDGE_LOOP('',(#1444,#1445,#1446,#1447));
#279=EDGE_LOOP('',(#1448,#1449,#1450,#1451));
#280=EDGE_LOOP('',(#1452,#1453,#1454,#1455));
#281=EDGE_LOOP('',(#1456,#1457,#1458,#1459));
#282=EDGE_LOOP('',(#1460,#1461,#1462,#1463));
#283=EDGE_LOOP('',(#1464,#1465,#1466,#1467));
#284=EDGE_LOOP('',(#1468,#1469,#1470,#1471));
#285=EDGE_LOOP('',(#1472,#1473,#1474,#1475));
#286=EDGE_LOOP('',(#1476,#1477,#1478,#1479));
#287=EDGE_LOOP('',(#1480,#1481,#1482,#1483));
#288=EDGE_LOOP('',(#1484,#1485,#1486,#1487));
#289=EDGE_LOOP('',(#1488,#1489,#1490,#1491));
#290=EDGE_LOOP('',(#1492,#1493,#1494,#1495));
#291=EDGE_LOOP('',(#1496,#1497,#1498,#1499,#1500,#1501,#1502,#1503,#1504,
#1505,#1506,#1507,#1508,#1509,#1510,#1511,#1512,#1513,#1514,#1515,#1516,
#1517,#1518,#1519,#1520,#1521,#1522,#1523,#1524,#1525,#1526,#1527,#1528,
#1529,#1530,#1531,#1532,#1533,#1534,#1535,#1536,#1537,#1538,#1539,#1540,
#1541,#1542,#1543,#1544,#1545,#1546,#1547,#1548,#1549,#1550,#1551,#1552,
#1553,#1554,#1555,#1556,#1557,#1558,#1559,#1560,#1561,#1562,#1563,#1564,
#1565,#1566,#1567,#1568,#1569,#1570,#1571,#1572,#1573,#1574,#1575,#1576,
#1577,#1578,#1579,#1580,#1581,#1582,#1583,#1584,#1585,#1586,#1587,#1588,
#1589,#1590,#1591));
#292=EDGE_LOOP('',(#1592));
#293=EDGE_LOOP('',(#1593,#1594,#1595,#1596,#1597,#1598,#1599,#1600,#1601,
#1602,#1603,#1604,#1605,#1606,#1607,#1608,#1609,#1610,#1611,#1612,#1613,
#1614,#1615,#1616,#1617,#1618,#1619,#1620,#1621,#1622,#1623,#1624,#1625,
#1626,#1627,#1628,#1629,#1630,#1631,#1632,#1633,#1634,#1635,#1636,#1637,
#1638,#1639,#1640,#1641,#1642,#1643,#1644,#1645,#1646,#1647,#1648,#1649,
#1650,#1651,#1652,#1653,#1654,#1655,#1656,#1657,#1658,#1659,#1660,#1661,
#1662,#1663,#1664,#1665,#1666,#1667,#1668,#1669,#1670,#1671,#1672,#1673,
#1674,#1675,#1676,#1677,#1678,#1679,#1680,#1681,#1682,#1683,#1684,#1685,
#1686,#1687,#1688));
#294=EDGE_LOOP('',(#1689));
#295=EDGE_LOOP('',(#1690,#1691,#1692,#1693));
#296=EDGE_LOOP('',(#1694,#1695,#1696,#1697));
#297=EDGE_LOOP('',(#1698,#1699,#1700,#1701));
#298=EDGE_LOOP('',(#1702,#1703,#1704,#1705));
#299=EDGE_LOOP('',(#1706,#1707,#1708,#1709));
#300=EDGE_LOOP('',(#1710,#1711,#1712,#1713));
#301=EDGE_LOOP('',(#1714,#1715,#1716,#1717));
#302=EDGE_LOOP('',(#1718,#1719,#1720,#1721));
#303=EDGE_LOOP('',(#1722,#1723,#1724,#1725));
#304=EDGE_LOOP('',(#1726,#1727,#1728,#1729));
#305=EDGE_LOOP('',(#1730,#1731,#1732,#1733));
#306=EDGE_LOOP('',(#1734,#1735,#1736,#1737));
#307=EDGE_LOOP('',(#1738,#1739,#1740,#1741));
#308=EDGE_LOOP('',(#1742,#1743,#1744,#1745));
#309=EDGE_LOOP('',(#1746,#1747,#1748,#1749));
#310=EDGE_LOOP('',(#1750,#1751,#1752,#1753));
#311=EDGE_LOOP('',(#1754,#1755,#1756,#1757));
#312=EDGE_LOOP('',(#1758,#1759,#1760,#1761));
#313=EDGE_LOOP('',(#1762,#1763,#1764,#1765));
#314=EDGE_LOOP('',(#1766,#1767,#1768,#1769));
#315=LINE('',#2604,#460);
#316=LINE('',#2607,#461);
#317=LINE('',#2610,#462);
#318=LINE('',#2612,#463);
#319=LINE('',#2613,#464);
#320=LINE('',#2619,#465);
#321=LINE('',#2622,#466);
#322=LINE('',#2625,#467);
#323=LINE('',#2627,#468);
#324=LINE('',#2628,#469);
#325=LINE('',#2634,#470);
#326=LINE('',#2637,#471);
#327=LINE('',#2640,#472);
#328=LINE('',#2642,#473);
#329=LINE('',#2643,#474);
#330=LINE('',#2649,#475);
#331=LINE('',#2652,#476);
#332=LINE('',#2655,#477);
#333=LINE('',#2657,#478);
#334=LINE('',#2658,#479);
#335=LINE('',#2664,#480);
#336=LINE('',#2667,#481);
#337=LINE('',#2670,#482);
#338=LINE('',#2672,#483);
#339=LINE('',#2673,#484);
#340=LINE('',#2679,#485);
#341=LINE('',#2682,#486);
#342=LINE('',#2685,#487);
#343=LINE('',#2687,#488);
#344=LINE('',#2688,#489);
#345=LINE('',#2694,#490);
#346=LINE('',#2697,#491);
#347=LINE('',#2700,#492);
#348=LINE('',#2702,#493);
#349=LINE('',#2703,#494);
#350=LINE('',#2709,#495);
#351=LINE('',#2712,#496);
#352=LINE('',#2715,#497);
#353=LINE('',#2717,#498);
#354=LINE('',#2718,#499);
#355=LINE('',#2724,#500);
#356=LINE('',#2727,#501);
#357=LINE('',#2730,#502);
#358=LINE('',#2732,#503);
#359=LINE('',#2733,#504);
#360=LINE('',#2739,#505);
#361=LINE('',#2742,#506);
#362=LINE('',#2745,#507);
#363=LINE('',#2747,#508);
#364=LINE('',#2748,#509);
#365=LINE('',#2754,#510);
#366=LINE('',#2757,#511);
#367=LINE('',#2760,#512);
#368=LINE('',#2762,#513);
#369=LINE('',#2763,#514);
#370=LINE('',#2769,#515);
#371=LINE('',#2772,#516);
#372=LINE('',#2775,#517);
#373=LINE('',#2777,#518);
#374=LINE('',#2778,#519);
#375=LINE('',#2784,#520);
#376=LINE('',#2787,#521);
#377=LINE('',#2790,#522);
#378=LINE('',#2792,#523);
#379=LINE('',#2793,#524);
#380=LINE('',#2799,#525);
#381=LINE('',#2802,#526);
#382=LINE('',#2805,#527);
#383=LINE('',#2807,#528);
#384=LINE('',#2808,#529);
#385=LINE('',#2814,#530);
#386=LINE('',#2817,#531);
#387=LINE('',#2820,#532);
#388=LINE('',#2822,#533);
#389=LINE('',#2823,#534);
#390=LINE('',#2829,#535);
#391=LINE('',#2832,#536);
#392=LINE('',#2835,#537);
#393=LINE('',#2837,#538);
#394=LINE('',#2838,#539);
#395=LINE('',#2844,#540);
#396=LINE('',#2847,#541);
#397=LINE('',#2850,#542);
#398=LINE('',#2852,#543);
#399=LINE('',#2853,#544);
#400=LINE('',#2859,#545);
#401=LINE('',#2862,#546);
#402=LINE('',#2865,#547);
#403=LINE('',#2867,#548);
#404=LINE('',#2868,#549);
#405=LINE('',#2874,#550);
#406=LINE('',#2877,#551);
#407=LINE('',#2880,#552);
#408=LINE('',#2882,#553);
#409=LINE('',#2883,#554);
#410=LINE('',#2889,#555);
#411=LINE('',#2892,#556);
#412=LINE('',#2895,#557);
#413=LINE('',#2897,#558);
#414=LINE('',#2898,#559);
#415=LINE('',#2904,#560);
#416=LINE('',#2907,#561);
#417=LINE('',#2910,#562);
#418=LINE('',#2912,#563);
#419=LINE('',#2913,#564);
#420=LINE('',#2919,#565);
#421=LINE('',#2922,#566);
#422=LINE('',#2925,#567);
#423=LINE('',#2927,#568);
#424=LINE('',#2928,#569);
#425=LINE('',#3231,#570);
#426=LINE('',#3237,#571);
#427=LINE('',#3840,#572);
#428=LINE('',#3846,#573);
#429=LINE('',#4449,#574);
#430=LINE('',#4455,#575);
#431=LINE('',#5058,#576);
#432=LINE('',#5064,#577);
#433=LINE('',#5667,#578);
#434=LINE('',#5673,#579);
#435=LINE('',#6276,#580);
#436=LINE('',#6282,#581);
#437=LINE('',#6885,#582);
#438=LINE('',#6891,#583);
#439=LINE('',#7494,#584);
#440=LINE('',#7500,#585);
#441=LINE('',#8103,#586);
#442=LINE('',#8109,#587);
#443=LINE('',#8712,#588);
#444=LINE('',#8718,#589);
#445=LINE('',#9321,#590);
#446=LINE('',#9327,#591);
#447=LINE('',#9643,#592);
#448=LINE('',#9799,#593);
#449=LINE('',#9812,#594);
#450=LINE('',#9968,#595);
#451=LINE('',#9985,#596);
#452=LINE('',#9997,#597);
#453=LINE('',#9999,#598);
#454=LINE('',#10001,#599);
#455=LINE('',#10002,#600);
#456=LINE('',#10004,#601);
#457=LINE('',#10155,#602);
#458=LINE('',#10157,#603);
#459=LINE('',#10309,#604);
#460=VECTOR('',#2111,10.);
#461=VECTOR('',#2114,10.);
#462=VECTOR('',#2117,10.);
#463=VECTOR('',#2118,10.);
#464=VECTOR('',#2119,10.);
#465=VECTOR('',#2124,10.);
#466=VECTOR('',#2127,10.);
#467=VECTOR('',#2130,10.);
#468=VECTOR('',#2131,10.);
#469=VECTOR('',#2132,10.);
#470=VECTOR('',#2137,10.);
#471=VECTOR('',#2140,10.);
#472=VECTOR('',#2143,10.);
#473=VECTOR('',#2144,10.);
#474=VECTOR('',#2145,10.);
#475=VECTOR('',#2150,10.);
#476=VECTOR('',#2153,10.);
#477=VECTOR('',#2156,10.);
#478=VECTOR('',#2157,10.);
#479=VECTOR('',#2158,10.);
#480=VECTOR('',#2163,10.);
#481=VECTOR('',#2166,10.);
#482=VECTOR('',#2169,10.);
#483=VECTOR('',#2170,10.);
#484=VECTOR('',#2171,10.);
#485=VECTOR('',#2176,10.);
#486=VECTOR('',#2179,10.);
#487=VECTOR('',#2182,10.);
#488=VECTOR('',#2183,10.);
#489=VECTOR('',#2184,10.);
#490=VECTOR('',#2189,10.);
#491=VECTOR('',#2192,10.);
#492=VECTOR('',#2195,10.);
#493=VECTOR('',#2196,10.);
#494=VECTOR('',#2197,10.);
#495=VECTOR('',#2202,10.);
#496=VECTOR('',#2205,10.);
#497=VECTOR('',#2208,10.);
#498=VECTOR('',#2209,10.);
#499=VECTOR('',#2210,10.);
#500=VECTOR('',#2215,10.);
#501=VECTOR('',#2218,10.);
#502=VECTOR('',#2221,10.);
#503=VECTOR('',#2222,10.);
#504=VECTOR('',#2223,10.);
#505=VECTOR('',#2228,10.);
#506=VECTOR('',#2231,10.);
#507=VECTOR('',#2234,10.);
#508=VECTOR('',#2235,10.);
#509=VECTOR('',#2236,10.);
#510=VECTOR('',#2241,10.);
#511=VECTOR('',#2244,10.);
#512=VECTOR('',#2247,10.);
#513=VECTOR('',#2248,10.);
#514=VECTOR('',#2249,10.);
#515=VECTOR('',#2254,10.);
#516=VECTOR('',#2257,10.);
#517=VECTOR('',#2260,10.);
#518=VECTOR('',#2261,10.);
#519=VECTOR('',#2262,10.);
#520=VECTOR('',#2267,10.);
#521=VECTOR('',#2270,10.);
#522=VECTOR('',#2273,10.);
#523=VECTOR('',#2274,10.);
#524=VECTOR('',#2275,10.);
#525=VECTOR('',#2280,10.);
#526=VECTOR('',#2283,10.);
#527=VECTOR('',#2286,10.);
#528=VECTOR('',#2287,10.);
#529=VECTOR('',#2288,10.);
#530=VECTOR('',#2293,10.);
#531=VECTOR('',#2296,10.);
#532=VECTOR('',#2299,10.);
#533=VECTOR('',#2300,10.);
#534=VECTOR('',#2301,10.);
#535=VECTOR('',#2306,10.);
#536=VECTOR('',#2309,10.);
#537=VECTOR('',#2312,10.);
#538=VECTOR('',#2313,10.);
#539=VECTOR('',#2314,10.);
#540=VECTOR('',#2319,10.);
#541=VECTOR('',#2322,10.);
#542=VECTOR('',#2325,10.);
#543=VECTOR('',#2326,10.);
#544=VECTOR('',#2327,10.);
#545=VECTOR('',#2332,10.);
#546=VECTOR('',#2335,10.);
#547=VECTOR('',#2338,10.);
#548=VECTOR('',#2339,10.);
#549=VECTOR('',#2340,10.);
#550=VECTOR('',#2345,10.);
#551=VECTOR('',#2348,10.);
#552=VECTOR('',#2351,10.);
#553=VECTOR('',#2352,10.);
#554=VECTOR('',#2353,10.);
#555=VECTOR('',#2358,10.);
#556=VECTOR('',#2361,10.);
#557=VECTOR('',#2364,10.);
#558=VECTOR('',#2365,10.);
#559=VECTOR('',#2366,10.);
#560=VECTOR('',#2371,10.);
#561=VECTOR('',#2374,10.);
#562=VECTOR('',#2377,10.);
#563=VECTOR('',#2378,10.);
#564=VECTOR('',#2379,10.);
#565=VECTOR('',#2384,10.);
#566=VECTOR('',#2387,10.);
#567=VECTOR('',#2390,10.);
#568=VECTOR('',#2391,10.);
#569=VECTOR('',#2392,10.);
#570=VECTOR('',#2393,10.);
#571=VECTOR('',#2400,10.);
#572=VECTOR('',#2401,10.);
#573=VECTOR('',#2408,10.);
#574=VECTOR('',#2409,10.);
#575=VECTOR('',#2416,10.);
#576=VECTOR('',#2417,10.);
#577=VECTOR('',#2424,10.);
#578=VECTOR('',#2425,10.);
#579=VECTOR('',#2432,10.);
#580=VECTOR('',#2433,10.);
#581=VECTOR('',#2440,10.);
#582=VECTOR('',#2441,10.);
#583=VECTOR('',#2448,10.);
#584=VECTOR('',#2449,10.);
#585=VECTOR('',#2456,10.);
#586=VECTOR('',#2457,10.);
#587=VECTOR('',#2464,10.);
#588=VECTOR('',#2465,10.);
#589=VECTOR('',#2472,10.);
#590=VECTOR('',#2473,10.);
#591=VECTOR('',#2480,10.);
#592=VECTOR('',#2505,10.);
#593=VECTOR('',#2508,10.);
#594=VECTOR('',#2523,10.);
#595=VECTOR('',#2526,10.);
#596=VECTOR('',#2555,10.);
#597=VECTOR('',#2578,10.);
#598=VECTOR('',#2581,10.);
#599=VECTOR('',#2584,10.);
#600=VECTOR('',#2585,10.);
#601=VECTOR('',#2588,10.);
#602=VECTOR('',#2589,10.);
#603=VECTOR('',#2592,10.);
#604=VECTOR('',#2595,1.);
#605=CIRCLE('',#1933,0.5);
#606=CIRCLE('',#1934,0.5);
#607=CIRCLE('',#1937,0.5);
#608=CIRCLE('',#1938,0.5);
#609=CIRCLE('',#1941,0.5);
#610=CIRCLE('',#1942,0.5);
#611=CIRCLE('',#1945,0.5);
#612=CIRCLE('',#1946,0.5);
#613=CIRCLE('',#1949,0.5);
#614=CIRCLE('',#1950,0.5);
#615=CIRCLE('',#1953,0.5);
#616=CIRCLE('',#1954,0.5);
#617=CIRCLE('',#1957,0.5);
#618=CIRCLE('',#1958,0.5);
#619=CIRCLE('',#1961,0.5);
#620=CIRCLE('',#1962,0.5);
#621=CIRCLE('',#1965,0.5);
#622=CIRCLE('',#1966,0.5);
#623=CIRCLE('',#1969,0.5);
#624=CIRCLE('',#1970,0.5);
#625=CIRCLE('',#1973,0.5);
#626=CIRCLE('',#1974,0.5);
#627=CIRCLE('',#1977,0.5);
#628=CIRCLE('',#1978,0.5);
#629=CIRCLE('',#1981,0.5);
#630=CIRCLE('',#1982,0.5);
#631=CIRCLE('',#1985,0.5);
#632=CIRCLE('',#1986,0.5);
#633=CIRCLE('',#1989,0.5);
#634=CIRCLE('',#1990,0.5);
#635=CIRCLE('',#1993,0.5);
#636=CIRCLE('',#1994,0.5);
#637=CIRCLE('',#1997,0.5);
#638=CIRCLE('',#1998,0.5);
#639=CIRCLE('',#2001,0.5);
#640=CIRCLE('',#2002,0.5);
#641=CIRCLE('',#2005,0.5);
#642=CIRCLE('',#2006,0.5);
#643=CIRCLE('',#2009,0.5);
#644=CIRCLE('',#2010,0.5);
#645=CIRCLE('',#2013,0.5);
#646=CIRCLE('',#2014,0.5);
#647=CIRCLE('',#2017,0.5);
#648=CIRCLE('',#2018,0.5);
#649=CIRCLE('',#2021,6.99999999999911);
#650=CIRCLE('',#2022,6.99999999999911);
#651=CIRCLE('',#2024,6.99999999999911);
#652=CIRCLE('',#2025,6.99999999999911);
#653=CIRCLE('',#2027,6.99999999999911);
#654=CIRCLE('',#2028,6.99999999999911);
#655=CIRCLE('',#2030,6.99999999999911);
#656=CIRCLE('',#2031,6.99999999999911);
#657=CIRCLE('',#2033,6.99999999999911);
#658=CIRCLE('',#2034,6.99999999999911);
#659=CIRCLE('',#2036,6.99999999999911);
#660=CIRCLE('',#2037,6.99999999999911);
#661=CIRCLE('',#2039,6.99999999999911);
#662=CIRCLE('',#2040,6.99999999999911);
#663=CIRCLE('',#2042,6.99999999999911);
#664=CIRCLE('',#2043,6.99999999999911);
#665=CIRCLE('',#2045,6.99999999999911);
#666=CIRCLE('',#2046,6.99999999999911);
#667=CIRCLE('',#2048,6.99999999999911);
#668=CIRCLE('',#2049,6.99999999999911);
#669=CIRCLE('',#2051,6.99999999999911);
#670=CIRCLE('',#2052,6.99999999999911);
#671=CIRCLE('',#2054,4.843);
#672=CIRCLE('',#2055,4.843);
#673=CIRCLE('',#2056,4.843);
#674=CIRCLE('',#2057,4.843);
#675=CIRCLE('',#2058,4.843);
#676=CIRCLE('',#2059,4.843);
#677=CIRCLE('',#2060,4.843);
#678=CIRCLE('',#2061,4.843);
#679=CIRCLE('',#2062,4.843);
#680=CIRCLE('',#2063,4.843);
#681=CIRCLE('',#2064,0.5);
#682=CIRCLE('',#2065,6.99999999999911);
#683=CIRCLE('',#2066,0.5);
#684=CIRCLE('',#2067,4.843);
#685=CIRCLE('',#2068,4.843);
#686=CIRCLE('',#2069,1.);
#687=CIRCLE('',#2071,4.843);
#688=CIRCLE('',#2072,0.5);
#689=CIRCLE('',#2073,6.99999999999911);
#690=CIRCLE('',#2074,0.5);
#691=CIRCLE('',#2075,4.843);
#692=CIRCLE('',#2076,4.843);
#693=CIRCLE('',#2077,4.843);
#694=CIRCLE('',#2078,4.843);
#695=CIRCLE('',#2079,4.843);
#696=CIRCLE('',#2080,4.843);
#697=CIRCLE('',#2081,4.843);
#698=CIRCLE('',#2082,4.843);
#699=CIRCLE('',#2083,4.843);
#700=CIRCLE('',#2084,4.843);
#701=CIRCLE('',#2085,4.843);
#702=CIRCLE('',#2086,1.);
#703=VERTEX_POINT('',#2600);
#704=VERTEX_POINT('',#2601);
#705=VERTEX_POINT('',#2603);
#706=VERTEX_POINT('',#2605);
#707=VERTEX_POINT('',#2609);
#708=VERTEX_POINT('',#2611);
#709=VERTEX_POINT('',#2615);
#710=VERTEX_POINT('',#2616);
#711=VERTEX_POINT('',#2618);
#712=VERTEX_POINT('',#2620);
#713=VERTEX_POINT('',#2624);
#714=VERTEX_POINT('',#2626);
#715=VERTEX_POINT('',#2630);
#716=VERTEX_POINT('',#2631);
#717=VERTEX_POINT('',#2633);
#718=VERTEX_POINT('',#2635);
#719=VERTEX_POINT('',#2639);
#720=VERTEX_POINT('',#2641);
#721=VERTEX_POINT('',#2645);
#722=VERTEX_POINT('',#2646);
#723=VERTEX_POINT('',#2648);
#724=VERTEX_POINT('',#2650);
#725=VERTEX_POINT('',#2654);
#726=VERTEX_POINT('',#2656);
#727=VERTEX_POINT('',#2660);
#728=VERTEX_POINT('',#2661);
#729=VERTEX_POINT('',#2663);
#730=VERTEX_POINT('',#2665);
#731=VERTEX_POINT('',#2669);
#732=VERTEX_POINT('',#2671);
#733=VERTEX_POINT('',#2675);
#734=VERTEX_POINT('',#2676);
#735=VERTEX_POINT('',#2678);
#736=VERTEX_POINT('',#2680);
#737=VERTEX_POINT('',#2684);
#738=VERTEX_POINT('',#2686);
#739=VERTEX_POINT('',#2690);
#740=VERTEX_POINT('',#2691);
#741=VERTEX_POINT('',#2693);
#742=VERTEX_POINT('',#2695);
#743=VERTEX_POINT('',#2699);
#744=VERTEX_POINT('',#2701);
#745=VERTEX_POINT('',#2705);
#746=VERTEX_POINT('',#2706);
#747=VERTEX_POINT('',#2708);
#748=VERTEX_POINT('',#2710);
#749=VERTEX_POINT('',#2714);
#750=VERTEX_POINT('',#2716);
#751=VERTEX_POINT('',#2720);
#752=VERTEX_POINT('',#2721);
#753=VERTEX_POINT('',#2723);
#754=VERTEX_POINT('',#2725);
#755=VERTEX_POINT('',#2729);
#756=VERTEX_POINT('',#2731);
#757=VERTEX_POINT('',#2735);
#758=VERTEX_POINT('',#2736);
#759=VERTEX_POINT('',#2738);
#760=VERTEX_POINT('',#2740);
#761=VERTEX_POINT('',#2744);
#762=VERTEX_POINT('',#2746);
#763=VERTEX_POINT('',#2750);
#764=VERTEX_POINT('',#2751);
#765=VERTEX_POINT('',#2753);
#766=VERTEX_POINT('',#2755);
#767=VERTEX_POINT('',#2759);
#768=VERTEX_POINT('',#2761);
#769=VERTEX_POINT('',#2765);
#770=VERTEX_POINT('',#2766);
#771=VERTEX_POINT('',#2768);
#772=VERTEX_POINT('',#2770);
#773=VERTEX_POINT('',#2774);
#774=VERTEX_POINT('',#2776);
#775=VERTEX_POINT('',#2780);
#776=VERTEX_POINT('',#2781);
#777=VERTEX_POINT('',#2783);
#778=VERTEX_POINT('',#2785);
#779=VERTEX_POINT('',#2789);
#780=VERTEX_POINT('',#2791);
#781=VERTEX_POINT('',#2795);
#782=VERTEX_POINT('',#2796);
#783=VERTEX_POINT('',#2798);
#784=VERTEX_POINT('',#2800);
#785=VERTEX_POINT('',#2804);
#786=VERTEX_POINT('',#2806);
#787=VERTEX_POINT('',#2810);
#788=VERTEX_POINT('',#2811);
#789=VERTEX_POINT('',#2813);
#790=VERTEX_POINT('',#2815);
#791=VERTEX_POINT('',#2819);
#792=VERTEX_POINT('',#2821);
#793=VERTEX_POINT('',#2825);
#794=VERTEX_POINT('',#2826);
#795=VERTEX_POINT('',#2828);
#796=VERTEX_POINT('',#2830);
#797=VERTEX_POINT('',#2834);
#798=VERTEX_POINT('',#2836);
#799=VERTEX_POINT('',#2840);
#800=VERTEX_POINT('',#2841);
#801=VERTEX_POINT('',#2843);
#802=VERTEX_POINT('',#2845);
#803=VERTEX_POINT('',#2849);
#804=VERTEX_POINT('',#2851);
#805=VERTEX_POINT('',#2855);
#806=VERTEX_POINT('',#2856);
#807=VERTEX_POINT('',#2858);
#808=VERTEX_POINT('',#2860);
#809=VERTEX_POINT('',#2864);
#810=VERTEX_POINT('',#2866);
#811=VERTEX_POINT('',#2870);
#812=VERTEX_POINT('',#2871);
#813=VERTEX_POINT('',#2873);
#814=VERTEX_POINT('',#2875);
#815=VERTEX_POINT('',#2879);
#816=VERTEX_POINT('',#2881);
#817=VERTEX_POINT('',#2885);
#818=VERTEX_POINT('',#2886);
#819=VERTEX_POINT('',#2888);
#820=VERTEX_POINT('',#2890);
#821=VERTEX_POINT('',#2894);
#822=VERTEX_POINT('',#2896);
#823=VERTEX_POINT('',#2900);
#824=VERTEX_POINT('',#2901);
#825=VERTEX_POINT('',#2903);
#826=VERTEX_POINT('',#2905);
#827=VERTEX_POINT('',#2909);
#828=VERTEX_POINT('',#2911);
#829=VERTEX_POINT('',#2915);
#830=VERTEX_POINT('',#2916);
#831=VERTEX_POINT('',#2918);
#832=VERTEX_POINT('',#2920);
#833=VERTEX_POINT('',#2924);
#834=VERTEX_POINT('',#2926);
#835=VERTEX_POINT('',#3079);
#836=VERTEX_POINT('',#3155);
#837=VERTEX_POINT('',#3233);
#838=VERTEX_POINT('',#3235);
#839=VERTEX_POINT('',#3688);
#840=VERTEX_POINT('',#3764);
#841=VERTEX_POINT('',#3842);
#842=VERTEX_POINT('',#3844);
#843=VERTEX_POINT('',#4297);
#844=VERTEX_POINT('',#4373);
#845=VERTEX_POINT('',#4451);
#846=VERTEX_POINT('',#4453);
#847=VERTEX_POINT('',#4906);
#848=VERTEX_POINT('',#4982);
#849=VERTEX_POINT('',#5060);
#850=VERTEX_POINT('',#5062);
#851=VERTEX_POINT('',#5515);
#852=VERTEX_POINT('',#5591);
#853=VERTEX_POINT('',#5669);
#854=VERTEX_POINT('',#5671);
#855=VERTEX_POINT('',#6124);
#856=VERTEX_POINT('',#6200);
#857=VERTEX_POINT('',#6278);
#858=VERTEX_POINT('',#6280);
#859=VERTEX_POINT('',#6733);
#860=VERTEX_POINT('',#6809);
#861=VERTEX_POINT('',#6887);
#862=VERTEX_POINT('',#6889);
#863=VERTEX_POINT('',#7342);
#864=VERTEX_POINT('',#7418);
#865=VERTEX_POINT('',#7496);
#866=VERTEX_POINT('',#7498);
#867=VERTEX_POINT('',#7951);
#868=VERTEX_POINT('',#8027);
#869=VERTEX_POINT('',#8105);
#870=VERTEX_POINT('',#8107);
#871=VERTEX_POINT('',#8560);
#872=VERTEX_POINT('',#8636);
#873=VERTEX_POINT('',#8714);
#874=VERTEX_POINT('',#8716);
#875=VERTEX_POINT('',#9169);
#876=VERTEX_POINT('',#9245);
#877=VERTEX_POINT('',#9323);
#878=VERTEX_POINT('',#9325);
#879=VERTEX_POINT('',#9638);
#880=VERTEX_POINT('',#9640);
#881=VERTEX_POINT('',#9642);
#882=VERTEX_POINT('',#9644);
#883=VERTEX_POINT('',#9720);
#884=VERTEX_POINT('',#9722);
#885=VERTEX_POINT('',#9798);
#886=VERTEX_POINT('',#9800);
#887=VERTEX_POINT('',#9804);
#888=VERTEX_POINT('',#9807);
#889=VERTEX_POINT('',#9809);
#890=VERTEX_POINT('',#9811);
#891=VERTEX_POINT('',#9813);
#892=VERTEX_POINT('',#9889);
#893=VERTEX_POINT('',#9891);
#894=VERTEX_POINT('',#9967);
#895=VERTEX_POINT('',#9969);
#896=VERTEX_POINT('',#9982);
#897=EDGE_CURVE('',#703,#704,#605,.T.);
#898=EDGE_CURVE('',#704,#705,#315,.T.);
#899=EDGE_CURVE('',#705,#706,#606,.T.);
#900=EDGE_CURVE('',#706,#703,#316,.T.);
#901=EDGE_CURVE('',#707,#704,#317,.T.);
#902=EDGE_CURVE('',#708,#707,#318,.T.);
#903=EDGE_CURVE('',#705,#708,#319,.T.);
#904=EDGE_CURVE('',#709,#710,#607,.T.);
#905=EDGE_CURVE('',#710,#711,#320,.T.);
#906=EDGE_CURVE('',#711,#712,#608,.T.);
#907=EDGE_CURVE('',#712,#709,#321,.T.);
#908=EDGE_CURVE('',#710,#713,#322,.T.);
#909=EDGE_CURVE('',#713,#714,#323,.T.);
#910=EDGE_CURVE('',#711,#714,#324,.T.);
#911=EDGE_CURVE('',#715,#716,#609,.T.);
#912=EDGE_CURVE('',#716,#717,#325,.T.);
#913=EDGE_CURVE('',#717,#718,#610,.T.);
#914=EDGE_CURVE('',#718,#715,#326,.T.);
#915=EDGE_CURVE('',#719,#716,#327,.T.);
#916=EDGE_CURVE('',#720,#719,#328,.T.);
#917=EDGE_CURVE('',#717,#720,#329,.T.);
#918=EDGE_CURVE('',#721,#722,#611,.T.);
#919=EDGE_CURVE('',#722,#723,#330,.T.);
#920=EDGE_CURVE('',#723,#724,#612,.T.);
#921=EDGE_CURVE('',#724,#721,#331,.T.);
#922=EDGE_CURVE('',#722,#725,#332,.T.);
#923=EDGE_CURVE('',#725,#726,#333,.T.);
#924=EDGE_CURVE('',#723,#726,#334,.T.);
#925=EDGE_CURVE('',#727,#728,#613,.T.);
#926=EDGE_CURVE('',#728,#729,#335,.T.);
#927=EDGE_CURVE('',#729,#730,#614,.T.);
#928=EDGE_CURVE('',#730,#727,#336,.T.);
#929=EDGE_CURVE('',#731,#728,#337,.T.);
#930=EDGE_CURVE('',#732,#731,#338,.T.);
#931=EDGE_CURVE('',#729,#732,#339,.T.);
#932=EDGE_CURVE('',#733,#734,#615,.T.);
#933=EDGE_CURVE('',#734,#735,#340,.T.);
#934=EDGE_CURVE('',#735,#736,#616,.T.);
#935=EDGE_CURVE('',#736,#733,#341,.T.);
#936=EDGE_CURVE('',#734,#737,#342,.T.);
#937=EDGE_CURVE('',#737,#738,#343,.T.);
#938=EDGE_CURVE('',#735,#738,#344,.T.);
#939=EDGE_CURVE('',#739,#740,#617,.T.);
#940=EDGE_CURVE('',#740,#741,#345,.T.);
#941=EDGE_CURVE('',#741,#742,#618,.T.);
#942=EDGE_CURVE('',#742,#739,#346,.T.);
#943=EDGE_CURVE('',#743,#740,#347,.T.);
#944=EDGE_CURVE('',#744,#743,#348,.T.);
#945=EDGE_CURVE('',#741,#744,#349,.T.);
#946=EDGE_CURVE('',#745,#746,#619,.T.);
#947=EDGE_CURVE('',#746,#747,#350,.T.);
#948=EDGE_CURVE('',#747,#748,#620,.T.);
#949=EDGE_CURVE('',#748,#745,#351,.T.);
#950=EDGE_CURVE('',#746,#749,#352,.T.);
#951=EDGE_CURVE('',#749,#750,#353,.T.);
#952=EDGE_CURVE('',#747,#750,#354,.T.);
#953=EDGE_CURVE('',#751,#752,#621,.T.);
#954=EDGE_CURVE('',#752,#753,#355,.T.);
#955=EDGE_CURVE('',#753,#754,#622,.T.);
#956=EDGE_CURVE('',#754,#751,#356,.T.);
#957=EDGE_CURVE('',#755,#752,#357,.T.);
#958=EDGE_CURVE('',#756,#755,#358,.T.);
#959=EDGE_CURVE('',#753,#756,#359,.T.);
#960=EDGE_CURVE('',#757,#758,#623,.T.);
#961=EDGE_CURVE('',#758,#759,#360,.T.);
#962=EDGE_CURVE('',#759,#760,#624,.T.);
#963=EDGE_CURVE('',#760,#757,#361,.T.);
#964=EDGE_CURVE('',#758,#761,#362,.T.);
#965=EDGE_CURVE('',#761,#762,#363,.T.);
#966=EDGE_CURVE('',#759,#762,#364,.T.);
#967=EDGE_CURVE('',#763,#764,#625,.T.);
#968=EDGE_CURVE('',#764,#765,#365,.T.);
#969=EDGE_CURVE('',#765,#766,#626,.T.);
#970=EDGE_CURVE('',#766,#763,#366,.T.);
#971=EDGE_CURVE('',#767,#764,#367,.T.);
#972=EDGE_CURVE('',#768,#767,#368,.T.);
#973=EDGE_CURVE('',#765,#768,#369,.T.);
#974=EDGE_CURVE('',#769,#770,#627,.T.);
#975=EDGE_CURVE('',#770,#771,#370,.T.);
#976=EDGE_CURVE('',#771,#772,#628,.T.);
#977=EDGE_CURVE('',#772,#769,#371,.T.);
#978=EDGE_CURVE('',#770,#773,#372,.T.);
#979=EDGE_CURVE('',#773,#774,#373,.T.);
#980=EDGE_CURVE('',#771,#774,#374,.T.);
#981=EDGE_CURVE('',#775,#776,#629,.T.);
#982=EDGE_CURVE('',#776,#777,#375,.T.);
#983=EDGE_CURVE('',#777,#778,#630,.T.);
#984=EDGE_CURVE('',#778,#775,#376,.T.);
#985=EDGE_CURVE('',#779,#776,#377,.T.);
#986=EDGE_CURVE('',#780,#779,#378,.T.);
#987=EDGE_CURVE('',#777,#780,#379,.T.);
#988=EDGE_CURVE('',#781,#782,#631,.T.);
#989=EDGE_CURVE('',#782,#783,#380,.T.);
#990=EDGE_CURVE('',#783,#784,#632,.T.);
#991=EDGE_CURVE('',#784,#781,#381,.T.);
#992=EDGE_CURVE('',#782,#785,#382,.T.);
#993=EDGE_CURVE('',#785,#786,#383,.T.);
#994=EDGE_CURVE('',#783,#786,#384,.T.);
#995=EDGE_CURVE('',#787,#788,#633,.T.);
#996=EDGE_CURVE('',#788,#789,#385,.T.);
#997=EDGE_CURVE('',#789,#790,#634,.T.);
#998=EDGE_CURVE('',#790,#787,#386,.T.);
#999=EDGE_CURVE('',#791,#788,#387,.T.);
#1000=EDGE_CURVE('',#792,#791,#388,.T.);
#1001=EDGE_CURVE('',#789,#792,#389,.T.);
#1002=EDGE_CURVE('',#793,#794,#635,.T.);
#1003=EDGE_CURVE('',#794,#795,#390,.T.);
#1004=EDGE_CURVE('',#795,#796,#636,.T.);
#1005=EDGE_CURVE('',#796,#793,#391,.T.);
#1006=EDGE_CURVE('',#794,#797,#392,.T.);
#1007=EDGE_CURVE('',#797,#798,#393,.T.);
#1008=EDGE_CURVE('',#795,#798,#394,.T.);
#1009=EDGE_CURVE('',#799,#800,#637,.T.);
#1010=EDGE_CURVE('',#800,#801,#395,.T.);
#1011=EDGE_CURVE('',#801,#802,#638,.T.);
#1012=EDGE_CURVE('',#802,#799,#396,.T.);
#1013=EDGE_CURVE('',#803,#800,#397,.T.);
#1014=EDGE_CURVE('',#804,#803,#398,.T.);
#1015=EDGE_CURVE('',#801,#804,#399,.T.);
#1016=EDGE_CURVE('',#805,#806,#639,.T.);
#1017=EDGE_CURVE('',#806,#807,#400,.T.);
#1018=EDGE_CURVE('',#807,#808,#640,.T.);
#1019=EDGE_CURVE('',#808,#805,#401,.T.);
#1020=EDGE_CURVE('',#806,#809,#402,.T.);
#1021=EDGE_CURVE('',#809,#810,#403,.T.);
#1022=EDGE_CURVE('',#807,#810,#404,.T.);
#1023=EDGE_CURVE('',#811,#812,#641,.T.);
#1024=EDGE_CURVE('',#812,#813,#405,.T.);
#1025=EDGE_CURVE('',#813,#814,#642,.T.);
#1026=EDGE_CURVE('',#814,#811,#406,.T.);
#1027=EDGE_CURVE('',#815,#812,#407,.T.);
#1028=EDGE_CURVE('',#816,#815,#408,.T.);
#1029=EDGE_CURVE('',#813,#816,#409,.T.);
#1030=EDGE_CURVE('',#817,#818,#643,.T.);
#1031=EDGE_CURVE('',#818,#819,#410,.T.);
#1032=EDGE_CURVE('',#819,#820,#644,.T.);
#1033=EDGE_CURVE('',#820,#817,#411,.T.);
#1034=EDGE_CURVE('',#818,#821,#412,.T.);
#1035=EDGE_CURVE('',#821,#822,#413,.T.);
#1036=EDGE_CURVE('',#819,#822,#414,.T.);
#1037=EDGE_CURVE('',#823,#824,#645,.T.);
#1038=EDGE_CURVE('',#824,#825,#415,.T.);
#1039=EDGE_CURVE('',#825,#826,#646,.T.);
#1040=EDGE_CURVE('',#826,#823,#416,.T.);
#1041=EDGE_CURVE('',#827,#824,#417,.T.);
#1042=EDGE_CURVE('',#828,#827,#418,.T.);
#1043=EDGE_CURVE('',#825,#828,#419,.T.);
#1044=EDGE_CURVE('',#829,#830,#647,.T.);
#1045=EDGE_CURVE('',#830,#831,#420,.T.);
#1046=EDGE_CURVE('',#831,#832,#648,.T.);
#1047=EDGE_CURVE('',#832,#829,#421,.T.);
#1048=EDGE_CURVE('',#830,#833,#422,.T.);
#1049=EDGE_CURVE('',#833,#834,#423,.T.);
#1050=EDGE_CURVE('',#831,#834,#424,.T.);
#1051=EDGE_CURVE('',#708,#835,#17,.T.);
#1052=EDGE_CURVE('',#836,#707,#18,.T.);
#1053=EDGE_CURVE('',#835,#836,#425,.T.);
#1054=EDGE_CURVE('',#837,#835,#649,.T.);
#1055=EDGE_CURVE('',#838,#836,#650,.T.);
#1056=EDGE_CURVE('',#837,#838,#426,.T.);
#1057=EDGE_CURVE('',#713,#837,#19,.T.);
#1058=EDGE_CURVE('',#714,#838,#20,.T.);
#1059=EDGE_CURVE('',#720,#839,#21,.T.);
#1060=EDGE_CURVE('',#840,#719,#22,.T.);
#1061=EDGE_CURVE('',#839,#840,#427,.T.);
#1062=EDGE_CURVE('',#841,#839,#651,.T.);
#1063=EDGE_CURVE('',#842,#840,#652,.T.);
#1064=EDGE_CURVE('',#841,#842,#428,.T.);
#1065=EDGE_CURVE('',#725,#841,#23,.T.);
#1066=EDGE_CURVE('',#726,#842,#24,.T.);
#1067=EDGE_CURVE('',#732,#843,#25,.T.);
#1068=EDGE_CURVE('',#844,#731,#26,.T.);
#1069=EDGE_CURVE('',#843,#844,#429,.T.);
#1070=EDGE_CURVE('',#845,#843,#653,.T.);
#1071=EDGE_CURVE('',#846,#844,#654,.T.);
#1072=EDGE_CURVE('',#845,#846,#430,.T.);
#1073=EDGE_CURVE('',#737,#845,#27,.T.);
#1074=EDGE_CURVE('',#738,#846,#28,.T.);
#1075=EDGE_CURVE('',#744,#847,#29,.T.);
#1076=EDGE_CURVE('',#848,#743,#30,.T.);
#1077=EDGE_CURVE('',#847,#848,#431,.T.);
#1078=EDGE_CURVE('',#849,#847,#655,.T.);
#1079=EDGE_CURVE('',#850,#848,#656,.T.);
#1080=EDGE_CURVE('',#849,#850,#432,.T.);
#1081=EDGE_CURVE('',#749,#849,#31,.T.);
#1082=EDGE_CURVE('',#750,#850,#32,.T.);
#1083=EDGE_CURVE('',#756,#851,#33,.T.);
#1084=EDGE_CURVE('',#852,#755,#34,.T.);
#1085=EDGE_CURVE('',#851,#852,#433,.T.);
#1086=EDGE_CURVE('',#853,#851,#657,.T.);
#1087=EDGE_CURVE('',#854,#852,#658,.T.);
#1088=EDGE_CURVE('',#853,#854,#434,.T.);
#1089=EDGE_CURVE('',#761,#853,#35,.T.);
#1090=EDGE_CURVE('',#762,#854,#36,.T.);
#1091=EDGE_CURVE('',#768,#855,#37,.T.);
#1092=EDGE_CURVE('',#856,#767,#38,.T.);
#1093=EDGE_CURVE('',#855,#856,#435,.T.);
#1094=EDGE_CURVE('',#857,#855,#659,.T.);
#1095=EDGE_CURVE('',#858,#856,#660,.T.);
#1096=EDGE_CURVE('',#857,#858,#436,.T.);
#1097=EDGE_CURVE('',#773,#857,#39,.T.);
#1098=EDGE_CURVE('',#774,#858,#40,.T.);
#1099=EDGE_CURVE('',#780,#859,#41,.T.);
#1100=EDGE_CURVE('',#860,#779,#42,.T.);
#1101=EDGE_CURVE('',#859,#860,#437,.T.);
#1102=EDGE_CURVE('',#861,#859,#661,.T.);
#1103=EDGE_CURVE('',#862,#860,#662,.T.);
#1104=EDGE_CURVE('',#861,#862,#438,.T.);
#1105=EDGE_CURVE('',#785,#861,#43,.T.);
#1106=EDGE_CURVE('',#786,#862,#44,.T.);
#1107=EDGE_CURVE('',#792,#863,#45,.T.);
#1108=EDGE_CURVE('',#864,#791,#46,.T.);
#1109=EDGE_CURVE('',#863,#864,#439,.T.);
#1110=EDGE_CURVE('',#865,#863,#663,.T.);
#1111=EDGE_CURVE('',#866,#864,#664,.T.);
#1112=EDGE_CURVE('',#865,#866,#440,.T.);
#1113=EDGE_CURVE('',#797,#865,#47,.T.);
#1114=EDGE_CURVE('',#798,#866,#48,.T.);
#1115=EDGE_CURVE('',#804,#867,#49,.T.);
#1116=EDGE_CURVE('',#868,#803,#50,.T.);
#1117=EDGE_CURVE('',#867,#868,#441,.T.);
#1118=EDGE_CURVE('',#869,#867,#665,.T.);
#1119=EDGE_CURVE('',#870,#868,#666,.T.);
#1120=EDGE_CURVE('',#869,#870,#442,.T.);
#1121=EDGE_CURVE('',#809,#869,#51,.T.);
#1122=EDGE_CURVE('',#810,#870,#52,.T.);
#1123=EDGE_CURVE('',#816,#871,#53,.T.);
#1124=EDGE_CURVE('',#872,#815,#54,.T.);
#1125=EDGE_CURVE('',#871,#872,#443,.T.);
#1126=EDGE_CURVE('',#873,#871,#667,.T.);
#1127=EDGE_CURVE('',#874,#872,#668,.T.);
#1128=EDGE_CURVE('',#873,#874,#444,.T.);
#1129=EDGE_CURVE('',#821,#873,#55,.T.);
#1130=EDGE_CURVE('',#822,#874,#56,.T.);
#1131=EDGE_CURVE('',#828,#875,#57,.T.);
#1132=EDGE_CURVE('',#876,#827,#58,.T.);
#1133=EDGE_CURVE('',#875,#876,#445,.T.);
#1134=EDGE_CURVE('',#877,#875,#669,.T.);
#1135=EDGE_CURVE('',#878,#876,#670,.T.);
#1136=EDGE_CURVE('',#877,#878,#446,.T.);
#1137=EDGE_CURVE('',#833,#877,#59,.T.);
#1138=EDGE_CURVE('',#834,#878,#60,.T.);
#1139=EDGE_CURVE('',#730,#721,#671,.T.);
#1140=EDGE_CURVE('',#742,#733,#672,.T.);
#1141=EDGE_CURVE('',#754,#745,#673,.T.);
#1142=EDGE_CURVE('',#766,#757,#674,.T.);
#1143=EDGE_CURVE('',#778,#769,#675,.T.);
#1144=EDGE_CURVE('',#790,#781,#676,.T.);
#1145=EDGE_CURVE('',#802,#793,#677,.T.);
#1146=EDGE_CURVE('',#814,#805,#678,.T.);
#1147=EDGE_CURVE('',#826,#817,#679,.T.);
#1148=EDGE_CURVE('',#879,#829,#680,.T.);
#1149=EDGE_CURVE('',#880,#879,#681,.T.);
#1150=EDGE_CURVE('',#880,#881,#447,.T.);
#1151=EDGE_CURVE('',#881,#882,#61,.T.);
#1152=EDGE_CURVE('',#883,#882,#682,.T.);
#1153=EDGE_CURVE('',#884,#883,#62,.T.);
#1154=EDGE_CURVE('',#885,#884,#448,.T.);
#1155=EDGE_CURVE('',#886,#885,#683,.T.);
#1156=EDGE_CURVE('',#706,#886,#684,.T.);
#1157=EDGE_CURVE('',#718,#709,#685,.T.);
#1158=EDGE_CURVE('',#887,#887,#686,.T.);
#1159=EDGE_CURVE('',#703,#888,#687,.T.);
#1160=EDGE_CURVE('',#889,#888,#688,.T.);
#1161=EDGE_CURVE('',#889,#890,#449,.T.);
#1162=EDGE_CURVE('',#890,#891,#63,.T.);
#1163=EDGE_CURVE('',#891,#892,#689,.T.);
#1164=EDGE_CURVE('',#892,#893,#64,.T.);
#1165=EDGE_CURVE('',#893,#894,#450,.T.);
#1166=EDGE_CURVE('',#895,#894,#690,.T.);
#1167=EDGE_CURVE('',#895,#832,#691,.T.);
#1168=EDGE_CURVE('',#823,#820,#692,.T.);
#1169=EDGE_CURVE('',#811,#808,#693,.T.);
#1170=EDGE_CURVE('',#799,#796,#694,.T.);
#1171=EDGE_CURVE('',#787,#784,#695,.T.);
#1172=EDGE_CURVE('',#775,#772,#696,.T.);
#1173=EDGE_CURVE('',#763,#760,#697,.T.);
#1174=EDGE_CURVE('',#751,#748,#698,.T.);
#1175=EDGE_CURVE('',#739,#736,#699,.T.);
#1176=EDGE_CURVE('',#727,#724,#700,.T.);
#1177=EDGE_CURVE('',#715,#712,#701,.T.);
#1178=EDGE_CURVE('',#896,#896,#702,.T.);
#1179=EDGE_CURVE('',#879,#895,#451,.T.);
#1180=EDGE_CURVE('',#894,#880,#452,.T.);
#1181=EDGE_CURVE('',#881,#893,#453,.T.);
#1182=EDGE_CURVE('',#885,#889,#454,.T.);
#1183=EDGE_CURVE('',#888,#886,#455,.T.);
#1184=EDGE_CURVE('',#884,#890,#456,.T.);
#1185=EDGE_CURVE('',#882,#892,#457,.T.);
#1186=EDGE_CURVE('',#883,#891,#458,.T.);
#1187=EDGE_CURVE('',#896,#887,#459,.T.);
#1188=ORIENTED_EDGE('',*,*,#897,.T.);
#1189=ORIENTED_EDGE('',*,*,#898,.T.);
#1190=ORIENTED_EDGE('',*,*,#899,.T.);
#1191=ORIENTED_EDGE('',*,*,#900,.T.);
#1192=ORIENTED_EDGE('',*,*,#898,.F.);
#1193=ORIENTED_EDGE('',*,*,#901,.F.);
#1194=ORIENTED_EDGE('',*,*,#902,.F.);
#1195=ORIENTED_EDGE('',*,*,#903,.F.);
#1196=ORIENTED_EDGE('',*,*,#904,.T.);
#1197=ORIENTED_EDGE('',*,*,#905,.T.);
#1198=ORIENTED_EDGE('',*,*,#906,.T.);
#1199=ORIENTED_EDGE('',*,*,#907,.T.);
#1200=ORIENTED_EDGE('',*,*,#905,.F.);
#1201=ORIENTED_EDGE('',*,*,#908,.T.);
#1202=ORIENTED_EDGE('',*,*,#909,.T.);
#1203=ORIENTED_EDGE('',*,*,#910,.F.);
#1204=ORIENTED_EDGE('',*,*,#911,.T.);
#1205=ORIENTED_EDGE('',*,*,#912,.T.);
#1206=ORIENTED_EDGE('',*,*,#913,.T.);
#1207=ORIENTED_EDGE('',*,*,#914,.T.);
#1208=ORIENTED_EDGE('',*,*,#912,.F.);
#1209=ORIENTED_EDGE('',*,*,#915,.F.);
#1210=ORIENTED_EDGE('',*,*,#916,.F.);
#1211=ORIENTED_EDGE('',*,*,#917,.F.);
#1212=ORIENTED_EDGE('',*,*,#918,.T.);
#1213=ORIENTED_EDGE('',*,*,#919,.T.);
#1214=ORIENTED_EDGE('',*,*,#920,.T.);
#1215=ORIENTED_EDGE('',*,*,#921,.T.);
#1216=ORIENTED_EDGE('',*,*,#919,.F.);
#1217=ORIENTED_EDGE('',*,*,#922,.T.);
#1218=ORIENTED_EDGE('',*,*,#923,.T.);
#1219=ORIENTED_EDGE('',*,*,#924,.F.);
#1220=ORIENTED_EDGE('',*,*,#925,.T.);
#1221=ORIENTED_EDGE('',*,*,#926,.T.);
#1222=ORIENTED_EDGE('',*,*,#927,.T.);
#1223=ORIENTED_EDGE('',*,*,#928,.T.);
#1224=ORIENTED_EDGE('',*,*,#926,.F.);
#1225=ORIENTED_EDGE('',*,*,#929,.F.);
#1226=ORIENTED_EDGE('',*,*,#930,.F.);
#1227=ORIENTED_EDGE('',*,*,#931,.F.);
#1228=ORIENTED_EDGE('',*,*,#932,.T.);
#1229=ORIENTED_EDGE('',*,*,#933,.T.);
#1230=ORIENTED_EDGE('',*,*,#934,.T.);
#1231=ORIENTED_EDGE('',*,*,#935,.T.);
#1232=ORIENTED_EDGE('',*,*,#933,.F.);
#1233=ORIENTED_EDGE('',*,*,#936,.T.);
#1234=ORIENTED_EDGE('',*,*,#937,.T.);
#1235=ORIENTED_EDGE('',*,*,#938,.F.);
#1236=ORIENTED_EDGE('',*,*,#939,.T.);
#1237=ORIENTED_EDGE('',*,*,#940,.T.);
#1238=ORIENTED_EDGE('',*,*,#941,.T.);
#1239=ORIENTED_EDGE('',*,*,#942,.T.);
#1240=ORIENTED_EDGE('',*,*,#940,.F.);
#1241=ORIENTED_EDGE('',*,*,#943,.F.);
#1242=ORIENTED_EDGE('',*,*,#944,.F.);
#1243=ORIENTED_EDGE('',*,*,#945,.F.);
#1244=ORIENTED_EDGE('',*,*,#946,.T.);
#1245=ORIENTED_EDGE('',*,*,#947,.T.);
#1246=ORIENTED_EDGE('',*,*,#948,.T.);
#1247=ORIENTED_EDGE('',*,*,#949,.T.);
#1248=ORIENTED_EDGE('',*,*,#947,.F.);
#1249=ORIENTED_EDGE('',*,*,#950,.T.);
#1250=ORIENTED_EDGE('',*,*,#951,.T.);
#1251=ORIENTED_EDGE('',*,*,#952,.F.);
#1252=ORIENTED_EDGE('',*,*,#953,.T.);
#1253=ORIENTED_EDGE('',*,*,#954,.T.);
#1254=ORIENTED_EDGE('',*,*,#955,.T.);
#1255=ORIENTED_EDGE('',*,*,#956,.T.);
#1256=ORIENTED_EDGE('',*,*,#954,.F.);
#1257=ORIENTED_EDGE('',*,*,#957,.F.);
#1258=ORIENTED_EDGE('',*,*,#958,.F.);
#1259=ORIENTED_EDGE('',*,*,#959,.F.);
#1260=ORIENTED_EDGE('',*,*,#960,.T.);
#1261=ORIENTED_EDGE('',*,*,#961,.T.);
#1262=ORIENTED_EDGE('',*,*,#962,.T.);
#1263=ORIENTED_EDGE('',*,*,#963,.T.);
#1264=ORIENTED_EDGE('',*,*,#961,.F.);
#1265=ORIENTED_EDGE('',*,*,#964,.T.);
#1266=ORIENTED_EDGE('',*,*,#965,.T.);
#1267=ORIENTED_EDGE('',*,*,#966,.F.);
#1268=ORIENTED_EDGE('',*,*,#967,.T.);
#1269=ORIENTED_EDGE('',*,*,#968,.T.);
#1270=ORIENTED_EDGE('',*,*,#969,.T.);
#1271=ORIENTED_EDGE('',*,*,#970,.T.);
#1272=ORIENTED_EDGE('',*,*,#968,.F.);
#1273=ORIENTED_EDGE('',*,*,#971,.F.);
#1274=ORIENTED_EDGE('',*,*,#972,.F.);
#1275=ORIENTED_EDGE('',*,*,#973,.F.);
#1276=ORIENTED_EDGE('',*,*,#974,.T.);
#1277=ORIENTED_EDGE('',*,*,#975,.T.);
#1278=ORIENTED_EDGE('',*,*,#976,.T.);
#1279=ORIENTED_EDGE('',*,*,#977,.T.);
#1280=ORIENTED_EDGE('',*,*,#975,.F.);
#1281=ORIENTED_EDGE('',*,*,#978,.T.);
#1282=ORIENTED_EDGE('',*,*,#979,.T.);
#1283=ORIENTED_EDGE('',*,*,#980,.F.);
#1284=ORIENTED_EDGE('',*,*,#981,.T.);
#1285=ORIENTED_EDGE('',*,*,#982,.T.);
#1286=ORIENTED_EDGE('',*,*,#983,.T.);
#1287=ORIENTED_EDGE('',*,*,#984,.T.);
#1288=ORIENTED_EDGE('',*,*,#982,.F.);
#1289=ORIENTED_EDGE('',*,*,#985,.F.);
#1290=ORIENTED_EDGE('',*,*,#986,.F.);
#1291=ORIENTED_EDGE('',*,*,#987,.F.);
#1292=ORIENTED_EDGE('',*,*,#988,.T.);
#1293=ORIENTED_EDGE('',*,*,#989,.T.);
#1294=ORIENTED_EDGE('',*,*,#990,.T.);
#1295=ORIENTED_EDGE('',*,*,#991,.T.);
#1296=ORIENTED_EDGE('',*,*,#989,.F.);
#1297=ORIENTED_EDGE('',*,*,#992,.T.);
#1298=ORIENTED_EDGE('',*,*,#993,.T.);
#1299=ORIENTED_EDGE('',*,*,#994,.F.);
#1300=ORIENTED_EDGE('',*,*,#995,.T.);
#1301=ORIENTED_EDGE('',*,*,#996,.T.);
#1302=ORIENTED_EDGE('',*,*,#997,.T.);
#1303=ORIENTED_EDGE('',*,*,#998,.T.);
#1304=ORIENTED_EDGE('',*,*,#996,.F.);
#1305=ORIENTED_EDGE('',*,*,#999,.F.);
#1306=ORIENTED_EDGE('',*,*,#1000,.F.);
#1307=ORIENTED_EDGE('',*,*,#1001,.F.);
#1308=ORIENTED_EDGE('',*,*,#1002,.T.);
#1309=ORIENTED_EDGE('',*,*,#1003,.T.);
#1310=ORIENTED_EDGE('',*,*,#1004,.T.);
#1311=ORIENTED_EDGE('',*,*,#1005,.T.);
#1312=ORIENTED_EDGE('',*,*,#1003,.F.);
#1313=ORIENTED_EDGE('',*,*,#1006,.T.);
#1314=ORIENTED_EDGE('',*,*,#1007,.T.);
#1315=ORIENTED_EDGE('',*,*,#1008,.F.);
#1316=ORIENTED_EDGE('',*,*,#1009,.T.);
#1317=ORIENTED_EDGE('',*,*,#1010,.T.);
#1318=ORIENTED_EDGE('',*,*,#1011,.T.);
#1319=ORIENTED_EDGE('',*,*,#1012,.T.);
#1320=ORIENTED_EDGE('',*,*,#1010,.F.);
#1321=ORIENTED_EDGE('',*,*,#1013,.F.);
#1322=ORIENTED_EDGE('',*,*,#1014,.F.);
#1323=ORIENTED_EDGE('',*,*,#1015,.F.);
#1324=ORIENTED_EDGE('',*,*,#1016,.T.);
#1325=ORIENTED_EDGE('',*,*,#1017,.T.);
#1326=ORIENTED_EDGE('',*,*,#1018,.T.);
#1327=ORIENTED_EDGE('',*,*,#1019,.T.);
#1328=ORIENTED_EDGE('',*,*,#1017,.F.);
#1329=ORIENTED_EDGE('',*,*,#1020,.T.);
#1330=ORIENTED_EDGE('',*,*,#1021,.T.);
#1331=ORIENTED_EDGE('',*,*,#1022,.F.);
#1332=ORIENTED_EDGE('',*,*,#1023,.T.);
#1333=ORIENTED_EDGE('',*,*,#1024,.T.);
#1334=ORIENTED_EDGE('',*,*,#1025,.T.);
#1335=ORIENTED_EDGE('',*,*,#1026,.T.);
#1336=ORIENTED_EDGE('',*,*,#1024,.F.);
#1337=ORIENTED_EDGE('',*,*,#1027,.F.);
#1338=ORIENTED_EDGE('',*,*,#1028,.F.);
#1339=ORIENTED_EDGE('',*,*,#1029,.F.);
#1340=ORIENTED_EDGE('',*,*,#1030,.T.);
#1341=ORIENTED_EDGE('',*,*,#1031,.T.);
#1342=ORIENTED_EDGE('',*,*,#1032,.T.);
#1343=ORIENTED_EDGE('',*,*,#1033,.T.);
#1344=ORIENTED_EDGE('',*,*,#1031,.F.);
#1345=ORIENTED_EDGE('',*,*,#1034,.T.);
#1346=ORIENTED_EDGE('',*,*,#1035,.T.);
#1347=ORIENTED_EDGE('',*,*,#1036,.F.);
#1348=ORIENTED_EDGE('',*,*,#1037,.T.);
#1349=ORIENTED_EDGE('',*,*,#1038,.T.);
#1350=ORIENTED_EDGE('',*,*,#1039,.T.);
#1351=ORIENTED_EDGE('',*,*,#1040,.T.);
#1352=ORIENTED_EDGE('',*,*,#1038,.F.);
#1353=ORIENTED_EDGE('',*,*,#1041,.F.);
#1354=ORIENTED_EDGE('',*,*,#1042,.F.);
#1355=ORIENTED_EDGE('',*,*,#1043,.F.);
#1356=ORIENTED_EDGE('',*,*,#1044,.T.);
#1357=ORIENTED_EDGE('',*,*,#1045,.T.);
#1358=ORIENTED_EDGE('',*,*,#1046,.T.);
#1359=ORIENTED_EDGE('',*,*,#1047,.T.);
#1360=ORIENTED_EDGE('',*,*,#1045,.F.);
#1361=ORIENTED_EDGE('',*,*,#1048,.T.);
#1362=ORIENTED_EDGE('',*,*,#1049,.T.);
#1363=ORIENTED_EDGE('',*,*,#1050,.F.);
#1364=ORIENTED_EDGE('',*,*,#1051,.F.);
#1365=ORIENTED_EDGE('',*,*,#902,.T.);
#1366=ORIENTED_EDGE('',*,*,#1052,.F.);
#1367=ORIENTED_EDGE('',*,*,#1053,.F.);
#1368=ORIENTED_EDGE('',*,*,#1054,.T.);
#1369=ORIENTED_EDGE('',*,*,#1053,.T.);
#1370=ORIENTED_EDGE('',*,*,#1055,.F.);
#1371=ORIENTED_EDGE('',*,*,#1056,.F.);
#1372=ORIENTED_EDGE('',*,*,#1057,.T.);
#1373=ORIENTED_EDGE('',*,*,#1056,.T.);
#1374=ORIENTED_EDGE('',*,*,#1058,.F.);
#1375=ORIENTED_EDGE('',*,*,#909,.F.);
#1376=ORIENTED_EDGE('',*,*,#1059,.F.);
#1377=ORIENTED_EDGE('',*,*,#916,.T.);
#1378=ORIENTED_EDGE('',*,*,#1060,.F.);
#1379=ORIENTED_EDGE('',*,*,#1061,.F.);
#1380=ORIENTED_EDGE('',*,*,#1062,.T.);
#1381=ORIENTED_EDGE('',*,*,#1061,.T.);
#1382=ORIENTED_EDGE('',*,*,#1063,.F.);
#1383=ORIENTED_EDGE('',*,*,#1064,.F.);
#1384=ORIENTED_EDGE('',*,*,#1065,.T.);
#1385=ORIENTED_EDGE('',*,*,#1064,.T.);
#1386=ORIENTED_EDGE('',*,*,#1066,.F.);
#1387=ORIENTED_EDGE('',*,*,#923,.F.);
#1388=ORIENTED_EDGE('',*,*,#1067,.F.);
#1389=ORIENTED_EDGE('',*,*,#930,.T.);
#1390=ORIENTED_EDGE('',*,*,#1068,.F.);
#1391=ORIENTED_EDGE('',*,*,#1069,.F.);
#1392=ORIENTED_EDGE('',*,*,#1070,.T.);
#1393=ORIENTED_EDGE('',*,*,#1069,.T.);
#1394=ORIENTED_EDGE('',*,*,#1071,.F.);
#1395=ORIENTED_EDGE('',*,*,#1072,.F.);
#1396=ORIENTED_EDGE('',*,*,#1073,.T.);
#1397=ORIENTED_EDGE('',*,*,#1072,.T.);
#1398=ORIENTED_EDGE('',*,*,#1074,.F.);
#1399=ORIENTED_EDGE('',*,*,#937,.F.);
#1400=ORIENTED_EDGE('',*,*,#1075,.F.);
#1401=ORIENTED_EDGE('',*,*,#944,.T.);
#1402=ORIENTED_EDGE('',*,*,#1076,.F.);
#1403=ORIENTED_EDGE('',*,*,#1077,.F.);
#1404=ORIENTED_EDGE('',*,*,#1078,.T.);
#1405=ORIENTED_EDGE('',*,*,#1077,.T.);
#1406=ORIENTED_EDGE('',*,*,#1079,.F.);
#1407=ORIENTED_EDGE('',*,*,#1080,.F.);
#1408=ORIENTED_EDGE('',*,*,#1081,.T.);
#1409=ORIENTED_EDGE('',*,*,#1080,.T.);
#1410=ORIENTED_EDGE('',*,*,#1082,.F.);
#1411=ORIENTED_EDGE('',*,*,#951,.F.);
#1412=ORIENTED_EDGE('',*,*,#1083,.F.);
#1413=ORIENTED_EDGE('',*,*,#958,.T.);
#1414=ORIENTED_EDGE('',*,*,#1084,.F.);
#1415=ORIENTED_EDGE('',*,*,#1085,.F.);
#1416=ORIENTED_EDGE('',*,*,#1086,.T.);
#1417=ORIENTED_EDGE('',*,*,#1085,.T.);
#1418=ORIENTED_EDGE('',*,*,#1087,.F.);
#1419=ORIENTED_EDGE('',*,*,#1088,.F.);
#1420=ORIENTED_EDGE('',*,*,#1089,.T.);
#1421=ORIENTED_EDGE('',*,*,#1088,.T.);
#1422=ORIENTED_EDGE('',*,*,#1090,.F.);
#1423=ORIENTED_EDGE('',*,*,#965,.F.);
#1424=ORIENTED_EDGE('',*,*,#1091,.F.);
#1425=ORIENTED_EDGE('',*,*,#972,.T.);
#1426=ORIENTED_EDGE('',*,*,#1092,.F.);
#1427=ORIENTED_EDGE('',*,*,#1093,.F.);
#1428=ORIENTED_EDGE('',*,*,#1094,.T.);
#1429=ORIENTED_EDGE('',*,*,#1093,.T.);
#1430=ORIENTED_EDGE('',*,*,#1095,.F.);
#1431=ORIENTED_EDGE('',*,*,#1096,.F.);
#1432=ORIENTED_EDGE('',*,*,#1097,.T.);
#1433=ORIENTED_EDGE('',*,*,#1096,.T.);
#1434=ORIENTED_EDGE('',*,*,#1098,.F.);
#1435=ORIENTED_EDGE('',*,*,#979,.F.);
#1436=ORIENTED_EDGE('',*,*,#1099,.F.);
#1437=ORIENTED_EDGE('',*,*,#986,.T.);
#1438=ORIENTED_EDGE('',*,*,#1100,.F.);
#1439=ORIENTED_EDGE('',*,*,#1101,.F.);
#1440=ORIENTED_EDGE('',*,*,#1102,.T.);
#1441=ORIENTED_EDGE('',*,*,#1101,.T.);
#1442=ORIENTED_EDGE('',*,*,#1103,.F.);
#1443=ORIENTED_EDGE('',*,*,#1104,.F.);
#1444=ORIENTED_EDGE('',*,*,#1105,.T.);
#1445=ORIENTED_EDGE('',*,*,#1104,.T.);
#1446=ORIENTED_EDGE('',*,*,#1106,.F.);
#1447=ORIENTED_EDGE('',*,*,#993,.F.);
#1448=ORIENTED_EDGE('',*,*,#1107,.F.);
#1449=ORIENTED_EDGE('',*,*,#1000,.T.);
#1450=ORIENTED_EDGE('',*,*,#1108,.F.);
#1451=ORIENTED_EDGE('',*,*,#1109,.F.);
#1452=ORIENTED_EDGE('',*,*,#1110,.T.);
#1453=ORIENTED_EDGE('',*,*,#1109,.T.);
#1454=ORIENTED_EDGE('',*,*,#1111,.F.);
#1455=ORIENTED_EDGE('',*,*,#1112,.F.);
#1456=ORIENTED_EDGE('',*,*,#1113,.T.);
#1457=ORIENTED_EDGE('',*,*,#1112,.T.);
#1458=ORIENTED_EDGE('',*,*,#1114,.F.);
#1459=ORIENTED_EDGE('',*,*,#1007,.F.);
#1460=ORIENTED_EDGE('',*,*,#1115,.F.);
#1461=ORIENTED_EDGE('',*,*,#1014,.T.);
#1462=ORIENTED_EDGE('',*,*,#1116,.F.);
#1463=ORIENTED_EDGE('',*,*,#1117,.F.);
#1464=ORIENTED_EDGE('',*,*,#1118,.T.);
#1465=ORIENTED_EDGE('',*,*,#1117,.T.);
#1466=ORIENTED_EDGE('',*,*,#1119,.F.);
#1467=ORIENTED_EDGE('',*,*,#1120,.F.);
#1468=ORIENTED_EDGE('',*,*,#1121,.T.);
#1469=ORIENTED_EDGE('',*,*,#1120,.T.);
#1470=ORIENTED_EDGE('',*,*,#1122,.F.);
#1471=ORIENTED_EDGE('',*,*,#1021,.F.);
#1472=ORIENTED_EDGE('',*,*,#1123,.F.);
#1473=ORIENTED_EDGE('',*,*,#1028,.T.);
#1474=ORIENTED_EDGE('',*,*,#1124,.F.);
#1475=ORIENTED_EDGE('',*,*,#1125,.F.);
#1476=ORIENTED_EDGE('',*,*,#1126,.T.);
#1477=ORIENTED_EDGE('',*,*,#1125,.T.);
#1478=ORIENTED_EDGE('',*,*,#1127,.F.);
#1479=ORIENTED_EDGE('',*,*,#1128,.F.);
#1480=ORIENTED_EDGE('',*,*,#1129,.T.);
#1481=ORIENTED_EDGE('',*,*,#1128,.T.);
#1482=ORIENTED_EDGE('',*,*,#1130,.F.);
#1483=ORIENTED_EDGE('',*,*,#1035,.F.);
#1484=ORIENTED_EDGE('',*,*,#1131,.F.);
#1485=ORIENTED_EDGE('',*,*,#1042,.T.);
#1486=ORIENTED_EDGE('',*,*,#1132,.F.);
#1487=ORIENTED_EDGE('',*,*,#1133,.F.);
#1488=ORIENTED_EDGE('',*,*,#1134,.T.);
#1489=ORIENTED_EDGE('',*,*,#1133,.T.);
#1490=ORIENTED_EDGE('',*,*,#1135,.F.);
#1491=ORIENTED_EDGE('',*,*,#1136,.F.);
#1492=ORIENTED_EDGE('',*,*,#1137,.T.);
#1493=ORIENTED_EDGE('',*,*,#1136,.T.);
#1494=ORIENTED_EDGE('',*,*,#1138,.F.);
#1495=ORIENTED_EDGE('',*,*,#1049,.F.);
#1496=ORIENTED_EDGE('',*,*,#913,.F.);
#1497=ORIENTED_EDGE('',*,*,#917,.T.);
#1498=ORIENTED_EDGE('',*,*,#1059,.T.);
#1499=ORIENTED_EDGE('',*,*,#1062,.F.);
#1500=ORIENTED_EDGE('',*,*,#1065,.F.);
#1501=ORIENTED_EDGE('',*,*,#922,.F.);
#1502=ORIENTED_EDGE('',*,*,#918,.F.);
#1503=ORIENTED_EDGE('',*,*,#1139,.F.);
#1504=ORIENTED_EDGE('',*,*,#927,.F.);
#1505=ORIENTED_EDGE('',*,*,#931,.T.);
#1506=ORIENTED_EDGE('',*,*,#1067,.T.);
#1507=ORIENTED_EDGE('',*,*,#1070,.F.);
#1508=ORIENTED_EDGE('',*,*,#1073,.F.);
#1509=ORIENTED_EDGE('',*,*,#936,.F.);
#1510=ORIENTED_EDGE('',*,*,#932,.F.);
#1511=ORIENTED_EDGE('',*,*,#1140,.F.);
#1512=ORIENTED_EDGE('',*,*,#941,.F.);
#1513=ORIENTED_EDGE('',*,*,#945,.T.);
#1514=ORIENTED_EDGE('',*,*,#1075,.T.);
#1515=ORIENTED_EDGE('',*,*,#1078,.F.);
#1516=ORIENTED_EDGE('',*,*,#1081,.F.);
#1517=ORIENTED_EDGE('',*,*,#950,.F.);
#1518=ORIENTED_EDGE('',*,*,#946,.F.);
#1519=ORIENTED_EDGE('',*,*,#1141,.F.);
#1520=ORIENTED_EDGE('',*,*,#955,.F.);
#1521=ORIENTED_EDGE('',*,*,#959,.T.);
#1522=ORIENTED_EDGE('',*,*,#1083,.T.);
#1523=ORIENTED_EDGE('',*,*,#1086,.F.);
#1524=ORIENTED_EDGE('',*,*,#1089,.F.);
#1525=ORIENTED_EDGE('',*,*,#964,.F.);
#1526=ORIENTED_EDGE('',*,*,#960,.F.);
#1527=ORIENTED_EDGE('',*,*,#1142,.F.);
#1528=ORIENTED_EDGE('',*,*,#969,.F.);
#1529=ORIENTED_EDGE('',*,*,#973,.T.);
#1530=ORIENTED_EDGE('',*,*,#1091,.T.);
#1531=ORIENTED_EDGE('',*,*,#1094,.F.);
#1532=ORIENTED_EDGE('',*,*,#1097,.F.);
#1533=ORIENTED_EDGE('',*,*,#978,.F.);
#1534=ORIENTED_EDGE('',*,*,#974,.F.);
#1535=ORIENTED_EDGE('',*,*,#1143,.F.);
#1536=ORIENTED_EDGE('',*,*,#983,.F.);
#1537=ORIENTED_EDGE('',*,*,#987,.T.);
#1538=ORIENTED_EDGE('',*,*,#1099,.T.);
#1539=ORIENTED_EDGE('',*,*,#1102,.F.);
#1540=ORIENTED_EDGE('',*,*,#1105,.F.);
#1541=ORIENTED_EDGE('',*,*,#992,.F.);
#1542=ORIENTED_EDGE('',*,*,#988,.F.);
#1543=ORIENTED_EDGE('',*,*,#1144,.F.);
#1544=ORIENTED_EDGE('',*,*,#997,.F.);
#1545=ORIENTED_EDGE('',*,*,#1001,.T.);
#1546=ORIENTED_EDGE('',*,*,#1107,.T.);
#1547=ORIENTED_EDGE('',*,*,#1110,.F.);
#1548=ORIENTED_EDGE('',*,*,#1113,.F.);
#1549=ORIENTED_EDGE('',*,*,#1006,.F.);
#1550=ORIENTED_EDGE('',*,*,#1002,.F.);
#1551=ORIENTED_EDGE('',*,*,#1145,.F.);
#1552=ORIENTED_EDGE('',*,*,#1011,.F.);
#1553=ORIENTED_EDGE('',*,*,#1015,.T.);
#1554=ORIENTED_EDGE('',*,*,#1115,.T.);
#1555=ORIENTED_EDGE('',*,*,#1118,.F.);
#1556=ORIENTED_EDGE('',*,*,#1121,.F.);
#1557=ORIENTED_EDGE('',*,*,#1020,.F.);
#1558=ORIENTED_EDGE('',*,*,#1016,.F.);
#1559=ORIENTED_EDGE('',*,*,#1146,.F.);
#1560=ORIENTED_EDGE('',*,*,#1025,.F.);
#1561=ORIENTED_EDGE('',*,*,#1029,.T.);
#1562=ORIENTED_EDGE('',*,*,#1123,.T.);
#1563=ORIENTED_EDGE('',*,*,#1126,.F.);
#1564=ORIENTED_EDGE('',*,*,#1129,.F.);
#1565=ORIENTED_EDGE('',*,*,#1034,.F.);
#1566=ORIENTED_EDGE('',*,*,#1030,.F.);
#1567=ORIENTED_EDGE('',*,*,#1147,.F.);
#1568=ORIENTED_EDGE('',*,*,#1039,.F.);
#1569=ORIENTED_EDGE('',*,*,#1043,.T.);
#1570=ORIENTED_EDGE('',*,*,#1131,.T.);
#1571=ORIENTED_EDGE('',*,*,#1134,.F.);
#1572=ORIENTED_EDGE('',*,*,#1137,.F.);
#1573=ORIENTED_EDGE('',*,*,#1048,.F.);
#1574=ORIENTED_EDGE('',*,*,#1044,.F.);
#1575=ORIENTED_EDGE('',*,*,#1148,.F.);
#1576=ORIENTED_EDGE('',*,*,#1149,.F.);
#1577=ORIENTED_EDGE('',*,*,#1150,.T.);
#1578=ORIENTED_EDGE('',*,*,#1151,.T.);
#1579=ORIENTED_EDGE('',*,*,#1152,.F.);
#1580=ORIENTED_EDGE('',*,*,#1153,.F.);
#1581=ORIENTED_EDGE('',*,*,#1154,.F.);
#1582=ORIENTED_EDGE('',*,*,#1155,.F.);
#1583=ORIENTED_EDGE('',*,*,#1156,.F.);
#1584=ORIENTED_EDGE('',*,*,#899,.F.);
#1585=ORIENTED_EDGE('',*,*,#903,.T.);
#1586=ORIENTED_EDGE('',*,*,#1051,.T.);
#1587=ORIENTED_EDGE('',*,*,#1054,.F.);
#1588=ORIENTED_EDGE('',*,*,#1057,.F.);
#1589=ORIENTED_EDGE('',*,*,#908,.F.);
#1590=ORIENTED_EDGE('',*,*,#904,.F.);
#1591=ORIENTED_EDGE('',*,*,#1157,.F.);
#1592=ORIENTED_EDGE('',*,*,#1158,.F.);
#1593=ORIENTED_EDGE('',*,*,#1159,.T.);
#1594=ORIENTED_EDGE('',*,*,#1160,.F.);
#1595=ORIENTED_EDGE('',*,*,#1161,.T.);
#1596=ORIENTED_EDGE('',*,*,#1162,.T.);
#1597=ORIENTED_EDGE('',*,*,#1163,.T.);
#1598=ORIENTED_EDGE('',*,*,#1164,.T.);
#1599=ORIENTED_EDGE('',*,*,#1165,.T.);
#1600=ORIENTED_EDGE('',*,*,#1166,.F.);
#1601=ORIENTED_EDGE('',*,*,#1167,.T.);
#1602=ORIENTED_EDGE('',*,*,#1046,.F.);
#1603=ORIENTED_EDGE('',*,*,#1050,.T.);
#1604=ORIENTED_EDGE('',*,*,#1138,.T.);
#1605=ORIENTED_EDGE('',*,*,#1135,.T.);
#1606=ORIENTED_EDGE('',*,*,#1132,.T.);
#1607=ORIENTED_EDGE('',*,*,#1041,.T.);
#1608=ORIENTED_EDGE('',*,*,#1037,.F.);
#1609=ORIENTED_EDGE('',*,*,#1168,.T.);
#1610=ORIENTED_EDGE('',*,*,#1032,.F.);
#1611=ORIENTED_EDGE('',*,*,#1036,.T.);
#1612=ORIENTED_EDGE('',*,*,#1130,.T.);
#1613=ORIENTED_EDGE('',*,*,#1127,.T.);
#1614=ORIENTED_EDGE('',*,*,#1124,.T.);
#1615=ORIENTED_EDGE('',*,*,#1027,.T.);
#1616=ORIENTED_EDGE('',*,*,#1023,.F.);
#1617=ORIENTED_EDGE('',*,*,#1169,.T.);
#1618=ORIENTED_EDGE('',*,*,#1018,.F.);
#1619=ORIENTED_EDGE('',*,*,#1022,.T.);
#1620=ORIENTED_EDGE('',*,*,#1122,.T.);
#1621=ORIENTED_EDGE('',*,*,#1119,.T.);
#1622=ORIENTED_EDGE('',*,*,#1116,.T.);
#1623=ORIENTED_EDGE('',*,*,#1013,.T.);
#1624=ORIENTED_EDGE('',*,*,#1009,.F.);
#1625=ORIENTED_EDGE('',*,*,#1170,.T.);
#1626=ORIENTED_EDGE('',*,*,#1004,.F.);
#1627=ORIENTED_EDGE('',*,*,#1008,.T.);
#1628=ORIENTED_EDGE('',*,*,#1114,.T.);
#1629=ORIENTED_EDGE('',*,*,#1111,.T.);
#1630=ORIENTED_EDGE('',*,*,#1108,.T.);
#1631=ORIENTED_EDGE('',*,*,#999,.T.);
#1632=ORIENTED_EDGE('',*,*,#995,.F.);
#1633=ORIENTED_EDGE('',*,*,#1171,.T.);
#1634=ORIENTED_EDGE('',*,*,#990,.F.);
#1635=ORIENTED_EDGE('',*,*,#994,.T.);
#1636=ORIENTED_EDGE('',*,*,#1106,.T.);
#1637=ORIENTED_EDGE('',*,*,#1103,.T.);
#1638=ORIENTED_EDGE('',*,*,#1100,.T.);
#1639=ORIENTED_EDGE('',*,*,#985,.T.);
#1640=ORIENTED_EDGE('',*,*,#981,.F.);
#1641=ORIENTED_EDGE('',*,*,#1172,.T.);
#1642=ORIENTED_EDGE('',*,*,#976,.F.);
#1643=ORIENTED_EDGE('',*,*,#980,.T.);
#1644=ORIENTED_EDGE('',*,*,#1098,.T.);
#1645=ORIENTED_EDGE('',*,*,#1095,.T.);
#1646=ORIENTED_EDGE('',*,*,#1092,.T.);
#1647=ORIENTED_EDGE('',*,*,#971,.T.);
#1648=ORIENTED_EDGE('',*,*,#967,.F.);
#1649=ORIENTED_EDGE('',*,*,#1173,.T.);
#1650=ORIENTED_EDGE('',*,*,#962,.F.);
#1651=ORIENTED_EDGE('',*,*,#966,.T.);
#1652=ORIENTED_EDGE('',*,*,#1090,.T.);
#1653=ORIENTED_EDGE('',*,*,#1087,.T.);
#1654=ORIENTED_EDGE('',*,*,#1084,.T.);
#1655=ORIENTED_EDGE('',*,*,#957,.T.);
#1656=ORIENTED_EDGE('',*,*,#953,.F.);
#1657=ORIENTED_EDGE('',*,*,#1174,.T.);
#1658=ORIENTED_EDGE('',*,*,#948,.F.);
#1659=ORIENTED_EDGE('',*,*,#952,.T.);
#1660=ORIENTED_EDGE('',*,*,#1082,.T.);
#1661=ORIENTED_EDGE('',*,*,#1079,.T.);
#1662=ORIENTED_EDGE('',*,*,#1076,.T.);
#1663=ORIENTED_EDGE('',*,*,#943,.T.);
#1664=ORIENTED_EDGE('',*,*,#939,.F.);
#1665=ORIENTED_EDGE('',*,*,#1175,.T.);
#1666=ORIENTED_EDGE('',*,*,#934,.F.);
#1667=ORIENTED_EDGE('',*,*,#938,.T.);
#1668=ORIENTED_EDGE('',*,*,#1074,.T.);
#1669=ORIENTED_EDGE('',*,*,#1071,.T.);
#1670=ORIENTED_EDGE('',*,*,#1068,.T.);
#1671=ORIENTED_EDGE('',*,*,#929,.T.);
#1672=ORIENTED_EDGE('',*,*,#925,.F.);
#1673=ORIENTED_EDGE('',*,*,#1176,.T.);
#1674=ORIENTED_EDGE('',*,*,#920,.F.);
#1675=ORIENTED_EDGE('',*,*,#924,.T.);
#1676=ORIENTED_EDGE('',*,*,#1066,.T.);
#1677=ORIENTED_EDGE('',*,*,#1063,.T.);
#1678=ORIENTED_EDGE('',*,*,#1060,.T.);
#1679=ORIENTED_EDGE('',*,*,#915,.T.);
#1680=ORIENTED_EDGE('',*,*,#911,.F.);
#1681=ORIENTED_EDGE('',*,*,#1177,.T.);
#1682=ORIENTED_EDGE('',*,*,#906,.F.);
#1683=ORIENTED_EDGE('',*,*,#910,.T.);
#1684=ORIENTED_EDGE('',*,*,#1058,.T.);
#1685=ORIENTED_EDGE('',*,*,#1055,.T.);
#1686=ORIENTED_EDGE('',*,*,#1052,.T.);
#1687=ORIENTED_EDGE('',*,*,#901,.T.);
#1688=ORIENTED_EDGE('',*,*,#897,.F.);
#1689=ORIENTED_EDGE('',*,*,#1178,.T.);
#1690=ORIENTED_EDGE('',*,*,#1047,.F.);
#1691=ORIENTED_EDGE('',*,*,#1167,.F.);
#1692=ORIENTED_EDGE('',*,*,#1179,.F.);
#1693=ORIENTED_EDGE('',*,*,#1148,.T.);
#1694=ORIENTED_EDGE('',*,*,#1033,.F.);
#1695=ORIENTED_EDGE('',*,*,#1168,.F.);
#1696=ORIENTED_EDGE('',*,*,#1040,.F.);
#1697=ORIENTED_EDGE('',*,*,#1147,.T.);
#1698=ORIENTED_EDGE('',*,*,#1019,.F.);
#1699=ORIENTED_EDGE('',*,*,#1169,.F.);
#1700=ORIENTED_EDGE('',*,*,#1026,.F.);
#1701=ORIENTED_EDGE('',*,*,#1146,.T.);
#1702=ORIENTED_EDGE('',*,*,#1005,.F.);
#1703=ORIENTED_EDGE('',*,*,#1170,.F.);
#1704=ORIENTED_EDGE('',*,*,#1012,.F.);
#1705=ORIENTED_EDGE('',*,*,#1145,.T.);
#1706=ORIENTED_EDGE('',*,*,#991,.F.);
#1707=ORIENTED_EDGE('',*,*,#1171,.F.);
#1708=ORIENTED_EDGE('',*,*,#998,.F.);
#1709=ORIENTED_EDGE('',*,*,#1144,.T.);
#1710=ORIENTED_EDGE('',*,*,#977,.F.);
#1711=ORIENTED_EDGE('',*,*,#1172,.F.);
#1712=ORIENTED_EDGE('',*,*,#984,.F.);
#1713=ORIENTED_EDGE('',*,*,#1143,.T.);
#1714=ORIENTED_EDGE('',*,*,#963,.F.);
#1715=ORIENTED_EDGE('',*,*,#1173,.F.);
#1716=ORIENTED_EDGE('',*,*,#970,.F.);
#1717=ORIENTED_EDGE('',*,*,#1142,.T.);
#1718=ORIENTED_EDGE('',*,*,#949,.F.);
#1719=ORIENTED_EDGE('',*,*,#1174,.F.);
#1720=ORIENTED_EDGE('',*,*,#956,.F.);
#1721=ORIENTED_EDGE('',*,*,#1141,.T.);
#1722=ORIENTED_EDGE('',*,*,#935,.F.);
#1723=ORIENTED_EDGE('',*,*,#1175,.F.);
#1724=ORIENTED_EDGE('',*,*,#942,.F.);
#1725=ORIENTED_EDGE('',*,*,#1140,.T.);
#1726=ORIENTED_EDGE('',*,*,#921,.F.);
#1727=ORIENTED_EDGE('',*,*,#1176,.F.);
#1728=ORIENTED_EDGE('',*,*,#928,.F.);
#1729=ORIENTED_EDGE('',*,*,#1139,.T.);
#1730=ORIENTED_EDGE('',*,*,#907,.F.);
#1731=ORIENTED_EDGE('',*,*,#1177,.F.);
#1732=ORIENTED_EDGE('',*,*,#914,.F.);
#1733=ORIENTED_EDGE('',*,*,#1157,.T.);
#1734=ORIENTED_EDGE('',*,*,#1166,.T.);
#1735=ORIENTED_EDGE('',*,*,#1180,.T.);
#1736=ORIENTED_EDGE('',*,*,#1149,.T.);
#1737=ORIENTED_EDGE('',*,*,#1179,.T.);
#1738=ORIENTED_EDGE('',*,*,#1180,.F.);
#1739=ORIENTED_EDGE('',*,*,#1165,.F.);
#1740=ORIENTED_EDGE('',*,*,#1181,.F.);
#1741=ORIENTED_EDGE('',*,*,#1150,.F.);
#1742=ORIENTED_EDGE('',*,*,#1155,.T.);
#1743=ORIENTED_EDGE('',*,*,#1182,.T.);
#1744=ORIENTED_EDGE('',*,*,#1160,.T.);
#1745=ORIENTED_EDGE('',*,*,#1183,.T.);
#1746=ORIENTED_EDGE('',*,*,#1182,.F.);
#1747=ORIENTED_EDGE('',*,*,#1154,.T.);
#1748=ORIENTED_EDGE('',*,*,#1184,.T.);
#1749=ORIENTED_EDGE('',*,*,#1161,.F.);
#1750=ORIENTED_EDGE('',*,*,#1151,.F.);
#1751=ORIENTED_EDGE('',*,*,#1181,.T.);
#1752=ORIENTED_EDGE('',*,*,#1164,.F.);
#1753=ORIENTED_EDGE('',*,*,#1185,.F.);
#1754=ORIENTED_EDGE('',*,*,#1152,.T.);
#1755=ORIENTED_EDGE('',*,*,#1185,.T.);
#1756=ORIENTED_EDGE('',*,*,#1163,.F.);
#1757=ORIENTED_EDGE('',*,*,#1186,.F.);
#1758=ORIENTED_EDGE('',*,*,#1153,.T.);
#1759=ORIENTED_EDGE('',*,*,#1186,.T.);
#1760=ORIENTED_EDGE('',*,*,#1162,.F.);
#1761=ORIENTED_EDGE('',*,*,#1184,.F.);
#1762=ORIENTED_EDGE('',*,*,#1178,.F.);
#1763=ORIENTED_EDGE('',*,*,#1187,.T.);
#1764=ORIENTED_EDGE('',*,*,#1158,.T.);
#1765=ORIENTED_EDGE('',*,*,#1187,.F.);
#1766=ORIENTED_EDGE('',*,*,#900,.F.);
#1767=ORIENTED_EDGE('',*,*,#1156,.T.);
#1768=ORIENTED_EDGE('',*,*,#1183,.F.);
#1769=ORIENTED_EDGE('',*,*,#1159,.F.);
#1770=CYLINDRICAL_SURFACE('',#1932,0.5);
#1771=CYLINDRICAL_SURFACE('',#1936,0.5);
#1772=CYLINDRICAL_SURFACE('',#1940,0.5);
#1773=CYLINDRICAL_SURFACE('',#1944,0.5);
#1774=CYLINDRICAL_SURFACE('',#1948,0.5);
#1775=CYLINDRICAL_SURFACE('',#1952,0.5);
#1776=CYLINDRICAL_SURFACE('',#1956,0.5);
#1777=CYLINDRICAL_SURFACE('',#1960,0.5);
#1778=CYLINDRICAL_SURFACE('',#1964,0.5);
#1779=CYLINDRICAL_SURFACE('',#1968,0.5);
#1780=CYLINDRICAL_SURFACE('',#1972,0.5);
#1781=CYLINDRICAL_SURFACE('',#1976,0.5);
#1782=CYLINDRICAL_SURFACE('',#1980,0.5);
#1783=CYLINDRICAL_SURFACE('',#1984,0.5);
#1784=CYLINDRICAL_SURFACE('',#1988,0.5);
#1785=CYLINDRICAL_SURFACE('',#1992,0.5);
#1786=CYLINDRICAL_SURFACE('',#1996,0.5);
#1787=CYLINDRICAL_SURFACE('',#2000,0.5);
#1788=CYLINDRICAL_SURFACE('',#2004,0.5);
#1789=CYLINDRICAL_SURFACE('',#2008,0.5);
#1790=CYLINDRICAL_SURFACE('',#2012,0.5);
#1791=CYLINDRICAL_SURFACE('',#2016,0.5);
#1792=CYLINDRICAL_SURFACE('',#2020,6.99999999999911);
#1793=CYLINDRICAL_SURFACE('',#2023,6.99999999999911);
#1794=CYLINDRICAL_SURFACE('',#2026,6.99999999999911);
#1795=CYLINDRICAL_SURFACE('',#2029,6.99999999999911);
#1796=CYLINDRICAL_SURFACE('',#2032,6.99999999999911);
#1797=CYLINDRICAL_SURFACE('',#2035,6.99999999999911);
#1798=CYLINDRICAL_SURFACE('',#2038,6.99999999999911);
#1799=CYLINDRICAL_SURFACE('',#2041,6.99999999999911);
#1800=CYLINDRICAL_SURFACE('',#2044,6.99999999999911);
#1801=CYLINDRICAL_SURFACE('',#2047,6.99999999999911);
#1802=CYLINDRICAL_SURFACE('',#2050,6.99999999999911);
#1803=CYLINDRICAL_SURFACE('',#2087,4.843);
#1804=CYLINDRICAL_SURFACE('',#2088,4.843);
#1805=CYLINDRICAL_SURFACE('',#2089,4.843);
#1806=CYLINDRICAL_SURFACE('',#2090,4.843);
#1807=CYLINDRICAL_SURFACE('',#2091,4.843);
#1808=CYLINDRICAL_SURFACE('',#2092,4.843);
#1809=CYLINDRICAL_SURFACE('',#2093,4.843);
#1810=CYLINDRICAL_SURFACE('',#2094,4.843);
#1811=CYLINDRICAL_SURFACE('',#2095,4.843);
#1812=CYLINDRICAL_SURFACE('',#2096,4.843);
#1813=CYLINDRICAL_SURFACE('',#2097,4.843);
#1814=CYLINDRICAL_SURFACE('',#2098,0.5);
#1815=CYLINDRICAL_SURFACE('',#2100,0.5);
#1816=CYLINDRICAL_SURFACE('',#2102,6.99999999999911);
#1817=CYLINDRICAL_SURFACE('',#2103,1.);
#1818=CYLINDRICAL_SURFACE('',#2104,4.843);
#1819=ADVANCED_FACE('',(#115),#1770,.F.);
#1820=ADVANCED_FACE('',(#116),#89,.T.);
#1821=ADVANCED_FACE('',(#117),#1771,.F.);
#1822=ADVANCED_FACE('',(#118),#90,.T.);
#1823=ADVANCED_FACE('',(#119),#1772,.F.);
#1824=ADVANCED_FACE('',(#120),#91,.T.);
#1825=ADVANCED_FACE('',(#121),#1773,.F.);
#1826=ADVANCED_FACE('',(#122),#92,.T.);
#1827=ADVANCED_FACE('',(#123),#1774,.F.);
#1828=ADVANCED_FACE('',(#124),#93,.T.);
#1829=ADVANCED_FACE('',(#125),#1775,.F.);
#1830=ADVANCED_FACE('',(#126),#94,.T.);
#1831=ADVANCED_FACE('',(#127),#1776,.F.);
#1832=ADVANCED_FACE('',(#128),#95,.T.);
#1833=ADVANCED_FACE('',(#129),#1777,.F.);
#1834=ADVANCED_FACE('',(#130),#96,.T.);
#1835=ADVANCED_FACE('',(#131),#1778,.F.);
#1836=ADVANCED_FACE('',(#132),#97,.T.);
#1837=ADVANCED_FACE('',(#133),#1779,.F.);
#1838=ADVANCED_FACE('',(#134),#98,.T.);
#1839=ADVANCED_FACE('',(#135),#1780,.F.);
#1840=ADVANCED_FACE('',(#136),#99,.T.);
#1841=ADVANCED_FACE('',(#137),#1781,.F.);
#1842=ADVANCED_FACE('',(#138),#100,.T.);
#1843=ADVANCED_FACE('',(#139),#1782,.F.);
#1844=ADVANCED_FACE('',(#140),#101,.T.);
#1845=ADVANCED_FACE('',(#141),#1783,.F.);
#1846=ADVANCED_FACE('',(#142),#102,.T.);
#1847=ADVANCED_FACE('',(#143),#1784,.F.);
#1848=ADVANCED_FACE('',(#144),#103,.T.);
#1849=ADVANCED_FACE('',(#145),#1785,.F.);
#1850=ADVANCED_FACE('',(#146),#104,.T.);
#1851=ADVANCED_FACE('',(#147),#1786,.F.);
#1852=ADVANCED_FACE('',(#148),#105,.T.);
#1853=ADVANCED_FACE('',(#149),#1787,.F.);
#1854=ADVANCED_FACE('',(#150),#106,.T.);
#1855=ADVANCED_FACE('',(#151),#1788,.F.);
#1856=ADVANCED_FACE('',(#152),#107,.T.);
#1857=ADVANCED_FACE('',(#153),#1789,.F.);
#1858=ADVANCED_FACE('',(#154),#108,.T.);
#1859=ADVANCED_FACE('',(#155),#1790,.F.);
#1860=ADVANCED_FACE('',(#156),#109,.T.);
#1861=ADVANCED_FACE('',(#157),#1791,.F.);
#1862=ADVANCED_FACE('',(#158),#110,.T.);
#1863=ADVANCED_FACE('',(#159),#65,.T.);
#1864=ADVANCED_FACE('',(#160),#1792,.T.);
#1865=ADVANCED_FACE('',(#161),#66,.T.);
#1866=ADVANCED_FACE('',(#162),#67,.T.);
#1867=ADVANCED_FACE('',(#163),#1793,.T.);
#1868=ADVANCED_FACE('',(#164),#68,.T.);
#1869=ADVANCED_FACE('',(#165),#69,.T.);
#1870=ADVANCED_FACE('',(#166),#1794,.T.);
#1871=ADVANCED_FACE('',(#167),#70,.T.);
#1872=ADVANCED_FACE('',(#168),#71,.T.);
#1873=ADVANCED_FACE('',(#169),#1795,.T.);
#1874=ADVANCED_FACE('',(#170),#72,.T.);
#1875=ADVANCED_FACE('',(#171),#73,.T.);
#1876=ADVANCED_FACE('',(#172),#1796,.T.);
#1877=ADVANCED_FACE('',(#173),#74,.T.);
#1878=ADVANCED_FACE('',(#174),#75,.T.);
#1879=ADVANCED_FACE('',(#175),#1797,.T.);
#1880=ADVANCED_FACE('',(#176),#76,.T.);
#1881=ADVANCED_FACE('',(#177),#77,.T.);
#1882=ADVANCED_FACE('',(#178),#1798,.T.);
#1883=ADVANCED_FACE('',(#179),#78,.T.);
#1884=ADVANCED_FACE('',(#180),#79,.T.);
#1885=ADVANCED_FACE('',(#181),#1799,.T.);
#1886=ADVANCED_FACE('',(#182),#80,.T.);
#1887=ADVANCED_FACE('',(#183),#81,.T.);
#1888=ADVANCED_FACE('',(#184),#1800,.T.);
#1889=ADVANCED_FACE('',(#185),#82,.T.);
#1890=ADVANCED_FACE('',(#186),#83,.T.);
#1891=ADVANCED_FACE('',(#187),#1801,.T.);
#1892=ADVANCED_FACE('',(#188),#84,.T.);
#1893=ADVANCED_FACE('',(#189),#85,.T.);
#1894=ADVANCED_FACE('',(#190),#1802,.T.);
#1895=ADVANCED_FACE('',(#191),#86,.T.);
#1896=ADVANCED_FACE('',(#192,#15),#111,.F.);
#1897=ADVANCED_FACE('',(#193,#16),#112,.T.);
#1898=ADVANCED_FACE('',(#194),#1803,.T.);
#1899=ADVANCED_FACE('',(#195),#1804,.T.);
#1900=ADVANCED_FACE('',(#196),#1805,.T.);
#1901=ADVANCED_FACE('',(#197),#1806,.T.);
#1902=ADVANCED_FACE('',(#198),#1807,.T.);
#1903=ADVANCED_FACE('',(#199),#1808,.T.);
#1904=ADVANCED_FACE('',(#200),#1809,.T.);
#1905=ADVANCED_FACE('',(#201),#1810,.T.);
#1906=ADVANCED_FACE('',(#202),#1811,.T.);
#1907=ADVANCED_FACE('',(#203),#1812,.T.);
#1908=ADVANCED_FACE('',(#204),#1813,.T.);
#1909=ADVANCED_FACE('',(#205),#1814,.F.);
#1910=ADVANCED_FACE('',(#206),#113,.T.);
#1911=ADVANCED_FACE('',(#207),#1815,.F.);
#1912=ADVANCED_FACE('',(#208),#114,.T.);
#1913=ADVANCED_FACE('',(#209),#87,.T.);
#1914=ADVANCED_FACE('',(#210),#1816,.T.);
#1915=ADVANCED_FACE('',(#211),#88,.T.);
#1916=ADVANCED_FACE('',(#212),#1817,.F.);
#1917=ADVANCED_FACE('',(#213),#1818,.T.);
#1918=CLOSED_SHELL('',(#1819,#1820,#1821,#1822,#1823,#1824,#1825,#1826,
#1827,#1828,#1829,#1830,#1831,#1832,#1833,#1834,#1835,#1836,#1837,#1838,
#1839,#1840,#1841,#1842,#1843,#1844,#1845,#1846,#1847,#1848,#1849,#1850,
#1851,#1852,#1853,#1854,#1855,#1856,#1857,#1858,#1859,#1860,#1861,#1862,
#1863,#1864,#1865,#1866,#1867,#1868,#1869,#1870,#1871,#1872,#1873,#1874,
#1875,#1876,#1877,#1878,#1879,#1880,#1881,#1882,#1883,#1884,#1885,#1886,
#1887,#1888,#1889,#1890,#1891,#1892,#1893,#1894,#1895,#1896,#1897,#1898,
#1899,#1900,#1901,#1902,#1903,#1904,#1905,#1906,#1907,#1908,#1909,#1910,
#1911,#1912,#1913,#1914,#1915,#1916,#1917));
#1919=DERIVED_UNIT_ELEMENT(#1921,1.);
#1920=DERIVED_UNIT_ELEMENT(#10316,-3.);
#1921=(
MASS_UNIT()
NAMED_UNIT(*)
SI_UNIT(.KILO.,.GRAM.)
);
#1922=DERIVED_UNIT((#1919,#1920));
#1923=MEASURE_REPRESENTATION_ITEM('density measure',
POSITIVE_RATIO_MEASURE(7850.),#1922);
#1924=PROPERTY_DEFINITION_REPRESENTATION(#1929,#1926);
#1925=PROPERTY_DEFINITION_REPRESENTATION(#1930,#1927);
#1926=REPRESENTATION('material name',(#1928),#10313);
#1927=REPRESENTATION('density',(#1923),#10313);
#1928=DESCRIPTIVE_REPRESENTATION_ITEM('Steel','Steel');
#1929=PROPERTY_DEFINITION('material property','material name',#10323);
#1930=PROPERTY_DEFINITION('material property','density of part',#10323);
#1931=AXIS2_PLACEMENT_3D('',#2598,#2105,#2106);
#1932=AXIS2_PLACEMENT_3D('',#2599,#2107,#2108);
#1933=AXIS2_PLACEMENT_3D('',#2602,#2109,#2110);
#1934=AXIS2_PLACEMENT_3D('',#2606,#2112,#2113);
#1935=AXIS2_PLACEMENT_3D('',#2608,#2115,#2116);
#1936=AXIS2_PLACEMENT_3D('',#2614,#2120,#2121);
#1937=AXIS2_PLACEMENT_3D('',#2617,#2122,#2123);
#1938=AXIS2_PLACEMENT_3D('',#2621,#2125,#2126);
#1939=AXIS2_PLACEMENT_3D('',#2623,#2128,#2129);
#1940=AXIS2_PLACEMENT_3D('',#2629,#2133,#2134);
#1941=AXIS2_PLACEMENT_3D('',#2632,#2135,#2136);
#1942=AXIS2_PLACEMENT_3D('',#2636,#2138,#2139);
#1943=AXIS2_PLACEMENT_3D('',#2638,#2141,#2142);
#1944=AXIS2_PLACEMENT_3D('',#2644,#2146,#2147);
#1945=AXIS2_PLACEMENT_3D('',#2647,#2148,#2149);
#1946=AXIS2_PLACEMENT_3D('',#2651,#2151,#2152);
#1947=AXIS2_PLACEMENT_3D('',#2653,#2154,#2155);
#1948=AXIS2_PLACEMENT_3D('',#2659,#2159,#2160);
#1949=AXIS2_PLACEMENT_3D('',#2662,#2161,#2162);
#1950=AXIS2_PLACEMENT_3D('',#2666,#2164,#2165);
#1951=AXIS2_PLACEMENT_3D('',#2668,#2167,#2168);
#1952=AXIS2_PLACEMENT_3D('',#2674,#2172,#2173);
#1953=AXIS2_PLACEMENT_3D('',#2677,#2174,#2175);
#1954=AXIS2_PLACEMENT_3D('',#2681,#2177,#2178);
#1955=AXIS2_PLACEMENT_3D('',#2683,#2180,#2181);
#1956=AXIS2_PLACEMENT_3D('',#2689,#2185,#2186);
#1957=AXIS2_PLACEMENT_3D('',#2692,#2187,#2188);
#1958=AXIS2_PLACEMENT_3D('',#2696,#2190,#2191);
#1959=AXIS2_PLACEMENT_3D('',#2698,#2193,#2194);
#1960=AXIS2_PLACEMENT_3D('',#2704,#2198,#2199);
#1961=AXIS2_PLACEMENT_3D('',#2707,#2200,#2201);
#1962=AXIS2_PLACEMENT_3D('',#2711,#2203,#2204);
#1963=AXIS2_PLACEMENT_3D('',#2713,#2206,#2207);
#1964=AXIS2_PLACEMENT_3D('',#2719,#2211,#2212);
#1965=AXIS2_PLACEMENT_3D('',#2722,#2213,#2214);
#1966=AXIS2_PLACEMENT_3D('',#2726,#2216,#2217);
#1967=AXIS2_PLACEMENT_3D('',#2728,#2219,#2220);
#1968=AXIS2_PLACEMENT_3D('',#2734,#2224,#2225);
#1969=AXIS2_PLACEMENT_3D('',#2737,#2226,#2227);
#1970=AXIS2_PLACEMENT_3D('',#2741,#2229,#2230);
#1971=AXIS2_PLACEMENT_3D('',#2743,#2232,#2233);
#1972=AXIS2_PLACEMENT_3D('',#2749,#2237,#2238);
#1973=AXIS2_PLACEMENT_3D('',#2752,#2239,#2240);
#1974=AXIS2_PLACEMENT_3D('',#2756,#2242,#2243);
#1975=AXIS2_PLACEMENT_3D('',#2758,#2245,#2246);
#1976=AXIS2_PLACEMENT_3D('',#2764,#2250,#2251);
#1977=AXIS2_PLACEMENT_3D('',#2767,#2252,#2253);
#1978=AXIS2_PLACEMENT_3D('',#2771,#2255,#2256);
#1979=AXIS2_PLACEMENT_3D('',#2773,#2258,#2259);
#1980=AXIS2_PLACEMENT_3D('',#2779,#2263,#2264);
#1981=AXIS2_PLACEMENT_3D('',#2782,#2265,#2266);
#1982=AXIS2_PLACEMENT_3D('',#2786,#2268,#2269);
#1983=AXIS2_PLACEMENT_3D('',#2788,#2271,#2272);
#1984=AXIS2_PLACEMENT_3D('',#2794,#2276,#2277);
#1985=AXIS2_PLACEMENT_3D('',#2797,#2278,#2279);
#1986=AXIS2_PLACEMENT_3D('',#2801,#2281,#2282);
#1987=AXIS2_PLACEMENT_3D('',#2803,#2284,#2285);
#1988=AXIS2_PLACEMENT_3D('',#2809,#2289,#2290);
#1989=AXIS2_PLACEMENT_3D('',#2812,#2291,#2292);
#1990=AXIS2_PLACEMENT_3D('',#2816,#2294,#2295);
#1991=AXIS2_PLACEMENT_3D('',#2818,#2297,#2298);
#1992=AXIS2_PLACEMENT_3D('',#2824,#2302,#2303);
#1993=AXIS2_PLACEMENT_3D('',#2827,#2304,#2305);
#1994=AXIS2_PLACEMENT_3D('',#2831,#2307,#2308);
#1995=AXIS2_PLACEMENT_3D('',#2833,#2310,#2311);
#1996=AXIS2_PLACEMENT_3D('',#2839,#2315,#2316);
#1997=AXIS2_PLACEMENT_3D('',#2842,#2317,#2318);
#1998=AXIS2_PLACEMENT_3D('',#2846,#2320,#2321);
#1999=AXIS2_PLACEMENT_3D('',#2848,#2323,#2324);
#2000=AXIS2_PLACEMENT_3D('',#2854,#2328,#2329);
#2001=AXIS2_PLACEMENT_3D('',#2857,#2330,#2331);
#2002=AXIS2_PLACEMENT_3D('',#2861,#2333,#2334);
#2003=AXIS2_PLACEMENT_3D('',#2863,#2336,#2337);
#2004=AXIS2_PLACEMENT_3D('',#2869,#2341,#2342);
#2005=AXIS2_PLACEMENT_3D('',#2872,#2343,#2344);
#2006=AXIS2_PLACEMENT_3D('',#2876,#2346,#2347);
#2007=AXIS2_PLACEMENT_3D('',#2878,#2349,#2350);
#2008=AXIS2_PLACEMENT_3D('',#2884,#2354,#2355);
#2009=AXIS2_PLACEMENT_3D('',#2887,#2356,#2357);
#2010=AXIS2_PLACEMENT_3D('',#2891,#2359,#2360);
#2011=AXIS2_PLACEMENT_3D('',#2893,#2362,#2363);
#2012=AXIS2_PLACEMENT_3D('',#2899,#2367,#2368);
#2013=AXIS2_PLACEMENT_3D('',#2902,#2369,#2370);
#2014=AXIS2_PLACEMENT_3D('',#2906,#2372,#2373);
#2015=AXIS2_PLACEMENT_3D('',#2908,#2375,#2376);
#2016=AXIS2_PLACEMENT_3D('',#2914,#2380,#2381);
#2017=AXIS2_PLACEMENT_3D('',#2917,#2382,#2383);
#2018=AXIS2_PLACEMENT_3D('',#2921,#2385,#2386);
#2019=AXIS2_PLACEMENT_3D('',#2923,#2388,#2389);
#2020=AXIS2_PLACEMENT_3D('',#3232,#2394,#2395);
#2021=AXIS2_PLACEMENT_3D('',#3234,#2396,#2397);
#2022=AXIS2_PLACEMENT_3D('',#3236,#2398,#2399);
#2023=AXIS2_PLACEMENT_3D('',#3841,#2402,#2403);
#2024=AXIS2_PLACEMENT_3D('',#3843,#2404,#2405);
#2025=AXIS2_PLACEMENT_3D('',#3845,#2406,#2407);
#2026=AXIS2_PLACEMENT_3D('',#4450,#2410,#2411);
#2027=AXIS2_PLACEMENT_3D('',#4452,#2412,#2413);
#2028=AXIS2_PLACEMENT_3D('',#4454,#2414,#2415);
#2029=AXIS2_PLACEMENT_3D('',#5059,#2418,#2419);
#2030=AXIS2_PLACEMENT_3D('',#5061,#2420,#2421);
#2031=AXIS2_PLACEMENT_3D('',#5063,#2422,#2423);
#2032=AXIS2_PLACEMENT_3D('',#5668,#2426,#2427);
#2033=AXIS2_PLACEMENT_3D('',#5670,#2428,#2429);
#2034=AXIS2_PLACEMENT_3D('',#5672,#2430,#2431);
#2035=AXIS2_PLACEMENT_3D('',#6277,#2434,#2435);
#2036=AXIS2_PLACEMENT_3D('',#6279,#2436,#2437);
#2037=AXIS2_PLACEMENT_3D('',#6281,#2438,#2439);
#2038=AXIS2_PLACEMENT_3D('',#6886,#2442,#2443);
#2039=AXIS2_PLACEMENT_3D('',#6888,#2444,#2445);
#2040=AXIS2_PLACEMENT_3D('',#6890,#2446,#2447);
#2041=AXIS2_PLACEMENT_3D('',#7495,#2450,#2451);
#2042=AXIS2_PLACEMENT_3D('',#7497,#2452,#2453);
#2043=AXIS2_PLACEMENT_3D('',#7499,#2454,#2455);
#2044=AXIS2_PLACEMENT_3D('',#8104,#2458,#2459);
#2045=AXIS2_PLACEMENT_3D('',#8106,#2460,#2461);
#2046=AXIS2_PLACEMENT_3D('',#8108,#2462,#2463);
#2047=AXIS2_PLACEMENT_3D('',#8713,#2466,#2467);
#2048=AXIS2_PLACEMENT_3D('',#8715,#2468,#2469);
#2049=AXIS2_PLACEMENT_3D('',#8717,#2470,#2471);
#2050=AXIS2_PLACEMENT_3D('',#9322,#2474,#2475);
#2051=AXIS2_PLACEMENT_3D('',#9324,#2476,#2477);
#2052=AXIS2_PLACEMENT_3D('',#9326,#2478,#2479);
#2053=AXIS2_PLACEMENT_3D('',#9628,#2481,#2482);
#2054=AXIS2_PLACEMENT_3D('',#9629,#2483,#2484);
#2055=AXIS2_PLACEMENT_3D('',#9630,#2485,#2486);
#2056=AXIS2_PLACEMENT_3D('',#9631,#2487,#2488);
#2057=AXIS2_PLACEMENT_3D('',#9632,#2489,#2490);
#2058=AXIS2_PLACEMENT_3D('',#9633,#2491,#2492);
#2059=AXIS2_PLACEMENT_3D('',#9634,#2493,#2494);
#2060=AXIS2_PLACEMENT_3D('',#9635,#2495,#2496);
#2061=AXIS2_PLACEMENT_3D('',#9636,#2497,#2498);
#2062=AXIS2_PLACEMENT_3D('',#9637,#2499,#2500);
#2063=AXIS2_PLACEMENT_3D('',#9639,#2501,#2502);
#2064=AXIS2_PLACEMENT_3D('',#9641,#2503,#2504);
#2065=AXIS2_PLACEMENT_3D('',#9721,#2506,#2507);
#2066=AXIS2_PLACEMENT_3D('',#9801,#2509,#2510);
#2067=AXIS2_PLACEMENT_3D('',#9802,#2511,#2512);
#2068=AXIS2_PLACEMENT_3D('',#9803,#2513,#2514);
#2069=AXIS2_PLACEMENT_3D('',#9805,#2515,#2516);
#2070=AXIS2_PLACEMENT_3D('',#9806,#2517,#2518);
#2071=AXIS2_PLACEMENT_3D('',#9808,#2519,#2520);
#2072=AXIS2_PLACEMENT_3D('',#9810,#2521,#2522);
#2073=AXIS2_PLACEMENT_3D('',#9890,#2524,#2525);
#2074=AXIS2_PLACEMENT_3D('',#9970,#2527,#2528);
#2075=AXIS2_PLACEMENT_3D('',#9971,#2529,#2530);
#2076=AXIS2_PLACEMENT_3D('',#9972,#2531,#2532);
#2077=AXIS2_PLACEMENT_3D('',#9973,#2533,#2534);
#2078=AXIS2_PLACEMENT_3D('',#9974,#2535,#2536);
#2079=AXIS2_PLACEMENT_3D('',#9975,#2537,#2538);
#2080=AXIS2_PLACEMENT_3D('',#9976,#2539,#2540);
#2081=AXIS2_PLACEMENT_3D('',#9977,#2541,#2542);
#2082=AXIS2_PLACEMENT_3D('',#9978,#2543,#2544);
#2083=AXIS2_PLACEMENT_3D('',#9979,#2545,#2546);
#2084=AXIS2_PLACEMENT_3D('',#9980,#2547,#2548);
#2085=AXIS2_PLACEMENT_3D('',#9981,#2549,#2550);
#2086=AXIS2_PLACEMENT_3D('',#9983,#2551,#2552);
#2087=AXIS2_PLACEMENT_3D('',#9984,#2553,#2554);
#2088=AXIS2_PLACEMENT_3D('',#9986,#2556,#2557);
#2089=AXIS2_PLACEMENT_3D('',#9987,#2558,#2559);
#2090=AXIS2_PLACEMENT_3D('',#9988,#2560,#2561);
#2091=AXIS2_PLACEMENT_3D('',#9989,#2562,#2563);
#2092=AXIS2_PLACEMENT_3D('',#9990,#2564,#2565);
#2093=AXIS2_PLACEMENT_3D('',#9991,#2566,#2567);
#2094=AXIS2_PLACEMENT_3D('',#9992,#2568,#2569);
#2095=AXIS2_PLACEMENT_3D('',#9993,#2570,#2571);
#2096=AXIS2_PLACEMENT_3D('',#9994,#2572,#2573);
#2097=AXIS2_PLACEMENT_3D('',#9995,#2574,#2575);
#2098=AXIS2_PLACEMENT_3D('',#9996,#2576,#2577);
#2099=AXIS2_PLACEMENT_3D('',#9998,#2579,#2580);
#2100=AXIS2_PLACEMENT_3D('',#10000,#2582,#2583);
#2101=AXIS2_PLACEMENT_3D('',#10003,#2586,#2587);
#2102=AXIS2_PLACEMENT_3D('',#10156,#2590,#2591);
#2103=AXIS2_PLACEMENT_3D('',#10308,#2593,#2594);
#2104=AXIS2_PLACEMENT_3D('',#10310,#2596,#2597);
#2105=DIRECTION('axis',(0.,0.,1.));
#2106=DIRECTION('refdir',(1.,0.,0.));
#2107=DIRECTION('center_axis',(0.,0.,-1.));
#2108=DIRECTION('ref_axis',(-0.898497231697108,-0.438979184737311,0.));
#2109=DIRECTION('center_axis',(0.,0.,1.));
#2110=DIRECTION('ref_axis',(-0.898497231697108,-0.438979184737311,0.));
#2111=DIRECTION('',(0.,0.,-1.));
#2112=DIRECTION('center_axis',(0.,0.,-1.));
#2113=DIRECTION('ref_axis',(-0.898497231697108,-0.438979184737311,0.));
#2114=DIRECTION('',(0.,0.,1.));
#2115=DIRECTION('center_axis',(0.368871582979161,0.929480368415841,0.));
#2116=DIRECTION('ref_axis',(-0.929480368415841,0.368871582979161,0.));
#2117=DIRECTION('',(-0.929480368415841,0.368871582979161,0.));
#2118=DIRECTION('',(0.,0.,1.));
#2119=DIRECTION('',(0.929480368415841,-0.368871582979161,0.));
#2120=DIRECTION('center_axis',(0.,0.,1.));
#2121=DIRECTION('ref_axis',(-0.0690814901334581,0.997611020248344,0.));
#2122=DIRECTION('center_axis',(0.,0.,-1.));
#2123=DIRECTION('ref_axis',(-0.0690814901334581,0.997611020248344,0.));
#2124=DIRECTION('',(0.,0.,1.));
#2125=DIRECTION('center_axis',(0.,0.,1.));
#2126=DIRECTION('ref_axis',(-0.0690814901334581,0.997611020248344,0.));
#2127=DIRECTION('',(0.,0.,-1.));
#2128=DIRECTION('center_axis',(-0.620517819877458,-0.784192345802053,0.));
#2129=DIRECTION('ref_axis',(0.784192345802053,-0.620517819877458,0.));
#2130=DIRECTION('',(0.784192345802053,-0.620517819877458,0.));
#2131=DIRECTION('',(0.,0.,1.));
#2132=DIRECTION('',(0.784192345802053,-0.620517819877458,0.));
#2133=DIRECTION('center_axis',(0.,0.,-1.));
#2134=DIRECTION('ref_axis',(-0.997611020248344,0.0690814901334597,0.));
#2135=DIRECTION('center_axis',(0.,0.,1.));
#2136=DIRECTION('ref_axis',(-0.997611020248344,0.0690814901334597,0.));
#2137=DIRECTION('',(0.,0.,-1.));
#2138=DIRECTION('center_axis',(0.,0.,-1.));
#2139=DIRECTION('ref_axis',(-0.997611020248344,0.0690814901334597,0.));
#2140=DIRECTION('',(0.,0.,1.));
#2141=DIRECTION('center_axis',(0.784192345802053,0.620517819877457,0.));
#2142=DIRECTION('ref_axis',(-0.620517819877457,0.784192345802053,0.));
#2143=DIRECTION('',(-0.620517819877457,0.784192345802053,0.));
#2144=DIRECTION('',(0.,0.,1.));
#2145=DIRECTION('',(0.620517819877457,-0.784192345802053,0.));
#2146=DIRECTION('center_axis',(0.,0.,1.));
#2147=DIRECTION('ref_axis',(0.438979184737313,0.898497231697107,0.));
#2148=DIRECTION('center_axis',(0.,0.,-1.));
#2149=DIRECTION('ref_axis',(0.438979184737313,0.898497231697107,0.));
#2150=DIRECTION('',(0.,0.,1.));
#2151=DIRECTION('center_axis',(0.,0.,1.));
#2152=DIRECTION('ref_axis',(0.438979184737313,0.898497231697107,0.));
#2153=DIRECTION('',(0.,0.,-1.));
#2154=DIRECTION('center_axis',(-0.929480368415842,-0.368871582979159,0.));
#2155=DIRECTION('ref_axis',(0.368871582979159,-0.929480368415842,0.));
#2156=DIRECTION('',(0.368871582979159,-0.929480368415842,0.));
#2157=DIRECTION('',(0.,0.,1.));
#2158=DIRECTION('',(0.368871582979159,-0.929480368415842,0.));
#2159=DIRECTION('center_axis',(0.,0.,-1.));
#2160=DIRECTION('ref_axis',(-0.829415741563648,0.558631835511032,0.));
#2161=DIRECTION('center_axis',(0.,0.,1.));
#2162=DIRECTION('ref_axis',(-0.829415741563648,0.558631835511032,0.));
#2163=DIRECTION('',(0.,0.,-1.));
#2164=DIRECTION('center_axis',(0.,0.,-1.));
#2165=DIRECTION('ref_axis',(-0.829415741563648,0.558631835511032,0.));
#2166=DIRECTION('',(0.,0.,1.));
#2167=DIRECTION('center_axis',(0.989389402856618,0.145288022613788,0.));
#2168=DIRECTION('ref_axis',(-0.145288022613788,0.989389402856618,0.));
#2169=DIRECTION('',(-0.145288022613788,0.989389402856618,0.));
#2170=DIRECTION('',(0.,0.,1.));
#2171=DIRECTION('',(0.145288022613788,-0.989389402856618,0.));
#2172=DIRECTION('center_axis',(0.,0.,1.));
#2173=DIRECTION('ref_axis',(0.829415741563648,0.558631835511032,0.));
#2174=DIRECTION('center_axis',(0.,0.,-1.));
#2175=DIRECTION('ref_axis',(0.829415741563648,0.558631835511032,0.));
#2176=DIRECTION('',(0.,0.,1.));
#2177=DIRECTION('center_axis',(0.,0.,1.));
#2178=DIRECTION('ref_axis',(0.829415741563648,0.558631835511032,0.));
#2179=DIRECTION('',(0.,0.,-1.));
#2180=DIRECTION('center_axis',(-0.989389402856618,0.145288022613789,0.));
#2181=DIRECTION('ref_axis',(-0.145288022613789,-0.989389402856618,0.));
#2182=DIRECTION('',(-0.145288022613789,-0.989389402856618,0.));
#2183=DIRECTION('',(0.,0.,1.));
#2184=DIRECTION('',(-0.145288022613789,-0.989389402856618,0.));
#2185=DIRECTION('center_axis',(0.,0.,-1.));
#2186=DIRECTION('ref_axis',(-0.438979184737311,0.898497231697108,0.));
#2187=DIRECTION('center_axis',(0.,0.,1.));
#2188=DIRECTION('ref_axis',(-0.438979184737311,0.898497231697108,0.));
#2189=DIRECTION('',(0.,0.,-1.));
#2190=DIRECTION('center_axis',(0.,0.,-1.));
#2191=DIRECTION('ref_axis',(-0.438979184737311,0.898497231697108,0.));
#2192=DIRECTION('',(0.,0.,1.));
#2193=DIRECTION('center_axis',(0.929480368415841,-0.368871582979161,0.));
#2194=DIRECTION('ref_axis',(0.368871582979161,0.929480368415841,0.));
#2195=DIRECTION('',(0.368871582979161,0.929480368415841,0.));
#2196=DIRECTION('',(0.,0.,1.));
#2197=DIRECTION('',(-0.368871582979161,-0.929480368415841,0.));
#2198=DIRECTION('center_axis',(0.,0.,1.));
#2199=DIRECTION('ref_axis',(0.997611020248344,0.0690814901334566,0.));
#2200=DIRECTION('center_axis',(0.,0.,-1.));
#2201=DIRECTION('ref_axis',(0.997611020248344,0.0690814901334566,0.));
#2202=DIRECTION('',(0.,0.,1.));
#2203=DIRECTION('center_axis',(0.,0.,1.));
#2204=DIRECTION('ref_axis',(0.997611020248344,0.0690814901334566,0.));
#2205=DIRECTION('',(0.,0.,-1.));
#2206=DIRECTION('center_axis',(-0.784192345802053,0.620517819877458,0.));
#2207=DIRECTION('ref_axis',(-0.620517819877458,-0.784192345802053,0.));
#2208=DIRECTION('',(-0.620517819877458,-0.784192345802053,0.));
#2209=DIRECTION('',(0.,0.,1.));
#2210=DIRECTION('',(-0.620517819877458,-0.784192345802053,0.));
#2211=DIRECTION('center_axis',(0.,0.,-1.));
#2212=DIRECTION('ref_axis',(0.0690814901334612,0.997611020248343,0.));
#2213=DIRECTION('center_axis',(0.,0.,1.));
#2214=DIRECTION('ref_axis',(0.0690814901334612,0.997611020248343,0.));
#2215=DIRECTION('',(0.,0.,-1.));
#2216=DIRECTION('center_axis',(0.,0.,-1.));
#2217=DIRECTION('ref_axis',(0.0690814901334612,0.997611020248343,0.));
#2218=DIRECTION('',(0.,0.,1.));
#2219=DIRECTION('center_axis',(0.620517819877458,-0.784192345802053,0.));
#2220=DIRECTION('ref_axis',(0.784192345802053,0.620517819877458,0.));
#2221=DIRECTION('',(0.784192345802053,0.620517819877458,0.));
#2222=DIRECTION('',(0.,0.,1.));
#2223=DIRECTION('',(-0.784192345802053,-0.620517819877458,0.));
#2224=DIRECTION('center_axis',(0.,0.,1.));
#2225=DIRECTION('ref_axis',(0.898497231697108,-0.438979184737311,0.));
#2226=DIRECTION('center_axis',(0.,0.,-1.));
#2227=DIRECTION('ref_axis',(0.898497231697108,-0.438979184737311,0.));
#2228=DIRECTION('',(0.,0.,1.));
#2229=DIRECTION('center_axis',(0.,0.,1.));
#2230=DIRECTION('ref_axis',(0.898497231697108,-0.438979184737311,0.));
#2231=DIRECTION('',(0.,0.,-1.));
#2232=DIRECTION('center_axis',(-0.36887158297916,0.929480368415842,0.));
#2233=DIRECTION('ref_axis',(-0.929480368415842,-0.36887158297916,0.));
#2234=DIRECTION('',(-0.929480368415842,-0.36887158297916,0.));
#2235=DIRECTION('',(0.,0.,1.));
#2236=DIRECTION('',(-0.929480368415842,-0.36887158297916,0.));
#2237=DIRECTION('center_axis',(0.,0.,-1.));
#2238=DIRECTION('ref_axis',(0.558631835511032,0.829415741563647,0.));
#2239=DIRECTION('center_axis',(0.,0.,1.));
#2240=DIRECTION('ref_axis',(0.558631835511032,0.829415741563647,0.));
#2241=DIRECTION('',(0.,0.,-1.));
#2242=DIRECTION('center_axis',(0.,0.,-1.));
#2243=DIRECTION('ref_axis',(0.558631835511032,0.829415741563647,0.));
#2244=DIRECTION('',(0.,0.,1.));
#2245=DIRECTION('center_axis',(0.145288022613789,-0.989389402856618,0.));
#2246=DIRECTION('ref_axis',(0.989389402856618,0.145288022613788,0.));
#2247=DIRECTION('',(0.989389402856618,0.145288022613788,0.));
#2248=DIRECTION('',(0.,0.,1.));
#2249=DIRECTION('',(-0.989389402856618,-0.145288022613788,0.));
#2250=DIRECTION('center_axis',(0.,0.,1.));
#2251=DIRECTION('ref_axis',(0.558631835511033,-0.829415741563647,0.));
#2252=DIRECTION('center_axis',(0.,0.,-1.));
#2253=DIRECTION('ref_axis',(0.558631835511033,-0.829415741563647,0.));
#2254=DIRECTION('',(0.,0.,1.));
#2255=DIRECTION('center_axis',(0.,0.,1.));
#2256=DIRECTION('ref_axis',(0.558631835511033,-0.829415741563647,0.));
#2257=DIRECTION('',(0.,0.,-1.));
#2258=DIRECTION('center_axis',(0.145288022613789,0.989389402856618,0.));
#2259=DIRECTION('ref_axis',(-0.989389402856618,0.145288022613789,0.));
#2260=DIRECTION('',(-0.989389402856618,0.145288022613789,0.));
#2261=DIRECTION('',(0.,0.,1.));
#2262=DIRECTION('',(-0.989389402856618,0.145288022613789,0.));
#2263=DIRECTION('center_axis',(0.,0.,-1.));
#2264=DIRECTION('ref_axis',(0.898497231697107,0.438979184737312,0.));
#2265=DIRECTION('center_axis',(0.,0.,1.));
#2266=DIRECTION('ref_axis',(0.898497231697107,0.438979184737312,0.));
#2267=DIRECTION('',(0.,0.,-1.));
#2268=DIRECTION('center_axis',(0.,0.,-1.));
#2269=DIRECTION('ref_axis',(0.898497231697107,0.438979184737312,0.));
#2270=DIRECTION('',(0.,0.,1.));
#2271=DIRECTION('center_axis',(-0.36887158297916,-0.929480368415841,0.));
#2272=DIRECTION('ref_axis',(0.929480368415841,-0.36887158297916,0.));
#2273=DIRECTION('',(0.929480368415841,-0.36887158297916,0.));
#2274=DIRECTION('',(0.,0.,1.));
#2275=DIRECTION('',(-0.929480368415841,0.36887158297916,0.));
#2276=DIRECTION('center_axis',(0.,0.,1.));
#2277=DIRECTION('ref_axis',(0.0690814901334581,-0.997611020248344,0.));
#2278=DIRECTION('center_axis',(0.,0.,-1.));
#2279=DIRECTION('ref_axis',(0.0690814901334581,-0.997611020248344,0.));
#2280=DIRECTION('',(0.,0.,1.));
#2281=DIRECTION('center_axis',(0.,0.,1.));
#2282=DIRECTION('ref_axis',(0.0690814901334581,-0.997611020248344,0.));
#2283=DIRECTION('',(0.,0.,-1.));
#2284=DIRECTION('center_axis',(0.620517819877458,0.784192345802053,0.));
#2285=DIRECTION('ref_axis',(-0.784192345802053,0.620517819877458,0.));
#2286=DIRECTION('',(-0.784192345802053,0.620517819877458,0.));
#2287=DIRECTION('',(0.,0.,1.));
#2288=DIRECTION('',(-0.784192345802053,0.620517819877458,0.));
#2289=DIRECTION('center_axis',(0.,0.,-1.));
#2290=DIRECTION('ref_axis',(0.997611020248344,-0.0690814901334597,0.));
#2291=DIRECTION('center_axis',(0.,0.,1.));
#2292=DIRECTION('ref_axis',(0.997611020248344,-0.0690814901334597,0.));
#2293=DIRECTION('',(0.,0.,-1.));
#2294=DIRECTION('center_axis',(0.,0.,-1.));
#2295=DIRECTION('ref_axis',(0.997611020248344,-0.0690814901334597,0.));
#2296=DIRECTION('',(0.,0.,1.));
#2297=DIRECTION('center_axis',(-0.784192345802053,-0.620517819877458,0.));
#2298=DIRECTION('ref_axis',(0.620517819877458,-0.784192345802053,0.));
#2299=DIRECTION('',(0.620517819877458,-0.784192345802053,0.));
#2300=DIRECTION('',(0.,0.,1.));
#2301=DIRECTION('',(-0.620517819877458,0.784192345802053,0.));
#2302=DIRECTION('center_axis',(0.,0.,1.));
#2303=DIRECTION('ref_axis',(-0.438979184737312,-0.898497231697107,0.));
#2304=DIRECTION('center_axis',(0.,0.,-1.));
#2305=DIRECTION('ref_axis',(-0.438979184737312,-0.898497231697107,0.));
#2306=DIRECTION('',(0.,0.,1.));
#2307=DIRECTION('center_axis',(0.,0.,1.));
#2308=DIRECTION('ref_axis',(-0.438979184737312,-0.898497231697107,0.));
#2309=DIRECTION('',(0.,0.,-1.));
#2310=DIRECTION('center_axis',(0.929480368415842,0.36887158297916,0.));
#2311=DIRECTION('ref_axis',(-0.36887158297916,0.929480368415842,0.));
#2312=DIRECTION('',(-0.36887158297916,0.929480368415842,0.));
#2313=DIRECTION('',(0.,0.,1.));
#2314=DIRECTION('',(-0.36887158297916,0.929480368415842,0.));
#2315=DIRECTION('center_axis',(0.,0.,-1.));
#2316=DIRECTION('ref_axis',(0.829415741563648,-0.558631835511032,0.));
#2317=DIRECTION('center_axis',(0.,0.,1.));
#2318=DIRECTION('ref_axis',(0.829415741563648,-0.558631835511032,0.));
#2319=DIRECTION('',(0.,0.,-1.));
#2320=DIRECTION('center_axis',(0.,0.,-1.));
#2321=DIRECTION('ref_axis',(0.829415741563648,-0.558631835511032,0.));
#2322=DIRECTION('',(0.,0.,1.));
#2323=DIRECTION('center_axis',(-0.989389402856618,-0.145288022613789,0.));
#2324=DIRECTION('ref_axis',(0.145288022613789,-0.989389402856618,0.));
#2325=DIRECTION('',(0.145288022613789,-0.989389402856618,0.));
#2326=DIRECTION('',(0.,0.,1.));
#2327=DIRECTION('',(-0.145288022613789,0.989389402856618,0.));
#2328=DIRECTION('center_axis',(0.,0.,1.));
#2329=DIRECTION('ref_axis',(-0.829415741563648,-0.558631835511031,0.));
#2330=DIRECTION('center_axis',(0.,0.,-1.));
#2331=DIRECTION('ref_axis',(-0.829415741563648,-0.558631835511031,0.));
#2332=DIRECTION('',(0.,0.,1.));
#2333=DIRECTION('center_axis',(0.,0.,1.));
#2334=DIRECTION('ref_axis',(-0.829415741563648,-0.558631835511031,0.));
#2335=DIRECTION('',(0.,0.,-1.));
#2336=DIRECTION('center_axis',(0.989389402856618,-0.145288022613789,0.));
#2337=DIRECTION('ref_axis',(0.145288022613789,0.989389402856618,0.));
#2338=DIRECTION('',(0.145288022613789,0.989389402856618,0.));
#2339=DIRECTION('',(0.,0.,1.));
#2340=DIRECTION('',(0.145288022613789,0.989389402856618,0.));
#2341=DIRECTION('center_axis',(0.,0.,-1.));
#2342=DIRECTION('ref_axis',(0.438979184737311,-0.898497231697108,0.));
#2343=DIRECTION('center_axis',(0.,0.,1.));
#2344=DIRECTION('ref_axis',(0.438979184737311,-0.898497231697108,0.));
#2345=DIRECTION('',(0.,0.,-1.));
#2346=DIRECTION('center_axis',(0.,0.,-1.));
#2347=DIRECTION('ref_axis',(0.438979184737311,-0.898497231697108,0.));
#2348=DIRECTION('',(0.,0.,1.));
#2349=DIRECTION('center_axis',(-0.929480368415842,0.36887158297916,0.));
#2350=DIRECTION('ref_axis',(-0.36887158297916,-0.929480368415841,0.));
#2351=DIRECTION('',(-0.36887158297916,-0.929480368415841,0.));
#2352=DIRECTION('',(0.,0.,1.));
#2353=DIRECTION('',(0.36887158297916,0.929480368415841,0.));
#2354=DIRECTION('center_axis',(0.,0.,1.));
#2355=DIRECTION('ref_axis',(-0.997611020248344,-0.069081490133458,0.));
#2356=DIRECTION('center_axis',(0.,0.,-1.));
#2357=DIRECTION('ref_axis',(-0.997611020248344,-0.069081490133458,0.));
#2358=DIRECTION('',(0.,0.,1.));
#2359=DIRECTION('center_axis',(0.,0.,1.));
#2360=DIRECTION('ref_axis',(-0.997611020248344,-0.069081490133458,0.));
#2361=DIRECTION('',(0.,0.,-1.));
#2362=DIRECTION('center_axis',(0.784192345802053,-0.620517819877458,0.));
#2363=DIRECTION('ref_axis',(0.620517819877458,0.784192345802053,0.));
#2364=DIRECTION('',(0.620517819877458,0.784192345802053,0.));
#2365=DIRECTION('',(0.,0.,1.));
#2366=DIRECTION('',(0.620517819877458,0.784192345802053,0.));
#2367=DIRECTION('center_axis',(0.,0.,-1.));
#2368=DIRECTION('ref_axis',(-0.0690814901334597,-0.997611020248344,0.));
#2369=DIRECTION('center_axis',(0.,0.,1.));
#2370=DIRECTION('ref_axis',(-0.0690814901334597,-0.997611020248344,0.));
#2371=DIRECTION('',(0.,0.,-1.));
#2372=DIRECTION('center_axis',(0.,0.,-1.));
#2373=DIRECTION('ref_axis',(-0.0690814901334597,-0.997611020248344,0.));
#2374=DIRECTION('',(0.,0.,1.));
#2375=DIRECTION('center_axis',(-0.620517819877458,0.784192345802053,0.));
#2376=DIRECTION('ref_axis',(-0.784192345802053,-0.620517819877458,0.));
#2377=DIRECTION('',(-0.784192345802053,-0.620517819877458,0.));
#2378=DIRECTION('',(0.,0.,1.));
#2379=DIRECTION('',(0.784192345802053,0.620517819877458,0.));
#2380=DIRECTION('center_axis',(0.,0.,1.));
#2381=DIRECTION('ref_axis',(-0.898497231697107,0.438979184737312,0.));
#2382=DIRECTION('center_axis',(0.,0.,-1.));
#2383=DIRECTION('ref_axis',(-0.898497231697107,0.438979184737312,0.));
#2384=DIRECTION('',(0.,0.,1.));
#2385=DIRECTION('center_axis',(0.,0.,1.));
#2386=DIRECTION('ref_axis',(-0.898497231697107,0.438979184737312,0.));
#2387=DIRECTION('',(0.,0.,-1.));
#2388=DIRECTION('center_axis',(0.36887158297916,-0.929480368415842,0.));
#2389=DIRECTION('ref_axis',(0.929480368415842,0.36887158297916,0.));
#2390=DIRECTION('',(0.929480368415842,0.36887158297916,0.));
#2391=DIRECTION('',(0.,0.,1.));
#2392=DIRECTION('',(0.929480368415842,0.36887158297916,0.));
#2393=DIRECTION('',(0.,0.,1.));
#2394=DIRECTION('center_axis',(0.,0.,1.));
#2395=DIRECTION('ref_axis',(0.843006173982977,-0.53790388604897,0.));
#2396=DIRECTION('center_axis',(0.,0.,1.));
#2397=DIRECTION('ref_axis',(0.843006173982977,-0.53790388604897,0.));
#2398=DIRECTION('center_axis',(0.,0.,1.));
#2399=DIRECTION('ref_axis',(0.843006173982977,-0.53790388604897,0.));
#2400=DIRECTION('',(0.,0.,1.));
#2401=DIRECTION('',(0.,0.,1.));
#2402=DIRECTION('center_axis',(0.,0.,1.));
#2403=DIRECTION('ref_axis',(0.461112819191897,-0.887341517104266,0.));
#2404=DIRECTION('center_axis',(0.,0.,1.));
#2405=DIRECTION('ref_axis',(0.461112819191897,-0.887341517104266,0.));
#2406=DIRECTION('center_axis',(0.,0.,1.));
#2407=DIRECTION('ref_axis',(0.461112819191897,-0.887341517104266,0.));
#2408=DIRECTION('',(0.,0.,1.));
#2409=DIRECTION('',(0.,0.,1.));
#2410=DIRECTION('center_axis',(0.,0.,1.));
#2411=DIRECTION('ref_axis',(-0.0443353431212895,-0.999016705240867,0.));
#2412=DIRECTION('center_axis',(0.,0.,1.));
#2413=DIRECTION('ref_axis',(-0.0443353431212895,-0.999016705240867,0.));
#2414=DIRECTION('center_axis',(0.,0.,1.));
#2415=DIRECTION('ref_axis',(-0.0443353431212895,-0.999016705240867,0.));
#2416=DIRECTION('',(0.,0.,1.));
#2417=DIRECTION('',(0.,0.,1.));
#2418=DIRECTION('center_axis',(0.,0.,1.));
#2419=DIRECTION('ref_axis',(-0.53790388604897,-0.843006173982977,0.));
#2420=DIRECTION('center_axis',(0.,0.,1.));
#2421=DIRECTION('ref_axis',(-0.53790388604897,-0.843006173982977,0.));
#2422=DIRECTION('center_axis',(0.,0.,1.));
#2423=DIRECTION('ref_axis',(-0.53790388604897,-0.843006173982977,0.));
#2424=DIRECTION('',(0.,0.,1.));
#2425=DIRECTION('',(0.,0.,1.));
#2426=DIRECTION('center_axis',(0.,0.,1.));
#2427=DIRECTION('ref_axis',(-0.887341517104266,-0.461112819191897,0.));
#2428=DIRECTION('center_axis',(0.,0.,1.));
#2429=DIRECTION('ref_axis',(-0.887341517104266,-0.461112819191897,0.));
#2430=DIRECTION('center_axis',(0.,0.,1.));
#2431=DIRECTION('ref_axis',(-0.887341517104266,-0.461112819191897,0.));
#2432=DIRECTION('',(0.,0.,1.));
#2433=DIRECTION('',(0.,0.,1.));
#2434=DIRECTION('center_axis',(0.,0.,1.));
#2435=DIRECTION('ref_axis',(-0.999016705240867,0.0443353431212894,0.));
#2436=DIRECTION('center_axis',(0.,0.,1.));
#2437=DIRECTION('ref_axis',(-0.999016705240867,0.0443353431212894,0.));
#2438=DIRECTION('center_axis',(0.,0.,1.));
#2439=DIRECTION('ref_axis',(-0.999016705240867,0.0443353431212894,0.));
#2440=DIRECTION('',(0.,0.,1.));
#2441=DIRECTION('',(0.,0.,1.));
#2442=DIRECTION('center_axis',(0.,0.,1.));
#2443=DIRECTION('ref_axis',(-0.843006173982977,0.53790388604897,0.));
#2444=DIRECTION('center_axis',(0.,0.,1.));
#2445=DIRECTION('ref_axis',(-0.843006173982977,0.53790388604897,0.));
#2446=DIRECTION('center_axis',(0.,0.,1.));
#2447=DIRECTION('ref_axis',(-0.843006173982977,0.53790388604897,0.));
#2448=DIRECTION('',(0.,0.,1.));
#2449=DIRECTION('',(0.,0.,1.));
#2450=DIRECTION('center_axis',(0.,0.,1.));
#2451=DIRECTION('ref_axis',(-0.461112819191897,0.887341517104266,0.));
#2452=DIRECTION('center_axis',(0.,0.,1.));
#2453=DIRECTION('ref_axis',(-0.461112819191897,0.887341517104266,0.));
#2454=DIRECTION('center_axis',(0.,0.,1.));
#2455=DIRECTION('ref_axis',(-0.461112819191897,0.887341517104266,0.));
#2456=DIRECTION('',(0.,0.,1.));
#2457=DIRECTION('',(0.,0.,1.));
#2458=DIRECTION('center_axis',(0.,0.,1.));
#2459=DIRECTION('ref_axis',(0.0443353431212894,0.999016705240867,0.));
#2460=DIRECTION('center_axis',(0.,0.,1.));
#2461=DIRECTION('ref_axis',(0.0443353431212894,0.999016705240867,0.));
#2462=DIRECTION('center_axis',(0.,0.,1.));
#2463=DIRECTION('ref_axis',(0.0443353431212894,0.999016705240867,0.));
#2464=DIRECTION('',(0.,0.,1.));
#2465=DIRECTION('',(0.,0.,1.));
#2466=DIRECTION('center_axis',(0.,0.,1.));
#2467=DIRECTION('ref_axis',(0.53790388604897,0.843006173982977,0.));
#2468=DIRECTION('center_axis',(0.,0.,1.));
#2469=DIRECTION('ref_axis',(0.53790388604897,0.843006173982977,0.));
#2470=DIRECTION('center_axis',(0.,0.,1.));
#2471=DIRECTION('ref_axis',(0.53790388604897,0.843006173982977,0.));
#2472=DIRECTION('',(0.,0.,1.));
#2473=DIRECTION('',(0.,0.,1.));
#2474=DIRECTION('center_axis',(0.,0.,1.));
#2475=DIRECTION('ref_axis',(0.887341517104266,0.461112819191897,0.));
#2476=DIRECTION('center_axis',(0.,0.,1.));
#2477=DIRECTION('ref_axis',(0.887341517104266,0.461112819191897,0.));
#2478=DIRECTION('center_axis',(0.,0.,1.));
#2479=DIRECTION('ref_axis',(0.887341517104266,0.461112819191897,0.));
#2480=DIRECTION('',(0.,0.,1.));
#2481=DIRECTION('center_axis',(0.,0.,1.));
#2482=DIRECTION('ref_axis',(1.,0.,0.));
#2483=DIRECTION('center_axis',(0.,0.,1.));
#2484=DIRECTION('ref_axis',(1.,0.,0.));
#2485=DIRECTION('center_axis',(0.,0.,1.));
#2486=DIRECTION('ref_axis',(1.,0.,0.));
#2487=DIRECTION('center_axis',(0.,0.,1.));
#2488=DIRECTION('ref_axis',(1.,0.,0.));
#2489=DIRECTION('center_axis',(0.,0.,1.));
#2490=DIRECTION('ref_axis',(1.,0.,0.));
#2491=DIRECTION('center_axis',(0.,0.,1.));
#2492=DIRECTION('ref_axis',(1.,0.,0.));
#2493=DIRECTION('center_axis',(0.,0.,1.));
#2494=DIRECTION('ref_axis',(1.,0.,0.));
#2495=DIRECTION('center_axis',(0.,0.,1.));
#2496=DIRECTION('ref_axis',(1.,0.,0.));
#2497=DIRECTION('center_axis',(0.,0.,1.));
#2498=DIRECTION('ref_axis',(1.,0.,0.));
#2499=DIRECTION('center_axis',(0.,0.,1.));
#2500=DIRECTION('ref_axis',(1.,0.,0.));
#2501=DIRECTION('center_axis',(0.,0.,1.));
#2502=DIRECTION('ref_axis',(1.,0.,0.));
#2503=DIRECTION('center_axis',(0.,0.,-1.));
#2504=DIRECTION('ref_axis',(-0.558631835511033,-0.829415741563647,0.));
#2505=DIRECTION('',(0.989389402856618,0.145288022613789,0.));
#2506=DIRECTION('center_axis',(0.,0.,1.));
#2507=DIRECTION('ref_axis',(0.999016705240867,-0.0443353431212893,0.));
#2508=DIRECTION('',(0.989389402856618,-0.145288022613789,0.));
#2509=DIRECTION('center_axis',(0.,0.,-1.));
#2510=DIRECTION('ref_axis',(-0.558631835511033,0.829415741563647,0.));
#2511=DIRECTION('center_axis',(0.,0.,1.));
#2512=DIRECTION('ref_axis',(1.,0.,0.));
#2513=DIRECTION('center_axis',(0.,0.,1.));
#2514=DIRECTION('ref_axis',(1.,0.,0.));
#2515=DIRECTION('center_axis',(0.,0.,-1.));
#2516=DIRECTION('ref_axis',(1.,0.,0.));
#2517=DIRECTION('center_axis',(0.,0.,1.));
#2518=DIRECTION('ref_axis',(1.,0.,0.));
#2519=DIRECTION('center_axis',(0.,0.,1.));
#2520=DIRECTION('ref_axis',(1.,0.,0.));
#2521=DIRECTION('center_axis',(0.,0.,1.));
#2522=DIRECTION('ref_axis',(-0.558631835511033,0.829415741563647,0.));
#2523=DIRECTION('',(0.989389402856618,-0.145288022613789,0.));
#2524=DIRECTION('center_axis',(0.,0.,1.));
#2525=DIRECTION('ref_axis',(0.999016705240867,-0.0443353431212893,0.));
#2526=DIRECTION('',(-0.989389402856618,-0.145288022613789,0.));
#2527=DIRECTION('center_axis',(0.,0.,1.));
#2528=DIRECTION('ref_axis',(-0.558631835511033,-0.829415741563647,0.));
#2529=DIRECTION('center_axis',(0.,0.,1.));
#2530=DIRECTION('ref_axis',(1.,0.,0.));
#2531=DIRECTION('center_axis',(0.,0.,1.));
#2532=DIRECTION('ref_axis',(1.,0.,0.));
#2533=DIRECTION('center_axis',(0.,0.,1.));
#2534=DIRECTION('ref_axis',(1.,0.,0.));
#2535=DIRECTION('center_axis',(0.,0.,1.));
#2536=DIRECTION('ref_axis',(1.,0.,0.));
#2537=DIRECTION('center_axis',(0.,0.,1.));
#2538=DIRECTION('ref_axis',(1.,0.,0.));
#2539=DIRECTION('center_axis',(0.,0.,1.));
#2540=DIRECTION('ref_axis',(1.,0.,0.));
#2541=DIRECTION('center_axis',(0.,0.,1.));
#2542=DIRECTION('ref_axis',(1.,0.,0.));
#2543=DIRECTION('center_axis',(0.,0.,1.));
#2544=DIRECTION('ref_axis',(1.,0.,0.));
#2545=DIRECTION('center_axis',(0.,0.,1.));
#2546=DIRECTION('ref_axis',(1.,0.,0.));
#2547=DIRECTION('center_axis',(0.,0.,1.));
#2548=DIRECTION('ref_axis',(1.,0.,0.));
#2549=DIRECTION('center_axis',(0.,0.,1.));
#2550=DIRECTION('ref_axis',(1.,0.,0.));
#2551=DIRECTION('center_axis',(0.,0.,-1.));
#2552=DIRECTION('ref_axis',(1.,0.,0.));
#2553=DIRECTION('center_axis',(0.,0.,1.));
#2554=DIRECTION('ref_axis',(1.,0.,0.));
#2555=DIRECTION('',(0.,0.,1.));
#2556=DIRECTION('center_axis',(0.,0.,1.));
#2557=DIRECTION('ref_axis',(1.,0.,0.));
#2558=DIRECTION('center_axis',(0.,0.,1.));
#2559=DIRECTION('ref_axis',(1.,0.,0.));
#2560=DIRECTION('center_axis',(0.,0.,1.));
#2561=DIRECTION('ref_axis',(1.,0.,0.));
#2562=DIRECTION('center_axis',(0.,0.,1.));
#2563=DIRECTION('ref_axis',(1.,0.,0.));
#2564=DIRECTION('center_axis',(0.,0.,1.));
#2565=DIRECTION('ref_axis',(1.,0.,0.));
#2566=DIRECTION('center_axis',(0.,0.,1.));
#2567=DIRECTION('ref_axis',(1.,0.,0.));
#2568=DIRECTION('center_axis',(0.,0.,1.));
#2569=DIRECTION('ref_axis',(1.,0.,0.));
#2570=DIRECTION('center_axis',(0.,0.,1.));
#2571=DIRECTION('ref_axis',(1.,0.,0.));
#2572=DIRECTION('center_axis',(0.,0.,1.));
#2573=DIRECTION('ref_axis',(1.,0.,0.));
#2574=DIRECTION('center_axis',(0.,0.,1.));
#2575=DIRECTION('ref_axis',(1.,0.,0.));
#2576=DIRECTION('center_axis',(0.,0.,-1.));
#2577=DIRECTION('ref_axis',(-0.558631835511033,-0.829415741563647,0.));
#2578=DIRECTION('',(0.,0.,-1.));
#2579=DIRECTION('center_axis',(-0.145288022613789,0.989389402856618,0.));
#2580=DIRECTION('ref_axis',(-0.989389402856618,-0.145288022613789,0.));
#2581=DIRECTION('',(0.,0.,1.));
#2582=DIRECTION('center_axis',(0.,0.,1.));
#2583=DIRECTION('ref_axis',(-0.558631835511033,0.829415741563647,0.));
#2584=DIRECTION('',(0.,0.,1.));
#2585=DIRECTION('',(0.,0.,-1.));
#2586=DIRECTION('center_axis',(-0.145288022613789,-0.989389402856618,0.));
#2587=DIRECTION('ref_axis',(0.989389402856618,-0.145288022613789,0.));
#2588=DIRECTION('',(0.,0.,1.));
#2589=DIRECTION('',(0.,0.,1.));
#2590=DIRECTION('center_axis',(0.,0.,1.));
#2591=DIRECTION('ref_axis',(0.999016705240867,-0.0443353431212893,0.));
#2592=DIRECTION('',(0.,0.,1.));
#2593=DIRECTION('center_axis',(0.,0.,1.));
#2594=DIRECTION('ref_axis',(1.,0.,0.));
#2595=DIRECTION('',(0.,0.,-1.));
#2596=DIRECTION('center_axis',(0.,0.,1.));
#2597=DIRECTION('ref_axis',(1.,0.,0.));
#2598=CARTESIAN_POINT('',(0.,0.,0.));
#2599=CARTESIAN_POINT('Origin',(5.12885630009269,-1.49749192084616,0.));
#2600=CARTESIAN_POINT('',(4.64889595009337,-1.35735604953358,5.));
#2601=CARTESIAN_POINT('',(4.94442050860311,-1.96223210505408,5.));
#2602=CARTESIAN_POINT('Origin',(5.12885630009269,-1.49749192084616,5.));
#2603=CARTESIAN_POINT('',(4.94442050860311,-1.96223210505408,0.));
#2604=CARTESIAN_POINT('',(4.94442050860311,-1.96223210505408,0.));
#2605=CARTESIAN_POINT('',(4.64889595009337,-1.35735604953358,0.));
#2606=CARTESIAN_POINT('Origin',(5.12885630009269,-1.49749192084616,0.));
#2607=CARTESIAN_POINT('',(4.64889595009337,-1.35735604953358,0.));
#2608=CARTESIAN_POINT('Origin',(5.2405550601944,-2.0797554272588,0.));
#2609=CARTESIAN_POINT('',(5.2405550601944,-2.0797554272588,5.));
#2610=CARTESIAN_POINT('',(4.49217862055376,-1.78275636053828,5.));
#2611=CARTESIAN_POINT('',(5.2405550601944,-2.0797554272588,0.));
#2612=CARTESIAN_POINT('',(5.2405550601944,-2.0797554272588,0.));
#2613=CARTESIAN_POINT('',(4.49217862055376,-1.78275636053828,0.));
#2614=CARTESIAN_POINT('Origin',(3.86129419546107,-3.69297388781706,0.));
#2615=CARTESIAN_POINT('',(3.49995279592325,-3.34738396756467,0.));
#2616=CARTESIAN_POINT('',(4.1715531053998,-3.30087771491604,0.));
#2617=CARTESIAN_POINT('Origin',(3.86129419546107,-3.69297388781706,0.));
#2618=CARTESIAN_POINT('',(4.1715531053998,-3.30087771491604,5.));
#2619=CARTESIAN_POINT('',(4.1715531053998,-3.30087771491604,0.));
#2620=CARTESIAN_POINT('',(3.49995279592325,-3.34738396756467,5.));
#2621=CARTESIAN_POINT('Origin',(3.86129419546107,-3.69297388781706,5.));
#2622=CARTESIAN_POINT('',(3.49995279592325,-3.34738396756467,0.));
#2623=CARTESIAN_POINT('Origin',(3.79000160726132,-2.99896262346776,0.));
#2624=CARTESIAN_POINT('',(4.42139856376188,-3.49857609843004,0.));
#2625=CARTESIAN_POINT('',(3.79000160726132,-2.99896262346776,0.));
#2626=CARTESIAN_POINT('',(4.42139856376188,-3.49857609843004,5.));
#2627=CARTESIAN_POINT('',(4.42139856376188,-3.49857609843004,0.));
#2628=CARTESIAN_POINT('',(3.79000160726132,-2.99896262346776,5.));
#2629=CARTESIAN_POINT('Origin',(3.69297388781706,-3.86129419546107,0.));
#2630=CARTESIAN_POINT('',(3.34738396756466,-3.49995279592326,5.));
#2631=CARTESIAN_POINT('',(3.30087771491603,-4.1715531053998,5.));
#2632=CARTESIAN_POINT('Origin',(3.69297388781706,-3.86129419546107,5.));
#2633=CARTESIAN_POINT('',(3.30087771491603,-4.1715531053998,0.));
#2634=CARTESIAN_POINT('',(3.30087771491603,-4.1715531053998,0.));
#2635=CARTESIAN_POINT('',(3.34738396756466,-3.49995279592326,0.));
#2636=CARTESIAN_POINT('Origin',(3.69297388781706,-3.86129419546107,0.));
#2637=CARTESIAN_POINT('',(3.34738396756466,-3.49995279592326,0.));
#2638=CARTESIAN_POINT('Origin',(3.49857609843004,-4.42139856376189,0.));
#2639=CARTESIAN_POINT('',(3.49857609843004,-4.42139856376189,5.));
#2640=CARTESIAN_POINT('',(2.99896262346775,-3.79000160726132,5.));
#2641=CARTESIAN_POINT('',(3.49857609843004,-4.42139856376189,0.));
#2642=CARTESIAN_POINT('',(3.49857609843004,-4.42139856376189,0.));
#2643=CARTESIAN_POINT('',(2.99896262346775,-3.79000160726132,0.));
#2644=CARTESIAN_POINT('Origin',(1.49749192084615,-5.12885630009269,0.));
#2645=CARTESIAN_POINT('',(1.35735604953358,-4.64889595009338,0.));
#2646=CARTESIAN_POINT('',(1.96223210505407,-4.94442050860311,0.));
#2647=CARTESIAN_POINT('Origin',(1.49749192084615,-5.12885630009269,0.));
#2648=CARTESIAN_POINT('',(1.96223210505407,-4.94442050860311,5.));
#2649=CARTESIAN_POINT('',(1.96223210505407,-4.94442050860311,0.));
#2650=CARTESIAN_POINT('',(1.35735604953358,-4.64889595009338,5.));
#2651=CARTESIAN_POINT('Origin',(1.49749192084615,-5.12885630009269,5.));
#2652=CARTESIAN_POINT('',(1.35735604953358,-4.64889595009338,0.));
#2653=CARTESIAN_POINT('Origin',(1.78275636053828,-4.49217862055376,0.));
#2654=CARTESIAN_POINT('',(2.0797554272588,-5.24055506019441,0.));
#2655=CARTESIAN_POINT('',(1.78275636053828,-4.49217862055376,0.));
#2656=CARTESIAN_POINT('',(2.0797554272588,-5.24055506019441,5.));
#2657=CARTESIAN_POINT('',(2.0797554272588,-5.24055506019441,0.));
#2658=CARTESIAN_POINT('',(1.78275636053828,-4.49217862055376,5.));
#2659=CARTESIAN_POINT('Origin',(1.26756210463162,-5.19046580866321,0.));
#2660=CARTESIAN_POINT('',(1.14894315417012,-4.70474001709825,5.));
#2661=CARTESIAN_POINT('',(0.772867403203312,-5.26310981997011,5.));
#2662=CARTESIAN_POINT('Origin',(1.26756210463162,-5.19046580866321,5.));
#2663=CARTESIAN_POINT('',(0.772867403203312,-5.26310981997011,0.));
#2664=CARTESIAN_POINT('',(0.772867403203312,-5.26310981997011,0.));
#2665=CARTESIAN_POINT('',(1.14894315417012,-4.70474001709825,0.));
#2666=CARTESIAN_POINT('Origin',(1.26756210463162,-5.19046580866321,0.));
#2667=CARTESIAN_POINT('',(1.14894315417012,-4.70474001709825,0.));
#2668=CARTESIAN_POINT('Origin',(0.81915649643252,-5.57833152568884,0.));
#2669=CARTESIAN_POINT('',(0.81915649643252,-5.57833152568884,5.));
#2670=CARTESIAN_POINT('',(0.70217701329244,-4.78171898400603,5.));
#2671=CARTESIAN_POINT('',(0.81915649643252,-5.57833152568884,0.));
#2672=CARTESIAN_POINT('',(0.81915649643252,-5.57833152568884,0.));
#2673=CARTESIAN_POINT('',(0.70217701329244,-4.78171898400603,0.));
#2674=CARTESIAN_POINT('Origin',(-1.26756210463162,-5.19046580866321,0.));
#2675=CARTESIAN_POINT('',(-1.14894315417012,-4.70474001709825,0.));
#2676=CARTESIAN_POINT('',(-0.772867403203314,-5.26310981997011,0.));
#2677=CARTESIAN_POINT('Origin',(-1.26756210463162,-5.19046580866321,0.));
#2678=CARTESIAN_POINT('',(-0.772867403203314,-5.26310981997011,5.));
#2679=CARTESIAN_POINT('',(-0.772867403203314,-5.26310981997011,0.));
#2680=CARTESIAN_POINT('',(-1.14894315417012,-4.70474001709825,5.));
#2681=CARTESIAN_POINT('Origin',(-1.26756210463162,-5.19046580866321,5.));
#2682=CARTESIAN_POINT('',(-1.14894315417012,-4.70474001709825,0.));
#2683=CARTESIAN_POINT('Origin',(-0.702177013292442,-4.78171898400603,0.));
#2684=CARTESIAN_POINT('',(-0.819156496432522,-5.57833152568884,0.));
#2685=CARTESIAN_POINT('',(-0.702177013292442,-4.78171898400603,0.));
#2686=CARTESIAN_POINT('',(-0.819156496432522,-5.57833152568884,5.));
#2687=CARTESIAN_POINT('',(-0.819156496432522,-5.57833152568884,0.));
#2688=CARTESIAN_POINT('',(-0.702177013292442,-4.78171898400603,5.));
#2689=CARTESIAN_POINT('Origin',(-1.49749192084616,-5.12885630009269,0.));
#2690=CARTESIAN_POINT('',(-1.35735604953358,-4.64889595009337,5.));
#2691=CARTESIAN_POINT('',(-1.96223210505408,-4.94442050860311,5.));
#2692=CARTESIAN_POINT('Origin',(-1.49749192084616,-5.12885630009269,5.));
#2693=CARTESIAN_POINT('',(-1.96223210505408,-4.94442050860311,0.));
#2694=CARTESIAN_POINT('',(-1.96223210505408,-4.94442050860311,0.));
#2695=CARTESIAN_POINT('',(-1.35735604953358,-4.64889595009337,0.));
#2696=CARTESIAN_POINT('Origin',(-1.49749192084616,-5.12885630009269,0.));
#2697=CARTESIAN_POINT('',(-1.35735604953358,-4.64889595009337,0.));
#2698=CARTESIAN_POINT('Origin',(-2.0797554272588,-5.2405550601944,0.));
#2699=CARTESIAN_POINT('',(-2.0797554272588,-5.2405550601944,5.));
#2700=CARTESIAN_POINT('',(-1.78275636053828,-4.49217862055376,5.));
#2701=CARTESIAN_POINT('',(-2.0797554272588,-5.2405550601944,0.));
#2702=CARTESIAN_POINT('',(-2.0797554272588,-5.2405550601944,0.));
#2703=CARTESIAN_POINT('',(-1.78275636053828,-4.49217862055376,0.));
#2704=CARTESIAN_POINT('Origin',(-3.69297388781706,-3.86129419546107,0.));
#2705=CARTESIAN_POINT('',(-3.34738396756467,-3.49995279592325,0.));
#2706=CARTESIAN_POINT('',(-3.30087771491604,-4.1715531053998,0.));
#2707=CARTESIAN_POINT('Origin',(-3.69297388781706,-3.86129419546107,0.));
#2708=CARTESIAN_POINT('',(-3.30087771491604,-4.1715531053998,5.));
#2709=CARTESIAN_POINT('',(-3.30087771491604,-4.1715531053998,0.));
#2710=CARTESIAN_POINT('',(-3.34738396756467,-3.49995279592325,5.));
#2711=CARTESIAN_POINT('Origin',(-3.69297388781706,-3.86129419546107,5.));
#2712=CARTESIAN_POINT('',(-3.34738396756467,-3.49995279592325,0.));
#2713=CARTESIAN_POINT('Origin',(-2.99896262346776,-3.79000160726132,0.));
#2714=CARTESIAN_POINT('',(-3.49857609843004,-4.42139856376188,0.));
#2715=CARTESIAN_POINT('',(-2.99896262346776,-3.79000160726132,0.));
#2716=CARTESIAN_POINT('',(-3.49857609843004,-4.42139856376188,5.));
#2717=CARTESIAN_POINT('',(-3.49857609843004,-4.42139856376188,0.));
#2718=CARTESIAN_POINT('',(-2.99896262346776,-3.79000160726132,5.));
#2719=CARTESIAN_POINT('Origin',(-3.86129419546107,-3.69297388781706,0.));
#2720=CARTESIAN_POINT('',(-3.49995279592326,-3.34738396756467,5.));
#2721=CARTESIAN_POINT('',(-4.1715531053998,-3.30087771491603,5.));
#2722=CARTESIAN_POINT('Origin',(-3.86129419546107,-3.69297388781706,5.));
#2723=CARTESIAN_POINT('',(-4.1715531053998,-3.30087771491603,0.));
#2724=CARTESIAN_POINT('',(-4.1715531053998,-3.30087771491603,0.));
#2725=CARTESIAN_POINT('',(-3.49995279592326,-3.34738396756467,0.));
#2726=CARTESIAN_POINT('Origin',(-3.86129419546107,-3.69297388781706,0.));
#2727=CARTESIAN_POINT('',(-3.49995279592326,-3.34738396756467,0.));
#2728=CARTESIAN_POINT('Origin',(-4.42139856376188,-3.49857609843004,0.));
#2729=CARTESIAN_POINT('',(-4.42139856376188,-3.49857609843004,5.));
#2730=CARTESIAN_POINT('',(-3.79000160726132,-2.99896262346775,5.));
#2731=CARTESIAN_POINT('',(-4.42139856376188,-3.49857609843004,0.));
#2732=CARTESIAN_POINT('',(-4.42139856376188,-3.49857609843004,0.));
#2733=CARTESIAN_POINT('',(-3.79000160726132,-2.99896262346775,0.));
#2734=CARTESIAN_POINT('Origin',(-5.12885630009269,-1.49749192084615,0.));
#2735=CARTESIAN_POINT('',(-4.64889595009338,-1.35735604953358,0.));
#2736=CARTESIAN_POINT('',(-4.94442050860311,-1.96223210505407,0.));
#2737=CARTESIAN_POINT('Origin',(-5.12885630009269,-1.49749192084615,0.));
#2738=CARTESIAN_POINT('',(-4.94442050860311,-1.96223210505407,5.));
#2739=CARTESIAN_POINT('',(-4.94442050860311,-1.96223210505407,0.));
#2740=CARTESIAN_POINT('',(-4.64889595009338,-1.35735604953358,5.));
#2741=CARTESIAN_POINT('Origin',(-5.12885630009269,-1.49749192084615,5.));
#2742=CARTESIAN_POINT('',(-4.64889595009338,-1.35735604953358,0.));
#2743=CARTESIAN_POINT('Origin',(-4.49217862055376,-1.78275636053828,0.));
#2744=CARTESIAN_POINT('',(-5.2405550601944,-2.0797554272588,0.));
#2745=CARTESIAN_POINT('',(-4.49217862055376,-1.78275636053828,0.));
#2746=CARTESIAN_POINT('',(-5.2405550601944,-2.0797554272588,5.));
#2747=CARTESIAN_POINT('',(-5.2405550601944,-2.0797554272588,0.));
#2748=CARTESIAN_POINT('',(-4.49217862055376,-1.78275636053828,5.));
#2749=CARTESIAN_POINT('Origin',(-5.19046580866321,-1.26756210463162,0.));
#2750=CARTESIAN_POINT('',(-4.70474001709825,-1.14894315417012,5.));
#2751=CARTESIAN_POINT('',(-5.26310981997011,-0.772867403203312,5.));
#2752=CARTESIAN_POINT('Origin',(-5.19046580866321,-1.26756210463162,5.));
#2753=CARTESIAN_POINT('',(-5.26310981997011,-0.772867403203312,0.));
#2754=CARTESIAN_POINT('',(-5.26310981997011,-0.772867403203312,0.));
#2755=CARTESIAN_POINT('',(-4.70474001709825,-1.14894315417012,0.));
#2756=CARTESIAN_POINT('Origin',(-5.19046580866321,-1.26756210463162,0.));
#2757=CARTESIAN_POINT('',(-4.70474001709825,-1.14894315417012,0.));
#2758=CARTESIAN_POINT('Origin',(-5.57833152568884,-0.81915649643252,0.));
#2759=CARTESIAN_POINT('',(-5.57833152568884,-0.81915649643252,5.));
#2760=CARTESIAN_POINT('',(-4.78171898400603,-0.702177013292441,5.));
#2761=CARTESIAN_POINT('',(-5.57833152568884,-0.81915649643252,0.));
#2762=CARTESIAN_POINT('',(-5.57833152568884,-0.81915649643252,0.));
#2763=CARTESIAN_POINT('',(-4.78171898400603,-0.702177013292441,0.));
#2764=CARTESIAN_POINT('Origin',(-5.19046580866321,1.26756210463162,0.));
#2765=CARTESIAN_POINT('',(-4.70474001709825,1.14894315417012,0.));
#2766=CARTESIAN_POINT('',(-5.26310981997011,0.772867403203313,0.));
#2767=CARTESIAN_POINT('Origin',(-5.19046580866321,1.26756210463162,0.));
#2768=CARTESIAN_POINT('',(-5.26310981997011,0.772867403203313,5.));
#2769=CARTESIAN_POINT('',(-5.26310981997011,0.772867403203314,0.));
#2770=CARTESIAN_POINT('',(-4.70474001709825,1.14894315417012,5.));
#2771=CARTESIAN_POINT('Origin',(-5.19046580866321,1.26756210463162,5.));
#2772=CARTESIAN_POINT('',(-4.70474001709825,1.14894315417012,0.));
#2773=CARTESIAN_POINT('Origin',(-4.78171898400603,0.702177013292442,0.));
#2774=CARTESIAN_POINT('',(-5.57833152568884,0.819156496432522,0.));
#2775=CARTESIAN_POINT('',(-4.78171898400603,0.702177013292442,0.));
#2776=CARTESIAN_POINT('',(-5.57833152568884,0.819156496432522,5.));
#2777=CARTESIAN_POINT('',(-5.57833152568884,0.819156496432522,0.));
#2778=CARTESIAN_POINT('',(-4.78171898400603,0.702177013292442,5.));
#2779=CARTESIAN_POINT('Origin',(-5.12885630009269,1.49749192084615,0.));
#2780=CARTESIAN_POINT('',(-4.64889595009337,1.35735604953358,5.));
#2781=CARTESIAN_POINT('',(-4.94442050860311,1.96223210505408,5.));
#2782=CARTESIAN_POINT('Origin',(-5.12885630009269,1.49749192084615,5.));
#2783=CARTESIAN_POINT('',(-4.94442050860311,1.96223210505408,0.));
#2784=CARTESIAN_POINT('',(-4.94442050860311,1.96223210505408,0.));
#2785=CARTESIAN_POINT('',(-4.64889595009337,1.35735604953358,0.));
#2786=CARTESIAN_POINT('Origin',(-5.12885630009269,1.49749192084615,0.));
#2787=CARTESIAN_POINT('',(-4.64889595009337,1.35735604953358,0.));
#2788=CARTESIAN_POINT('Origin',(-5.2405550601944,2.0797554272588,0.));
#2789=CARTESIAN_POINT('',(-5.2405550601944,2.0797554272588,5.));
#2790=CARTESIAN_POINT('',(-4.49217862055376,1.78275636053828,5.));
#2791=CARTESIAN_POINT('',(-5.2405550601944,2.0797554272588,0.));
#2792=CARTESIAN_POINT('',(-5.2405550601944,2.0797554272588,0.));
#2793=CARTESIAN_POINT('',(-4.49217862055376,1.78275636053828,0.));
#2794=CARTESIAN_POINT('Origin',(-3.86129419546107,3.69297388781706,0.));
#2795=CARTESIAN_POINT('',(-3.49995279592326,3.34738396756467,0.));
#2796=CARTESIAN_POINT('',(-4.1715531053998,3.30087771491603,0.));
#2797=CARTESIAN_POINT('Origin',(-3.86129419546107,3.69297388781706,0.));
#2798=CARTESIAN_POINT('',(-4.1715531053998,3.30087771491603,5.));
#2799=CARTESIAN_POINT('',(-4.1715531053998,3.30087771491603,0.));
#2800=CARTESIAN_POINT('',(-3.49995279592326,3.34738396756467,5.));
#2801=CARTESIAN_POINT('Origin',(-3.86129419546107,3.69297388781706,5.));
#2802=CARTESIAN_POINT('',(-3.49995279592326,3.34738396756467,0.));
#2803=CARTESIAN_POINT('Origin',(-3.79000160726132,2.99896262346776,0.));
#2804=CARTESIAN_POINT('',(-4.42139856376188,3.49857609843004,0.));
#2805=CARTESIAN_POINT('',(-3.79000160726132,2.99896262346776,0.));
#2806=CARTESIAN_POINT('',(-4.42139856376188,3.49857609843004,5.));
#2807=CARTESIAN_POINT('',(-4.42139856376188,3.49857609843004,0.));
#2808=CARTESIAN_POINT('',(-3.79000160726132,2.99896262346776,5.));
#2809=CARTESIAN_POINT('Origin',(-3.69297388781706,3.86129419546107,0.));
#2810=CARTESIAN_POINT('',(-3.34738396756467,3.49995279592326,5.));
#2811=CARTESIAN_POINT('',(-3.30087771491603,4.1715531053998,5.));
#2812=CARTESIAN_POINT('Origin',(-3.69297388781706,3.86129419546107,5.));
#2813=CARTESIAN_POINT('',(-3.30087771491603,4.1715531053998,0.));
#2814=CARTESIAN_POINT('',(-3.30087771491603,4.1715531053998,0.));
#2815=CARTESIAN_POINT('',(-3.34738396756467,3.49995279592326,0.));
#2816=CARTESIAN_POINT('Origin',(-3.69297388781706,3.86129419546107,0.));
#2817=CARTESIAN_POINT('',(-3.34738396756467,3.49995279592326,0.));
#2818=CARTESIAN_POINT('Origin',(-3.49857609843004,4.42139856376188,0.));
#2819=CARTESIAN_POINT('',(-3.49857609843004,4.42139856376188,5.));
#2820=CARTESIAN_POINT('',(-2.99896262346775,3.79000160726132,5.));
#2821=CARTESIAN_POINT('',(-3.49857609843004,4.42139856376188,0.));
#2822=CARTESIAN_POINT('',(-3.49857609843004,4.42139856376188,0.));
#2823=CARTESIAN_POINT('',(-2.99896262346775,3.79000160726132,0.));
#2824=CARTESIAN_POINT('Origin',(-1.49749192084615,5.12885630009269,0.));
#2825=CARTESIAN_POINT('',(-1.35735604953358,4.64889595009338,0.));
#2826=CARTESIAN_POINT('',(-1.96223210505407,4.94442050860311,0.));
#2827=CARTESIAN_POINT('Origin',(-1.49749192084615,5.12885630009269,0.));
#2828=CARTESIAN_POINT('',(-1.96223210505407,4.94442050860311,5.));
#2829=CARTESIAN_POINT('',(-1.96223210505407,4.94442050860311,0.));
#2830=CARTESIAN_POINT('',(-1.35735604953358,4.64889595009338,5.));
#2831=CARTESIAN_POINT('Origin',(-1.49749192084615,5.12885630009269,5.));
#2832=CARTESIAN_POINT('',(-1.35735604953358,4.64889595009338,0.));
#2833=CARTESIAN_POINT('Origin',(-1.78275636053828,4.49217862055376,0.));
#2834=CARTESIAN_POINT('',(-2.0797554272588,5.2405550601944,0.));
#2835=CARTESIAN_POINT('',(-1.78275636053828,4.49217862055376,0.));
#2836=CARTESIAN_POINT('',(-2.0797554272588,5.2405550601944,5.));
#2837=CARTESIAN_POINT('',(-2.0797554272588,5.2405550601944,0.));
#2838=CARTESIAN_POINT('',(-1.78275636053828,4.49217862055376,5.));
#2839=CARTESIAN_POINT('Origin',(-1.26756210463162,5.19046580866321,0.));
#2840=CARTESIAN_POINT('',(-1.14894315417012,4.70474001709825,5.));
#2841=CARTESIAN_POINT('',(-0.772867403203312,5.26310981997011,5.));
#2842=CARTESIAN_POINT('Origin',(-1.26756210463162,5.19046580866321,5.));
#2843=CARTESIAN_POINT('',(-0.772867403203312,5.26310981997011,0.));
#2844=CARTESIAN_POINT('',(-0.772867403203312,5.26310981997011,0.));
#2845=CARTESIAN_POINT('',(-1.14894315417012,4.70474001709825,0.));
#2846=CARTESIAN_POINT('Origin',(-1.26756210463162,5.19046580866321,0.));
#2847=CARTESIAN_POINT('',(-1.14894315417012,4.70474001709825,0.));
#2848=CARTESIAN_POINT('Origin',(-0.81915649643252,5.57833152568884,0.));
#2849=CARTESIAN_POINT('',(-0.81915649643252,5.57833152568884,5.));
#2850=CARTESIAN_POINT('',(-0.702177013292441,4.78171898400603,5.));
#2851=CARTESIAN_POINT('',(-0.81915649643252,5.57833152568884,0.));
#2852=CARTESIAN_POINT('',(-0.81915649643252,5.57833152568884,0.));
#2853=CARTESIAN_POINT('',(-0.702177013292441,4.78171898400603,0.));
#2854=CARTESIAN_POINT('Origin',(1.26756210463162,5.19046580866321,0.));
#2855=CARTESIAN_POINT('',(1.14894315417012,4.70474001709825,0.));
#2856=CARTESIAN_POINT('',(0.772867403203313,5.26310981997011,0.));
#2857=CARTESIAN_POINT('Origin',(1.26756210463162,5.19046580866321,0.));
#2858=CARTESIAN_POINT('',(0.772867403203313,5.26310981997011,5.));
#2859=CARTESIAN_POINT('',(0.772867403203313,5.26310981997011,0.));
#2860=CARTESIAN_POINT('',(1.14894315417012,4.70474001709825,5.));
#2861=CARTESIAN_POINT('Origin',(1.26756210463162,5.19046580866321,5.));
#2862=CARTESIAN_POINT('',(1.14894315417012,4.70474001709825,0.));
#2863=CARTESIAN_POINT('Origin',(0.702177013292442,4.78171898400603,0.));
#2864=CARTESIAN_POINT('',(0.819156496432522,5.57833152568884,0.));
#2865=CARTESIAN_POINT('',(0.702177013292442,4.78171898400603,0.));
#2866=CARTESIAN_POINT('',(0.819156496432522,5.57833152568884,5.));
#2867=CARTESIAN_POINT('',(0.819156496432522,5.57833152568884,0.));
#2868=CARTESIAN_POINT('',(0.702177013292442,4.78171898400603,5.));
#2869=CARTESIAN_POINT('Origin',(1.49749192084615,5.12885630009269,0.));
#2870=CARTESIAN_POINT('',(1.35735604953358,4.64889595009337,5.));
#2871=CARTESIAN_POINT('',(1.96223210505407,4.94442050860311,5.));
#2872=CARTESIAN_POINT('Origin',(1.49749192084615,5.12885630009269,5.));
#2873=CARTESIAN_POINT('',(1.96223210505407,4.94442050860311,0.));
#2874=CARTESIAN_POINT('',(1.96223210505407,4.94442050860311,0.));
#2875=CARTESIAN_POINT('',(1.35735604953358,4.64889595009337,0.));
#2876=CARTESIAN_POINT('Origin',(1.49749192084615,5.12885630009269,0.));
#2877=CARTESIAN_POINT('',(1.35735604953358,4.64889595009337,0.));
#2878=CARTESIAN_POINT('Origin',(2.0797554272588,5.2405550601944,0.));
#2879=CARTESIAN_POINT('',(2.0797554272588,5.2405550601944,5.));
#2880=CARTESIAN_POINT('',(1.78275636053828,4.49217862055376,5.));
#2881=CARTESIAN_POINT('',(2.0797554272588,5.2405550601944,0.));
#2882=CARTESIAN_POINT('',(2.0797554272588,5.2405550601944,0.));
#2883=CARTESIAN_POINT('',(1.78275636053828,4.49217862055376,0.));
#2884=CARTESIAN_POINT('Origin',(3.69297388781706,3.86129419546107,0.));
#2885=CARTESIAN_POINT('',(3.34738396756467,3.49995279592326,0.));
#2886=CARTESIAN_POINT('',(3.30087771491603,4.1715531053998,0.));
#2887=CARTESIAN_POINT('Origin',(3.69297388781706,3.86129419546107,0.));
#2888=CARTESIAN_POINT('',(3.30087771491603,4.1715531053998,5.));
#2889=CARTESIAN_POINT('',(3.30087771491603,4.1715531053998,0.));
#2890=CARTESIAN_POINT('',(3.34738396756467,3.49995279592326,5.));
#2891=CARTESIAN_POINT('Origin',(3.69297388781706,3.86129419546107,5.));
#2892=CARTESIAN_POINT('',(3.34738396756467,3.49995279592326,0.));
#2893=CARTESIAN_POINT('Origin',(2.99896262346776,3.79000160726132,0.));
#2894=CARTESIAN_POINT('',(3.49857609843004,4.42139856376188,0.));
#2895=CARTESIAN_POINT('',(2.99896262346776,3.79000160726132,0.));
#2896=CARTESIAN_POINT('',(3.49857609843004,4.42139856376188,5.));
#2897=CARTESIAN_POINT('',(3.49857609843004,4.42139856376188,0.));
#2898=CARTESIAN_POINT('',(2.99896262346776,3.79000160726132,5.));
#2899=CARTESIAN_POINT('Origin',(3.86129419546107,3.69297388781706,0.));
#2900=CARTESIAN_POINT('',(3.49995279592326,3.34738396756467,5.));
#2901=CARTESIAN_POINT('',(4.1715531053998,3.30087771491603,5.));
#2902=CARTESIAN_POINT('Origin',(3.86129419546107,3.69297388781706,5.));
#2903=CARTESIAN_POINT('',(4.1715531053998,3.30087771491603,0.));
#2904=CARTESIAN_POINT('',(4.1715531053998,3.30087771491603,0.));
#2905=CARTESIAN_POINT('',(3.49995279592326,3.34738396756467,0.));
#2906=CARTESIAN_POINT('Origin',(3.86129419546107,3.69297388781706,0.));
#2907=CARTESIAN_POINT('',(3.49995279592326,3.34738396756467,0.));
#2908=CARTESIAN_POINT('Origin',(4.42139856376188,3.49857609843004,0.));
#2909=CARTESIAN_POINT('',(4.42139856376188,3.49857609843004,5.));
#2910=CARTESIAN_POINT('',(3.79000160726132,2.99896262346775,5.));
#2911=CARTESIAN_POINT('',(4.42139856376188,3.49857609843004,0.));
#2912=CARTESIAN_POINT('',(4.42139856376188,3.49857609843004,0.));
#2913=CARTESIAN_POINT('',(3.79000160726132,2.99896262346775,0.));
#2914=CARTESIAN_POINT('Origin',(5.12885630009269,1.49749192084615,0.));
#2915=CARTESIAN_POINT('',(4.64889595009338,1.35735604953358,0.));
#2916=CARTESIAN_POINT('',(4.94442050860311,1.96223210505407,0.));
#2917=CARTESIAN_POINT('Origin',(5.12885630009269,1.49749192084615,0.));
#2918=CARTESIAN_POINT('',(4.94442050860311,1.96223210505407,5.));
#2919=CARTESIAN_POINT('',(4.94442050860311,1.96223210505407,0.));
#2920=CARTESIAN_POINT('',(4.64889595009338,1.35735604953358,5.));
#2921=CARTESIAN_POINT('Origin',(5.12885630009269,1.49749192084615,5.));
#2922=CARTESIAN_POINT('',(4.64889595009338,1.35735604953358,0.));
#2923=CARTESIAN_POINT('Origin',(4.49217862055376,1.78275636053828,0.));
#2924=CARTESIAN_POINT('',(5.2405550601944,2.0797554272588,0.));
#2925=CARTESIAN_POINT('',(4.49217862055376,1.78275636053828,0.));
#2926=CARTESIAN_POINT('',(5.2405550601944,2.0797554272588,5.));
#2927=CARTESIAN_POINT('',(5.2405550601944,2.0797554272588,0.));
#2928=CARTESIAN_POINT('',(4.49217862055376,1.78275636053828,5.));
#2929=CARTESIAN_POINT('Ctrl Pts',(6.21139061972984,-3.22778973434332,0.));
#2930=CARTESIAN_POINT('Ctrl Pts',(6.21139061972984,-3.22778973434332,5.));
#2931=CARTESIAN_POINT('Ctrl Pts',(6.20930359805418,-3.22354748889164,0.));
#2932=CARTESIAN_POINT('Ctrl Pts',(6.20930359805418,-3.22354748889164,5.));
#2933=CARTESIAN_POINT('Ctrl Pts',(6.20511980747282,-3.21507369351011,0.));
#2934=CARTESIAN_POINT('Ctrl Pts',(6.20511980747282,-3.21507369351011,5.));
#2935=CARTESIAN_POINT('Ctrl Pts',(6.19881487991353,-3.20239508700497,0.));
#2936=CARTESIAN_POINT('Ctrl Pts',(6.19881487991353,-3.20239508700497,5.));
#2937=CARTESIAN_POINT('Ctrl Pts',(6.19034980700438,-3.1855544727723,0.));
#2938=CARTESIAN_POINT('Ctrl Pts',(6.19034980700438,-3.1855544727723,5.));
#2939=CARTESIAN_POINT('Ctrl Pts',(6.17967085870361,-3.16461087288193,0.));
#2940=CARTESIAN_POINT('Ctrl Pts',(6.17967085870361,-3.16461087288193,5.));
#2941=CARTESIAN_POINT('Ctrl Pts',(6.16889419027084,-3.1437747583942,0.));
#2942=CARTESIAN_POINT('Ctrl Pts',(6.16889419027084,-3.1437747583942,5.));
#2943=CARTESIAN_POINT('Ctrl Pts',(6.15801972318595,-3.12304660411248,0.));
#2944=CARTESIAN_POINT('Ctrl Pts',(6.15801972318595,-3.12304660411248,5.));
#2945=CARTESIAN_POINT('Ctrl Pts',(6.14704745624943,-3.1024270565761,0.));
#2946=CARTESIAN_POINT('Ctrl Pts',(6.14704745624943,-3.1024270565761,5.));
#2947=CARTESIAN_POINT('Ctrl Pts',(6.13597751587882,-3.08191695361442,0.));
#2948=CARTESIAN_POINT('Ctrl Pts',(6.13597751587882,-3.08191695361442,5.));
#2949=CARTESIAN_POINT('Ctrl Pts',(6.12481012412405,-3.06151727749491,0.));
#2950=CARTESIAN_POINT('Ctrl Pts',(6.12481012412405,-3.06151727749491,5.));
#2951=CARTESIAN_POINT('Ctrl Pts',(6.11354555909092,-3.04122910158406,0.));
#2952=CARTESIAN_POINT('Ctrl Pts',(6.11354555909092,-3.04122910158406,5.));
#2953=CARTESIAN_POINT('Ctrl Pts',(6.10218411797386,-3.02105353711006,0.));
#2954=CARTESIAN_POINT('Ctrl Pts',(6.10218411797386,-3.02105353711006,5.));
#2955=CARTESIAN_POINT('Ctrl Pts',(6.09072608176021,-3.0009916827313,0.));
#2956=CARTESIAN_POINT('Ctrl Pts',(6.09072608176021,-3.0009916827313,5.));
#2957=CARTESIAN_POINT('Ctrl Pts',(6.07917167469059,-2.98104456269605,0.));
#2958=CARTESIAN_POINT('Ctrl Pts',(6.07917167469059,-2.98104456269605,5.));
#2959=CARTESIAN_POINT('Ctrl Pts',(6.06752106964367,-2.96121314570422,0.));
#2960=CARTESIAN_POINT('Ctrl Pts',(6.06752106964367,-2.96121314570422,5.));
#2961=CARTESIAN_POINT('Ctrl Pts',(6.05577440382163,-2.94149838032591,0.));
#2962=CARTESIAN_POINT('Ctrl Pts',(6.05577440382163,-2.94149838032591,5.));
#2963=CARTESIAN_POINT('Ctrl Pts',(6.04393179188884,-2.92190122502751,0.));
#2964=CARTESIAN_POINT('Ctrl Pts',(6.04393179188884,-2.92190122502751,5.));
#2965=CARTESIAN_POINT('Ctrl Pts',(6.03199333998564,-2.90242267699485,0.));
#2966=CARTESIAN_POINT('Ctrl Pts',(6.03199333998564,-2.90242267699485,5.));
#2967=CARTESIAN_POINT('Ctrl Pts',(6.01995916229056,-2.88306380731791,0.));
#2968=CARTESIAN_POINT('Ctrl Pts',(6.01995916229056,-2.88306380731791,5.));
#2969=CARTESIAN_POINT('Ctrl Pts',(6.00782938294996,-2.86382575080135,0.));
#2970=CARTESIAN_POINT('Ctrl Pts',(6.00782938294996,-2.86382575080135,5.));
#2971=CARTESIAN_POINT('Ctrl Pts',(5.99560413303305,-2.8447096808369,0.));
#2972=CARTESIAN_POINT('Ctrl Pts',(5.99560413303305,-2.8447096808369,5.));
#2973=CARTESIAN_POINT('Ctrl Pts',(5.98328355021569,-2.8257167868327,0.));
#2974=CARTESIAN_POINT('Ctrl Pts',(5.98328355021569,-2.8257167868327,5.));
#2975=CARTESIAN_POINT('Ctrl Pts',(5.9708677771451,-2.80684825336343,0.));
#2976=CARTESIAN_POINT('Ctrl Pts',(5.9708677771451,-2.80684825336343,5.));
#2977=CARTESIAN_POINT('Ctrl Pts',(5.95835696334053,-2.78810522842863,0.));
#2978=CARTESIAN_POINT('Ctrl Pts',(5.95835696334053,-2.78810522842863,5.));
#2979=CARTESIAN_POINT('Ctrl Pts',(5.94575125429371,-2.76948884521319,0.));
#2980=CARTESIAN_POINT('Ctrl Pts',(5.94575125429371,-2.76948884521319,5.));
#2981=CARTESIAN_POINT('Ctrl Pts',(5.93305077605293,-2.75100026575969,0.));
#2982=CARTESIAN_POINT('Ctrl Pts',(5.93305077605293,-2.75100026575969,5.));
#2983=CARTESIAN_POINT('Ctrl Pts',(5.92025562059562,-2.73264071969813,0.));
#2984=CARTESIAN_POINT('Ctrl Pts',(5.92025562059562,-2.73264071969813,5.));
#2985=CARTESIAN_POINT('Ctrl Pts',(5.90736583438218,-2.71441153766416,0.));
#2986=CARTESIAN_POINT('Ctrl Pts',(5.90736583438218,-2.71441153766416,5.));
#2987=CARTESIAN_POINT('Ctrl Pts',(5.89438139904767,-2.69631420247435,0.));
#2988=CARTESIAN_POINT('Ctrl Pts',(5.89438139904767,-2.69631420247435,5.));
#2989=CARTESIAN_POINT('Ctrl Pts',(5.88130225110005,-2.67835031176076,0.));
#2990=CARTESIAN_POINT('Ctrl Pts',(5.88130225110005,-2.67835031176076,5.));
#2991=CARTESIAN_POINT('Ctrl Pts',(5.86812832061791,-2.66052149680397,0.));
#2992=CARTESIAN_POINT('Ctrl Pts',(5.86812832061791,-2.66052149680397,5.));
#2993=CARTESIAN_POINT('Ctrl Pts',(5.85485956819948,-2.64282934714721,0.));
#2994=CARTESIAN_POINT('Ctrl Pts',(5.85485956819948,-2.64282934714721,5.));
#2995=CARTESIAN_POINT('Ctrl Pts',(5.84149601552459,-2.62527534734999,0.));
#2996=CARTESIAN_POINT('Ctrl Pts',(5.84149601552459,-2.62527534734999,5.));
#2997=CARTESIAN_POINT('Ctrl Pts',(5.82803779898207,-2.60786076860078,0.));
#2998=CARTESIAN_POINT('Ctrl Pts',(5.82803779898207,-2.60786076860078,5.));
#2999=CARTESIAN_POINT('Ctrl Pts',(5.81448512248929,-2.59058676059556,0.));
#3000=CARTESIAN_POINT('Ctrl Pts',(5.81448512248929,-2.59058676059556,5.));
#3001=CARTESIAN_POINT('Ctrl Pts',(5.80083815515141,-2.57345455343381,0.));
#3002=CARTESIAN_POINT('Ctrl Pts',(5.80083815515141,-2.57345455343381,5.));
#3003=CARTESIAN_POINT('Ctrl Pts',(5.78709693822912,-2.55646564093388,0.));
#3004=CARTESIAN_POINT('Ctrl Pts',(5.78709693822912,-2.55646564093388,5.));
#3005=CARTESIAN_POINT('Ctrl Pts',(5.77326130685006,-2.53962193567831,0.));
#3006=CARTESIAN_POINT('Ctrl Pts',(5.77326130685006,-2.53962193567831,5.));
#3007=CARTESIAN_POINT('Ctrl Pts',(5.75933076092691,-2.52292602330549,0.));
#3008=CARTESIAN_POINT('Ctrl Pts',(5.75933076092691,-2.52292602330549,5.));
#3009=CARTESIAN_POINT('Ctrl Pts',(5.74530456566119,-2.50638096895594,0.));
#3010=CARTESIAN_POINT('Ctrl Pts',(5.74530456566119,-2.50638096895594,5.));
#3011=CARTESIAN_POINT('Ctrl Pts',(5.73118198315941,-2.48998986789471,0.));
#3012=CARTESIAN_POINT('Ctrl Pts',(5.73118198315941,-2.48998986789471,5.));
#3013=CARTESIAN_POINT('Ctrl Pts',(5.71696248429925,-2.47375543510585,0.));
#3014=CARTESIAN_POINT('Ctrl Pts',(5.71696248429925,-2.47375543510585,5.));
#3015=CARTESIAN_POINT('Ctrl Pts',(5.70264592670611,-2.45767966077321,0.));
#3016=CARTESIAN_POINT('Ctrl Pts',(5.70264592670611,-2.45767966077321,5.));
#3017=CARTESIAN_POINT('Ctrl Pts',(5.68823285554658,-2.44176322738107,0.));
#3018=CARTESIAN_POINT('Ctrl Pts',(5.68823285554658,-2.44176322738107,5.));
#3019=CARTESIAN_POINT('Ctrl Pts',(5.67372425135249,-2.42600600144931,0.));
#3020=CARTESIAN_POINT('Ctrl Pts',(5.67372425135249,-2.42600600144931,5.));
#3021=CARTESIAN_POINT('Ctrl Pts',(5.65912097221742,-2.41040811941746,0.));
#3022=CARTESIAN_POINT('Ctrl Pts',(5.65912097221742,-2.41040811941746,5.));
#3023=CARTESIAN_POINT('Ctrl Pts',(5.64442324546306,-2.39497097739317,0.));
#3024=CARTESIAN_POINT('Ctrl Pts',(5.64442324546306,-2.39497097739317,5.));
#3025=CARTESIAN_POINT('Ctrl Pts',(5.62963023720628,-2.37969807009142,0.));
#3026=CARTESIAN_POINT('Ctrl Pts',(5.62963023720628,-2.37969807009142,5.));
#3027=CARTESIAN_POINT('Ctrl Pts',(5.61473934178149,-2.36459637329735,0.));
#3028=CARTESIAN_POINT('Ctrl Pts',(5.61473934178149,-2.36459637329735,5.));
#3029=CARTESIAN_POINT('Ctrl Pts',(5.59974679611233,-2.34967515641936,0.));
#3030=CARTESIAN_POINT('Ctrl Pts',(5.59974679611233,-2.34967515641936,5.));
#3031=CARTESIAN_POINT('Ctrl Pts',(5.58464895243107,-2.33494351832822,0.));
#3032=CARTESIAN_POINT('Ctrl Pts',(5.58464895243107,-2.33494351832822,5.));
#3033=CARTESIAN_POINT('Ctrl Pts',(5.56944344763693,-2.32040812346632,0.));
#3034=CARTESIAN_POINT('Ctrl Pts',(5.56944344763693,-2.32040812346632,5.));
#3035=CARTESIAN_POINT('Ctrl Pts',(5.55413019387955,-2.30607128571577,0.));
#3036=CARTESIAN_POINT('Ctrl Pts',(5.55413019387955,-2.30607128571577,5.));
#3037=CARTESIAN_POINT('Ctrl Pts',(5.53871301360232,-2.29192780018207,0.));
#3038=CARTESIAN_POINT('Ctrl Pts',(5.53871301360232,-2.29192780018207,5.));
#3039=CARTESIAN_POINT('Ctrl Pts',(5.52319798998755,-2.27796815685518,0.));
#3040=CARTESIAN_POINT('Ctrl Pts',(5.52319798998755,-2.27796815685518,5.));
#3041=CARTESIAN_POINT('Ctrl Pts',(5.50759045920624,-2.26418439363243,0.));
#3042=CARTESIAN_POINT('Ctrl Pts',(5.50759045920624,-2.26418439363243,5.));
#3043=CARTESIAN_POINT('Ctrl Pts',(5.49189222494051,-2.25057551682897,0.));
#3044=CARTESIAN_POINT('Ctrl Pts',(5.49189222494051,-2.25057551682897,5.));
#3045=CARTESIAN_POINT('Ctrl Pts',(5.47609915146879,-2.23715218812016,0.));
#3046=CARTESIAN_POINT('Ctrl Pts',(5.47609915146879,-2.23715218812016,5.));
#3047=CARTESIAN_POINT('Ctrl Pts',(5.46019737774884,-2.22394408620417,0.));
#3048=CARTESIAN_POINT('Ctrl Pts',(5.46019737774884,-2.22394408620417,5.));
#3049=CARTESIAN_POINT('Ctrl Pts',(5.44416759833788,-2.2109916246963,0.));
#3050=CARTESIAN_POINT('Ctrl Pts',(5.44416759833788,-2.2109916246963,5.));
#3051=CARTESIAN_POINT('Ctrl Pts',(5.4279918647429,-2.19833278829966,0.));
#3052=CARTESIAN_POINT('Ctrl Pts',(5.4279918647429,-2.19833278829966,5.));
#3053=CARTESIAN_POINT('Ctrl Pts',(5.41165996423536,-2.18599077603809,0.));
#3054=CARTESIAN_POINT('Ctrl Pts',(5.41165996423536,-2.18599077603809,5.));
#3055=CARTESIAN_POINT('Ctrl Pts',(5.39517505989873,-2.1739631062867,0.));
#3056=CARTESIAN_POINT('Ctrl Pts',(5.39517505989873,-2.1739631062867,5.));
#3057=CARTESIAN_POINT('Ctrl Pts',(5.37856206737641,-2.16220534086898,0.));
#3058=CARTESIAN_POINT('Ctrl Pts',(5.37856206737641,-2.16220534086898,5.));
#3059=CARTESIAN_POINT('Ctrl Pts',(5.36185553884522,-2.15065506867006,0.));
#3060=CARTESIAN_POINT('Ctrl Pts',(5.36185553884522,-2.15065506867006,5.));
#3061=CARTESIAN_POINT('Ctrl Pts',(5.34508323195066,-2.13926435518767,0.));
#3062=CARTESIAN_POINT('Ctrl Pts',(5.34508323195066,-2.13926435518767,5.));
#3063=CARTESIAN_POINT('Ctrl Pts',(5.3282506733722,-2.12803026283834,0.));
#3064=CARTESIAN_POINT('Ctrl Pts',(5.3282506733722,-2.12803026283834,5.));
#3065=CARTESIAN_POINT('Ctrl Pts',(5.31132638510836,-2.11702401615048,0.));
#3066=CARTESIAN_POINT('Ctrl Pts',(5.31132638510836,-2.11702401615048,5.));
#3067=CARTESIAN_POINT('Ctrl Pts',(5.29422383411077,-2.10642674697149,0.));
#3068=CARTESIAN_POINT('Ctrl Pts',(5.29422383411077,-2.10642674697149,5.));
#3069=CARTESIAN_POINT('Ctrl Pts',(5.27682573715989,-2.09648032459994,0.));
#3070=CARTESIAN_POINT('Ctrl Pts',(5.27682573715989,-2.09648032459994,5.));
#3071=CARTESIAN_POINT('Ctrl Pts',(5.26257549966847,-2.08923927794875,0.));
#3072=CARTESIAN_POINT('Ctrl Pts',(5.26257549966847,-2.08923927794875,5.));
#3073=CARTESIAN_POINT('Ctrl Pts',(5.25165899236968,-2.08429754090826,0.));
#3074=CARTESIAN_POINT('Ctrl Pts',(5.25165899236968,-2.08429754090826,5.));
#3075=CARTESIAN_POINT('Ctrl Pts',(5.24427422106533,-2.08123140545526,0.));
#3076=CARTESIAN_POINT('Ctrl Pts',(5.24427422106533,-2.08123140545526,5.));
#3077=CARTESIAN_POINT('Ctrl Pts',(5.2405550601944,-2.0797554272588,0.));
#3078=CARTESIAN_POINT('Ctrl Pts',(5.2405550601944,-2.0797554272588,5.));
#3079=CARTESIAN_POINT('',(6.21139061972984,-3.22778973434332,0.));
#3080=CARTESIAN_POINT('Ctrl Pts',(5.2405550601944,-2.0797554272588,0.));
#3081=CARTESIAN_POINT('Ctrl Pts',(5.24427422106533,-2.08123140545526,0.));
#3082=CARTESIAN_POINT('Ctrl Pts',(5.25165899236968,-2.08429754090826,0.));
#3083=CARTESIAN_POINT('Ctrl Pts',(5.26257549966847,-2.08923927794875,0.));
#3084=CARTESIAN_POINT('Ctrl Pts',(5.27682573715989,-2.09648032459994,0.));
#3085=CARTESIAN_POINT('Ctrl Pts',(5.29422383411077,-2.10642674697149,0.));
#3086=CARTESIAN_POINT('Ctrl Pts',(5.31132638510836,-2.11702401615048,0.));
#3087=CARTESIAN_POINT('Ctrl Pts',(5.3282506733722,-2.12803026283834,0.));
#3088=CARTESIAN_POINT('Ctrl Pts',(5.34508323195066,-2.13926435518767,0.));
#3089=CARTESIAN_POINT('Ctrl Pts',(5.36185553884522,-2.15065506867006,0.));
#3090=CARTESIAN_POINT('Ctrl Pts',(5.37856206737641,-2.16220534086898,0.));
#3091=CARTESIAN_POINT('Ctrl Pts',(5.39517505989873,-2.1739631062867,0.));
#3092=CARTESIAN_POINT('Ctrl Pts',(5.41165996423536,-2.18599077603809,0.));
#3093=CARTESIAN_POINT('Ctrl Pts',(5.4279918647429,-2.19833278829966,0.));
#3094=CARTESIAN_POINT('Ctrl Pts',(5.44416759833788,-2.2109916246963,0.));
#3095=CARTESIAN_POINT('Ctrl Pts',(5.46019737774884,-2.22394408620417,0.));
#3096=CARTESIAN_POINT('Ctrl Pts',(5.47609915146879,-2.23715218812016,0.));
#3097=CARTESIAN_POINT('Ctrl Pts',(5.49189222494051,-2.25057551682897,0.));
#3098=CARTESIAN_POINT('Ctrl Pts',(5.50759045920624,-2.26418439363243,0.));
#3099=CARTESIAN_POINT('Ctrl Pts',(5.52319798998755,-2.27796815685518,0.));
#3100=CARTESIAN_POINT('Ctrl Pts',(5.53871301360232,-2.29192780018207,0.));
#3101=CARTESIAN_POINT('Ctrl Pts',(5.55413019387955,-2.30607128571577,0.));
#3102=CARTESIAN_POINT('Ctrl Pts',(5.56944344763693,-2.32040812346632,0.));
#3103=CARTESIAN_POINT('Ctrl Pts',(5.58464895243107,-2.33494351832822,0.));
#3104=CARTESIAN_POINT('Ctrl Pts',(5.59974679611233,-2.34967515641936,0.));
#3105=CARTESIAN_POINT('Ctrl Pts',(5.61473934178149,-2.36459637329735,0.));
#3106=CARTESIAN_POINT('Ctrl Pts',(5.62963023720628,-2.37969807009142,0.));
#3107=CARTESIAN_POINT('Ctrl Pts',(5.64442324546306,-2.39497097739317,0.));
#3108=CARTESIAN_POINT('Ctrl Pts',(5.65912097221742,-2.41040811941746,0.));
#3109=CARTESIAN_POINT('Ctrl Pts',(5.67372425135249,-2.42600600144931,0.));
#3110=CARTESIAN_POINT('Ctrl Pts',(5.68823285554658,-2.44176322738107,0.));
#3111=CARTESIAN_POINT('Ctrl Pts',(5.70264592670611,-2.45767966077321,0.));
#3112=CARTESIAN_POINT('Ctrl Pts',(5.71696248429925,-2.47375543510585,0.));
#3113=CARTESIAN_POINT('Ctrl Pts',(5.73118198315941,-2.48998986789471,0.));
#3114=CARTESIAN_POINT('Ctrl Pts',(5.74530456566119,-2.50638096895594,0.));
#3115=CARTESIAN_POINT('Ctrl Pts',(5.75933076092691,-2.52292602330549,0.));
#3116=CARTESIAN_POINT('Ctrl Pts',(5.77326130685006,-2.53962193567831,0.));
#3117=CARTESIAN_POINT('Ctrl Pts',(5.78709693822912,-2.55646564093388,0.));
#3118=CARTESIAN_POINT('Ctrl Pts',(5.80083815515141,-2.57345455343381,0.));
#3119=CARTESIAN_POINT('Ctrl Pts',(5.81448512248929,-2.59058676059556,0.));
#3120=CARTESIAN_POINT('Ctrl Pts',(5.82803779898207,-2.60786076860078,0.));
#3121=CARTESIAN_POINT('Ctrl Pts',(5.84149601552459,-2.62527534734999,0.));
#3122=CARTESIAN_POINT('Ctrl Pts',(5.85485956819948,-2.64282934714721,0.));
#3123=CARTESIAN_POINT('Ctrl Pts',(5.86812832061791,-2.66052149680397,0.));
#3124=CARTESIAN_POINT('Ctrl Pts',(5.88130225110005,-2.67835031176076,0.));
#3125=CARTESIAN_POINT('Ctrl Pts',(5.89438139904767,-2.69631420247435,0.));
#3126=CARTESIAN_POINT('Ctrl Pts',(5.90736583438218,-2.71441153766416,0.));
#3127=CARTESIAN_POINT('Ctrl Pts',(5.92025562059562,-2.73264071969813,0.));
#3128=CARTESIAN_POINT('Ctrl Pts',(5.93305077605293,-2.75100026575969,0.));
#3129=CARTESIAN_POINT('Ctrl Pts',(5.94575125429371,-2.76948884521319,0.));
#3130=CARTESIAN_POINT('Ctrl Pts',(5.95835696334053,-2.78810522842863,0.));
#3131=CARTESIAN_POINT('Ctrl Pts',(5.9708677771451,-2.80684825336343,0.));
#3132=CARTESIAN_POINT('Ctrl Pts',(5.98328355021569,-2.8257167868327,0.));
#3133=CARTESIAN_POINT('Ctrl Pts',(5.99560413303305,-2.8447096808369,0.));
#3134=CARTESIAN_POINT('Ctrl Pts',(6.00782938294996,-2.86382575080135,0.));
#3135=CARTESIAN_POINT('Ctrl Pts',(6.01995916229056,-2.88306380731791,0.));
#3136=CARTESIAN_POINT('Ctrl Pts',(6.03199333998564,-2.90242267699485,0.));
#3137=CARTESIAN_POINT('Ctrl Pts',(6.04393179188884,-2.92190122502751,0.));
#3138=CARTESIAN_POINT('Ctrl Pts',(6.05577440382163,-2.94149838032591,0.));
#3139=CARTESIAN_POINT('Ctrl Pts',(6.06752106964367,-2.96121314570422,0.));
#3140=CARTESIAN_POINT('Ctrl Pts',(6.07917167469059,-2.98104456269605,0.));
#3141=CARTESIAN_POINT('Ctrl Pts',(6.09072608176021,-3.0009916827313,0.));
#3142=CARTESIAN_POINT('Ctrl Pts',(6.10218411797386,-3.02105353711006,0.));
#3143=CARTESIAN_POINT('Ctrl Pts',(6.11354555909092,-3.04122910158406,0.));
#3144=CARTESIAN_POINT('Ctrl Pts',(6.12481012412405,-3.06151727749491,0.));
#3145=CARTESIAN_POINT('Ctrl Pts',(6.13597751587882,-3.08191695361442,0.));
#3146=CARTESIAN_POINT('Ctrl Pts',(6.14704745624943,-3.1024270565761,0.));
#3147=CARTESIAN_POINT('Ctrl Pts',(6.15801972318595,-3.12304660411248,0.));
#3148=CARTESIAN_POINT('Ctrl Pts',(6.16889419027084,-3.1437747583942,0.));
#3149=CARTESIAN_POINT('Ctrl Pts',(6.17967085870361,-3.16461087288193,0.));
#3150=CARTESIAN_POINT('Ctrl Pts',(6.19034980700438,-3.1855544727723,0.));
#3151=CARTESIAN_POINT('Ctrl Pts',(6.19881487991353,-3.20239508700497,0.));
#3152=CARTESIAN_POINT('Ctrl Pts',(6.20511980747282,-3.21507369351011,0.));
#3153=CARTESIAN_POINT('Ctrl Pts',(6.20930359805418,-3.22354748889164,0.));
#3154=CARTESIAN_POINT('Ctrl Pts',(6.21139061972984,-3.22778973434332,0.));
#3155=CARTESIAN_POINT('',(6.21139061972984,-3.22778973434332,5.));
#3156=CARTESIAN_POINT('Ctrl Pts',(6.21139061972984,-3.22778973434332,5.));
#3157=CARTESIAN_POINT('Ctrl Pts',(6.20930359805418,-3.22354748889164,5.));
#3158=CARTESIAN_POINT('Ctrl Pts',(6.20511980747282,-3.21507369351011,5.));
#3159=CARTESIAN_POINT('Ctrl Pts',(6.19881487991353,-3.20239508700497,5.));
#3160=CARTESIAN_POINT('Ctrl Pts',(6.19034980700438,-3.1855544727723,5.));
#3161=CARTESIAN_POINT('Ctrl Pts',(6.17967085870361,-3.16461087288193,5.));
#3162=CARTESIAN_POINT('Ctrl Pts',(6.16889419027084,-3.1437747583942,5.));
#3163=CARTESIAN_POINT('Ctrl Pts',(6.15801972318595,-3.12304660411248,5.));
#3164=CARTESIAN_POINT('Ctrl Pts',(6.14704745624943,-3.1024270565761,5.));
#3165=CARTESIAN_POINT('Ctrl Pts',(6.13597751587882,-3.08191695361442,5.));
#3166=CARTESIAN_POINT('Ctrl Pts',(6.12481012412405,-3.06151727749491,5.));
#3167=CARTESIAN_POINT('Ctrl Pts',(6.11354555909092,-3.04122910158406,5.));
#3168=CARTESIAN_POINT('Ctrl Pts',(6.10218411797386,-3.02105353711006,5.));
#3169=CARTESIAN_POINT('Ctrl Pts',(6.09072608176021,-3.0009916827313,5.));
#3170=CARTESIAN_POINT('Ctrl Pts',(6.07917167469059,-2.98104456269605,5.));
#3171=CARTESIAN_POINT('Ctrl Pts',(6.06752106964367,-2.96121314570422,5.));
#3172=CARTESIAN_POINT('Ctrl Pts',(6.05577440382163,-2.94149838032591,5.));
#3173=CARTESIAN_POINT('Ctrl Pts',(6.04393179188884,-2.92190122502751,5.));
#3174=CARTESIAN_POINT('Ctrl Pts',(6.03199333998564,-2.90242267699485,5.));
#3175=CARTESIAN_POINT('Ctrl Pts',(6.01995916229056,-2.88306380731791,5.));
#3176=CARTESIAN_POINT('Ctrl Pts',(6.00782938294996,-2.86382575080135,5.));
#3177=CARTESIAN_POINT('Ctrl Pts',(5.99560413303305,-2.8447096808369,5.));
#3178=CARTESIAN_POINT('Ctrl Pts',(5.98328355021569,-2.8257167868327,5.));
#3179=CARTESIAN_POINT('Ctrl Pts',(5.9708677771451,-2.80684825336343,5.));
#3180=CARTESIAN_POINT('Ctrl Pts',(5.95835696334053,-2.78810522842863,5.));
#3181=CARTESIAN_POINT('Ctrl Pts',(5.94575125429371,-2.76948884521319,5.));
#3182=CARTESIAN_POINT('Ctrl Pts',(5.93305077605293,-2.75100026575969,5.));
#3183=CARTESIAN_POINT('Ctrl Pts',(5.92025562059562,-2.73264071969813,5.));
#3184=CARTESIAN_POINT('Ctrl Pts',(5.90736583438218,-2.71441153766416,5.));
#3185=CARTESIAN_POINT('Ctrl Pts',(5.89438139904767,-2.69631420247435,5.));
#3186=CARTESIAN_POINT('Ctrl Pts',(5.88130225110005,-2.67835031176076,5.));
#3187=CARTESIAN_POINT('Ctrl Pts',(5.86812832061791,-2.66052149680397,5.));
#3188=CARTESIAN_POINT('Ctrl Pts',(5.85485956819948,-2.64282934714721,5.));
#3189=CARTESIAN_POINT('Ctrl Pts',(5.84149601552459,-2.62527534734999,5.));
#3190=CARTESIAN_POINT('Ctrl Pts',(5.82803779898207,-2.60786076860078,5.));
#3191=CARTESIAN_POINT('Ctrl Pts',(5.81448512248929,-2.59058676059556,5.));
#3192=CARTESIAN_POINT('Ctrl Pts',(5.80083815515141,-2.57345455343381,5.));
#3193=CARTESIAN_POINT('Ctrl Pts',(5.78709693822912,-2.55646564093388,5.));
#3194=CARTESIAN_POINT('Ctrl Pts',(5.77326130685006,-2.53962193567831,5.));
#3195=CARTESIAN_POINT('Ctrl Pts',(5.75933076092691,-2.52292602330549,5.));
#3196=CARTESIAN_POINT('Ctrl Pts',(5.74530456566119,-2.50638096895594,5.));
#3197=CARTESIAN_POINT('Ctrl Pts',(5.73118198315941,-2.48998986789471,5.));
#3198=CARTESIAN_POINT('Ctrl Pts',(5.71696248429925,-2.47375543510585,5.));
#3199=CARTESIAN_POINT('Ctrl Pts',(5.70264592670611,-2.45767966077321,5.));
#3200=CARTESIAN_POINT('Ctrl Pts',(5.68823285554658,-2.44176322738107,5.));
#3201=CARTESIAN_POINT('Ctrl Pts',(5.67372425135249,-2.42600600144931,5.));
#3202=CARTESIAN_POINT('Ctrl Pts',(5.65912097221742,-2.41040811941746,5.));
#3203=CARTESIAN_POINT('Ctrl Pts',(5.64442324546306,-2.39497097739317,5.));
#3204=CARTESIAN_POINT('Ctrl Pts',(5.62963023720628,-2.37969807009142,5.));
#3205=CARTESIAN_POINT('Ctrl Pts',(5.61473934178149,-2.36459637329735,5.));
#3206=CARTESIAN_POINT('Ctrl Pts',(5.59974679611233,-2.34967515641936,5.));
#3207=CARTESIAN_POINT('Ctrl Pts',(5.58464895243107,-2.33494351832822,5.));
#3208=CARTESIAN_POINT('Ctrl Pts',(5.56944344763693,-2.32040812346632,5.));
#3209=CARTESIAN_POINT('Ctrl Pts',(5.55413019387955,-2.30607128571577,5.));
#3210=CARTESIAN_POINT('Ctrl Pts',(5.53871301360232,-2.29192780018207,5.));
#3211=CARTESIAN_POINT('Ctrl Pts',(5.52319798998755,-2.27796815685518,5.));
#3212=CARTESIAN_POINT('Ctrl Pts',(5.50759045920624,-2.26418439363243,5.));
#3213=CARTESIAN_POINT('Ctrl Pts',(5.49189222494051,-2.25057551682897,5.));
#3214=CARTESIAN_POINT('Ctrl Pts',(5.47609915146879,-2.23715218812016,5.));
#3215=CARTESIAN_POINT('Ctrl Pts',(5.46019737774884,-2.22394408620417,5.));
#3216=CARTESIAN_POINT('Ctrl Pts',(5.44416759833788,-2.2109916246963,5.));
#3217=CARTESIAN_POINT('Ctrl Pts',(5.4279918647429,-2.19833278829966,5.));
#3218=CARTESIAN_POINT('Ctrl Pts',(5.41165996423536,-2.18599077603809,5.));
#3219=CARTESIAN_POINT('Ctrl Pts',(5.39517505989873,-2.1739631062867,5.));
#3220=CARTESIAN_POINT('Ctrl Pts',(5.37856206737641,-2.16220534086898,5.));
#3221=CARTESIAN_POINT('Ctrl Pts',(5.36185553884522,-2.15065506867006,5.));
#3222=CARTESIAN_POINT('Ctrl Pts',(5.34508323195066,-2.13926435518767,5.));
#3223=CARTESIAN_POINT('Ctrl Pts',(5.3282506733722,-2.12803026283834,5.));
#3224=CARTESIAN_POINT('Ctrl Pts',(5.31132638510836,-2.11702401615048,5.));
#3225=CARTESIAN_POINT('Ctrl Pts',(5.29422383411077,-2.10642674697149,5.));
#3226=CARTESIAN_POINT('Ctrl Pts',(5.27682573715989,-2.09648032459994,5.));
#3227=CARTESIAN_POINT('Ctrl Pts',(5.26257549966847,-2.08923927794875,5.));
#3228=CARTESIAN_POINT('Ctrl Pts',(5.25165899236968,-2.08429754090826,5.));
#3229=CARTESIAN_POINT('Ctrl Pts',(5.24427422106533,-2.08123140545526,5.));
#3230=CARTESIAN_POINT('Ctrl Pts',(5.2405550601944,-2.0797554272588,5.));
#3231=CARTESIAN_POINT('',(6.21139061972984,-3.22778973434332,0.));
#3232=CARTESIAN_POINT('Origin',(7.72069518583001E-13,-4.45754544387001E-13,
0.));
#3233=CARTESIAN_POINT('',(5.90104321788085,-3.76532720234276,0.));
#3234=CARTESIAN_POINT('Origin',(7.72069518583001E-13,-4.45754544387001E-13,
0.));
#3235=CARTESIAN_POINT('',(5.90104321788085,-3.76532720234276,5.));
#3236=CARTESIAN_POINT('Origin',(7.72069518583001E-13,-4.45754544387001E-13,
5.));
#3237=CARTESIAN_POINT('',(5.90104321788085,-3.76532720234276,0.));
#3238=CARTESIAN_POINT('Ctrl Pts',(4.42139856376188,-3.49857609843004,0.));
#3239=CARTESIAN_POINT('Ctrl Pts',(4.42139856376188,-3.49857609843004,5.));
#3240=CARTESIAN_POINT('Ctrl Pts',(4.42453637881091,-3.5010589971268,0.));
#3241=CARTESIAN_POINT('Ctrl Pts',(4.42453637881091,-3.5010589971268,5.));
#3242=CARTESIAN_POINT('Ctrl Pts',(4.43088411565683,-3.505921328951,0.));
#3243=CARTESIAN_POINT('Ctrl Pts',(4.43088411565683,-3.505921328951,5.));
#3244=CARTESIAN_POINT('Ctrl Pts',(4.4406220391221,-3.51290443307211,0.));
#3245=CARTESIAN_POINT('Ctrl Pts',(4.4406220391221,-3.51290443307211,5.));
#3246=CARTESIAN_POINT('Ctrl Pts',(4.45401808821774,-3.52162497742404,0.));
#3247=CARTESIAN_POINT('Ctrl Pts',(4.45401808821774,-3.52162497742404,5.));
#3248=CARTESIAN_POINT('Ctrl Pts',(4.4713309911437,-3.53171896017524,0.));
#3249=CARTESIAN_POINT('Ctrl Pts',(4.4713309911437,-3.53171896017524,5.));
#3250=CARTESIAN_POINT('Ctrl Pts',(4.48905977096225,-3.54123156921918,0.));
#3251=CARTESIAN_POINT('Ctrl Pts',(4.48905977096225,-3.54123156921918,5.));
#3252=CARTESIAN_POINT('Ctrl Pts',(4.50705360432618,-3.5503853094527,0.));
#3253=CARTESIAN_POINT('Ctrl Pts',(4.50705360432618,-3.5503853094527,5.));
#3254=CARTESIAN_POINT('Ctrl Pts',(4.52519889297838,-3.55934568661768,0.));
#3255=CARTESIAN_POINT('Ctrl Pts',(4.52519889297838,-3.55934568661768,5.));
#3256=CARTESIAN_POINT('Ctrl Pts',(4.54344969366864,-3.56817557372724,0.));
#3257=CARTESIAN_POINT('Ctrl Pts',(4.54344969366864,-3.56817557372724,5.));
#3258=CARTESIAN_POINT('Ctrl Pts',(4.56180578707913,-3.57686871574484,0.));
#3259=CARTESIAN_POINT('Ctrl Pts',(4.56180578707913,-3.57686871574484,5.));
#3260=CARTESIAN_POINT('Ctrl Pts',(4.58029480688377,-3.58537710659319,0.));
#3261=CARTESIAN_POINT('Ctrl Pts',(4.58029480688377,-3.58537710659319,5.));
#3262=CARTESIAN_POINT('Ctrl Pts',(4.59895352660512,-3.59363961765196,0.));
#3263=CARTESIAN_POINT('Ctrl Pts',(4.59895352660512,-3.59363961765196,5.));
#3264=CARTESIAN_POINT('Ctrl Pts',(4.61780797301123,-3.60161245225279,0.));
#3265=CARTESIAN_POINT('Ctrl Pts',(4.61780797301123,-3.60161245225279,5.));
#3266=CARTESIAN_POINT('Ctrl Pts',(4.63685871371056,-3.60929163027258,0.));
#3267=CARTESIAN_POINT('Ctrl Pts',(4.63685871371056,-3.60929163027258,5.));
#3268=CARTESIAN_POINT('Ctrl Pts',(4.65609076412339,-3.61669759570559,0.));
#3269=CARTESIAN_POINT('Ctrl Pts',(4.65609076412339,-3.61669759570559,5.));
#3270=CARTESIAN_POINT('Ctrl Pts',(4.67548020277839,-3.6238648847543,0.));
#3271=CARTESIAN_POINT('Ctrl Pts',(4.67548020277839,-3.6238648847543,5.));
#3272=CARTESIAN_POINT('Ctrl Pts',(4.69500168317944,-3.63083042323024,0.));
#3273=CARTESIAN_POINT('Ctrl Pts',(4.69500168317944,-3.63083042323024,5.));
#3274=CARTESIAN_POINT('Ctrl Pts',(4.71463643334106,-3.6376210544972,0.));
#3275=CARTESIAN_POINT('Ctrl Pts',(4.71463643334106,-3.6376210544972,5.));
#3276=CARTESIAN_POINT('Ctrl Pts',(4.73437728784237,-3.64424569103278,0.));
#3277=CARTESIAN_POINT('Ctrl Pts',(4.73437728784237,-3.64424569103278,5.));
#3278=CARTESIAN_POINT('Ctrl Pts',(4.75422420539861,-3.65070227396004,0.));
#3279=CARTESIAN_POINT('Ctrl Pts',(4.75422420539861,-3.65070227396004,5.));
#3280=CARTESIAN_POINT('Ctrl Pts',(4.77418141330747,-3.656982200968,0.));
#3281=CARTESIAN_POINT('Ctrl Pts',(4.77418141330747,-3.656982200968,5.));
#3282=CARTESIAN_POINT('Ctrl Pts',(4.79425410588807,-3.66307544886121,0.));
#3283=CARTESIAN_POINT('Ctrl Pts',(4.79425410588807,-3.66307544886121,5.));
#3284=CARTESIAN_POINT('Ctrl Pts',(4.81444487948959,-3.66897610485935,0.));
#3285=CARTESIAN_POINT('Ctrl Pts',(4.81444487948959,-3.66897610485935,5.));
#3286=CARTESIAN_POINT('Ctrl Pts',(4.8347517741565,-3.67468540198412,0.));
#3287=CARTESIAN_POINT('Ctrl Pts',(4.8347517741565,-3.67468540198412,5.));
#3288=CARTESIAN_POINT('Ctrl Pts',(4.8551701998628,-3.68020871896202,0.));
#3289=CARTESIAN_POINT('Ctrl Pts',(4.8551701998628,-3.68020871896202,5.));
#3290=CARTESIAN_POINT('Ctrl Pts',(4.87569410063911,-3.68555376428795,0.));
#3291=CARTESIAN_POINT('Ctrl Pts',(4.87569410063911,-3.68555376428795,5.));
#3292=CARTESIAN_POINT('Ctrl Pts',(4.89631733048046,-3.69072843158584,0.));
#3293=CARTESIAN_POINT('Ctrl Pts',(4.89631733048046,-3.69072843158584,5.));
#3294=CARTESIAN_POINT('Ctrl Pts',(4.9170351510125,-3.69573846532085,0.));
#3295=CARTESIAN_POINT('Ctrl Pts',(4.9170351510125,-3.69573846532085,5.));
#3296=CARTESIAN_POINT('Ctrl Pts',(4.93784495266485,-3.70058633501445,0.));
#3297=CARTESIAN_POINT('Ctrl Pts',(4.93784495266485,-3.70058633501445,5.));
#3298=CARTESIAN_POINT('Ctrl Pts',(4.95874541271198,-3.70527254185411,0.));
#3299=CARTESIAN_POINT('Ctrl Pts',(4.95874541271198,-3.70527254185411,5.));
#3300=CARTESIAN_POINT('Ctrl Pts',(4.97973598394698,-3.70979641092875,0.));
#3301=CARTESIAN_POINT('Ctrl Pts',(4.97973598394698,-3.70979641092875,5.));
#3302=CARTESIAN_POINT('Ctrl Pts',(5.00081629170111,-3.71415702633282,0.));
#3303=CARTESIAN_POINT('Ctrl Pts',(5.00081629170111,-3.71415702633282,5.));
#3304=CARTESIAN_POINT('Ctrl Pts',(5.02198547234238,-3.71835425718037,0.));
#3305=CARTESIAN_POINT('Ctrl Pts',(5.02198547234238,-3.71835425718037,5.));
#3306=CARTESIAN_POINT('Ctrl Pts',(5.04324187350829,-3.72238922186334,0.));
#3307=CARTESIAN_POINT('Ctrl Pts',(5.04324187350829,-3.72238922186334,5.));
#3308=CARTESIAN_POINT('Ctrl Pts',(5.06458340851486,-3.72626373610713,0.));
#3309=CARTESIAN_POINT('Ctrl Pts',(5.06458340851486,-3.72626373610713,5.));
#3310=CARTESIAN_POINT('Ctrl Pts',(5.08600776573065,-3.72997998657875,0.));
#3311=CARTESIAN_POINT('Ctrl Pts',(5.08600776573065,-3.72997998657875,5.));
#3312=CARTESIAN_POINT('Ctrl Pts',(5.10751265806536,-3.73354014220263,0.));
#3313=CARTESIAN_POINT('Ctrl Pts',(5.10751265806536,-3.73354014220263,5.));
#3314=CARTESIAN_POINT('Ctrl Pts',(5.12909609633412,-3.73694592888628,0.));
#3315=CARTESIAN_POINT('Ctrl Pts',(5.12909609633412,-3.73694592888628,5.));
#3316=CARTESIAN_POINT('Ctrl Pts',(5.15075650662803,-3.74019844570462,0.));
#3317=CARTESIAN_POINT('Ctrl Pts',(5.15075650662803,-3.74019844570462,5.));
#3318=CARTESIAN_POINT('Ctrl Pts',(5.17249257463212,-3.74329840383403,0.));
#3319=CARTESIAN_POINT('Ctrl Pts',(5.17249257463212,-3.74329840383403,5.));
#3320=CARTESIAN_POINT('Ctrl Pts',(5.19430315049639,-3.74624627187488,0.));
#3321=CARTESIAN_POINT('Ctrl Pts',(5.19430315049639,-3.74624627187488,5.));
#3322=CARTESIAN_POINT('Ctrl Pts',(5.21618713659627,-3.74904244807754,0.));
#3323=CARTESIAN_POINT('Ctrl Pts',(5.21618713659627,-3.74904244807754,5.));
#3324=CARTESIAN_POINT('Ctrl Pts',(5.23814336385579,-3.75168744992005,0.));
#3325=CARTESIAN_POINT('Ctrl Pts',(5.23814336385579,-3.75168744992005,5.));
#3326=CARTESIAN_POINT('Ctrl Pts',(5.26017053576881,-3.75418200090687,0.));
#3327=CARTESIAN_POINT('Ctrl Pts',(5.26017053576881,-3.75418200090687,5.));
#3328=CARTESIAN_POINT('Ctrl Pts',(5.28226729545139,-3.75652692993257,0.));
#3329=CARTESIAN_POINT('Ctrl Pts',(5.28226729545139,-3.75652692993257,5.));
#3330=CARTESIAN_POINT('Ctrl Pts',(5.30443226513383,-3.75872311319115,0.));
#3331=CARTESIAN_POINT('Ctrl Pts',(5.30443226513383,-3.75872311319115,5.));
#3332=CARTESIAN_POINT('Ctrl Pts',(5.32666409297217,-3.76077140448436,0.));
#3333=CARTESIAN_POINT('Ctrl Pts',(5.32666409297217,-3.76077140448436,5.));
#3334=CARTESIAN_POINT('Ctrl Pts',(5.3489615039921,-3.76267256112498,0.));
#3335=CARTESIAN_POINT('Ctrl Pts',(5.3489615039921,-3.76267256112498,5.));
#3336=CARTESIAN_POINT('Ctrl Pts',(5.3713233225991,-3.76442720819496,0.));
#3337=CARTESIAN_POINT('Ctrl Pts',(5.3713233225991,-3.76442720819496,5.));
#3338=CARTESIAN_POINT('Ctrl Pts',(5.39374843791368,-3.7660358808545,0.));
#3339=CARTESIAN_POINT('Ctrl Pts',(5.39374843791368,-3.7660358808545,5.));
#3340=CARTESIAN_POINT('Ctrl Pts',(5.41623578055325,-3.76749905096387,0.));
#3341=CARTESIAN_POINT('Ctrl Pts',(5.41623578055325,-3.76749905096387,5.));
#3342=CARTESIAN_POINT('Ctrl Pts',(5.43878429640509,-3.76881715911599,0.));
#3343=CARTESIAN_POINT('Ctrl Pts',(5.43878429640509,-3.76881715911599,5.));
#3344=CARTESIAN_POINT('Ctrl Pts',(5.46139291651279,-3.76999064982316,0.));
#3345=CARTESIAN_POINT('Ctrl Pts',(5.46139291651279,-3.76999064982316,5.));
#3346=CARTESIAN_POINT('Ctrl Pts',(5.48406054368098,-3.77101999183658,0.));
#3347=CARTESIAN_POINT('Ctrl Pts',(5.48406054368098,-3.77101999183658,5.));
#3348=CARTESIAN_POINT('Ctrl Pts',(5.50678607901407,-3.77190566062956,0.));
#3349=CARTESIAN_POINT('Ctrl Pts',(5.50678607901407,-3.77190566062956,5.));
#3350=CARTESIAN_POINT('Ctrl Pts',(5.52956844079039,-3.77264812938869,0.));
#3351=CARTESIAN_POINT('Ctrl Pts',(5.52956844079039,-3.77264812938869,5.));
#3352=CARTESIAN_POINT('Ctrl Pts',(5.55240658416711,-3.77324785800239,0.));
#3353=CARTESIAN_POINT('Ctrl Pts',(5.55240658416711,-3.77324785800239,5.));
#3354=CARTESIAN_POINT('Ctrl Pts',(5.57529952446383,-3.77370528313415,0.));
#3355=CARTESIAN_POINT('Ctrl Pts',(5.57529952446383,-3.77370528313415,5.));
#3356=CARTESIAN_POINT('Ctrl Pts',(5.59824634502212,-3.77402081145664,0.));
#3357=CARTESIAN_POINT('Ctrl Pts',(5.59824634502212,-3.77402081145664,5.));
#3358=CARTESIAN_POINT('Ctrl Pts',(5.62124615845354,-3.77419482290083,0.));
#3359=CARTESIAN_POINT('Ctrl Pts',(5.62124615845354,-3.77419482290083,5.));
#3360=CARTESIAN_POINT('Ctrl Pts',(5.64429807467122,-3.77422767293116,0.));
#3361=CARTESIAN_POINT('Ctrl Pts',(5.64429807467122,-3.77422767293116,5.));
#3362=CARTESIAN_POINT('Ctrl Pts',(5.66740116831707,-3.77411969618027,0.));
#3363=CARTESIAN_POINT('Ctrl Pts',(5.66740116831707,-3.77411969618027,5.));
#3364=CARTESIAN_POINT('Ctrl Pts',(5.69055444024578,-3.77387121057425,0.));
#3365=CARTESIAN_POINT('Ctrl Pts',(5.69055444024578,-3.77387121057425,5.));
#3366=CARTESIAN_POINT('Ctrl Pts',(5.71375679849758,-3.7734825221001,0.));
#3367=CARTESIAN_POINT('Ctrl Pts',(5.71375679849758,-3.7734825221001,5.));
#3368=CARTESIAN_POINT('Ctrl Pts',(5.73700713212344,-3.77295392899399,0.));
#3369=CARTESIAN_POINT('Ctrl Pts',(5.73700713212344,-3.77295392899399,5.));
#3370=CARTESIAN_POINT('Ctrl Pts',(5.7603043725078,-3.77228572709247,0.));
#3371=CARTESIAN_POINT('Ctrl Pts',(5.7603043725078,-3.77228572709247,5.));
#3372=CARTESIAN_POINT('Ctrl Pts',(5.7836475579571,-3.77147821522841,0.));
#3373=CARTESIAN_POINT('Ctrl Pts',(5.7836475579571,-3.77147821522841,5.));
#3374=CARTESIAN_POINT('Ctrl Pts',(5.80703589968108,-3.77053170283569,0.));
#3375=CARTESIAN_POINT('Ctrl Pts',(5.80703589968108,-3.77053170283569,5.));
#3376=CARTESIAN_POINT('Ctrl Pts',(5.83046883836,-3.76944651422277,0.));
#3377=CARTESIAN_POINT('Ctrl Pts',(5.83046883836,-3.76944651422277,5.));
#3378=CARTESIAN_POINT('Ctrl Pts',(5.85394600206214,-3.76822295479174,0.));
#3379=CARTESIAN_POINT('Ctrl Pts',(5.85394600206214,-3.76822295479174,5.));
#3380=CARTESIAN_POINT('Ctrl Pts',(5.87276293825755,-3.76713361585963,0.));
#3381=CARTESIAN_POINT('Ctrl Pts',(5.87276293825755,-3.76713361585963,5.));
#3382=CARTESIAN_POINT('Ctrl Pts',(5.88689539735523,-3.76625454004242,0.));
#3383=CARTESIAN_POINT('Ctrl Pts',(5.88689539735523,-3.76625454004242,5.));
#3384=CARTESIAN_POINT('Ctrl Pts',(5.89632581471278,-3.76564091127923,0.));
#3385=CARTESIAN_POINT('Ctrl Pts',(5.89632581471278,-3.76564091127923,5.));
#3386=CARTESIAN_POINT('Ctrl Pts',(5.90104321788086,-3.76532720234276,0.));
#3387=CARTESIAN_POINT('Ctrl Pts',(5.90104321788086,-3.76532720234276,5.));
#3388=CARTESIAN_POINT('Ctrl Pts',(4.42139856376188,-3.49857609843004,0.));
#3389=CARTESIAN_POINT('Ctrl Pts',(4.42453637881091,-3.5010589971268,0.));
#3390=CARTESIAN_POINT('Ctrl Pts',(4.43088411565683,-3.505921328951,0.));
#3391=CARTESIAN_POINT('Ctrl Pts',(4.4406220391221,-3.51290443307211,0.));
#3392=CARTESIAN_POINT('Ctrl Pts',(4.45401808821774,-3.52162497742404,0.));
#3393=CARTESIAN_POINT('Ctrl Pts',(4.4713309911437,-3.53171896017524,0.));
#3394=CARTESIAN_POINT('Ctrl Pts',(4.48905977096225,-3.54123156921918,0.));
#3395=CARTESIAN_POINT('Ctrl Pts',(4.50705360432618,-3.5503853094527,0.));
#3396=CARTESIAN_POINT('Ctrl Pts',(4.52519889297838,-3.55934568661768,0.));
#3397=CARTESIAN_POINT('Ctrl Pts',(4.54344969366864,-3.56817557372724,0.));
#3398=CARTESIAN_POINT('Ctrl Pts',(4.56180578707913,-3.57686871574484,0.));
#3399=CARTESIAN_POINT('Ctrl Pts',(4.58029480688377,-3.58537710659319,0.));
#3400=CARTESIAN_POINT('Ctrl Pts',(4.59895352660512,-3.59363961765196,0.));
#3401=CARTESIAN_POINT('Ctrl Pts',(4.61780797301123,-3.60161245225279,0.));
#3402=CARTESIAN_POINT('Ctrl Pts',(4.63685871371056,-3.60929163027258,0.));
#3403=CARTESIAN_POINT('Ctrl Pts',(4.65609076412339,-3.61669759570559,0.));
#3404=CARTESIAN_POINT('Ctrl Pts',(4.67548020277839,-3.6238648847543,0.));
#3405=CARTESIAN_POINT('Ctrl Pts',(4.69500168317944,-3.63083042323024,0.));
#3406=CARTESIAN_POINT('Ctrl Pts',(4.71463643334106,-3.6376210544972,0.));
#3407=CARTESIAN_POINT('Ctrl Pts',(4.73437728784237,-3.64424569103278,0.));
#3408=CARTESIAN_POINT('Ctrl Pts',(4.75422420539861,-3.65070227396004,0.));
#3409=CARTESIAN_POINT('Ctrl Pts',(4.77418141330747,-3.656982200968,0.));
#3410=CARTESIAN_POINT('Ctrl Pts',(4.79425410588807,-3.66307544886121,0.));
#3411=CARTESIAN_POINT('Ctrl Pts',(4.81444487948959,-3.66897610485935,0.));
#3412=CARTESIAN_POINT('Ctrl Pts',(4.8347517741565,-3.67468540198412,0.));
#3413=CARTESIAN_POINT('Ctrl Pts',(4.8551701998628,-3.68020871896202,0.));
#3414=CARTESIAN_POINT('Ctrl Pts',(4.87569410063911,-3.68555376428795,0.));
#3415=CARTESIAN_POINT('Ctrl Pts',(4.89631733048046,-3.69072843158584,0.));
#3416=CARTESIAN_POINT('Ctrl Pts',(4.9170351510125,-3.69573846532085,0.));
#3417=CARTESIAN_POINT('Ctrl Pts',(4.93784495266485,-3.70058633501445,0.));
#3418=CARTESIAN_POINT('Ctrl Pts',(4.95874541271198,-3.70527254185411,0.));
#3419=CARTESIAN_POINT('Ctrl Pts',(4.97973598394698,-3.70979641092875,0.));
#3420=CARTESIAN_POINT('Ctrl Pts',(5.00081629170111,-3.71415702633282,0.));
#3421=CARTESIAN_POINT('Ctrl Pts',(5.02198547234238,-3.71835425718037,0.));
#3422=CARTESIAN_POINT('Ctrl Pts',(5.04324187350829,-3.72238922186334,0.));
#3423=CARTESIAN_POINT('Ctrl Pts',(5.06458340851486,-3.72626373610713,0.));
#3424=CARTESIAN_POINT('Ctrl Pts',(5.08600776573065,-3.72997998657875,0.));
#3425=CARTESIAN_POINT('Ctrl Pts',(5.10751265806536,-3.73354014220263,0.));
#3426=CARTESIAN_POINT('Ctrl Pts',(5.12909609633412,-3.73694592888628,0.));
#3427=CARTESIAN_POINT('Ctrl Pts',(5.15075650662803,-3.74019844570462,0.));
#3428=CARTESIAN_POINT('Ctrl Pts',(5.17249257463212,-3.74329840383403,0.));
#3429=CARTESIAN_POINT('Ctrl Pts',(5.19430315049639,-3.74624627187488,0.));
#3430=CARTESIAN_POINT('Ctrl Pts',(5.21618713659627,-3.74904244807754,0.));
#3431=CARTESIAN_POINT('Ctrl Pts',(5.23814336385579,-3.75168744992005,0.));
#3432=CARTESIAN_POINT('Ctrl Pts',(5.26017053576881,-3.75418200090687,0.));
#3433=CARTESIAN_POINT('Ctrl Pts',(5.28226729545139,-3.75652692993257,0.));
#3434=CARTESIAN_POINT('Ctrl Pts',(5.30443226513383,-3.75872311319115,0.));
#3435=CARTESIAN_POINT('Ctrl Pts',(5.32666409297217,-3.76077140448436,0.));
#3436=CARTESIAN_POINT('Ctrl Pts',(5.3489615039921,-3.76267256112498,0.));
#3437=CARTESIAN_POINT('Ctrl Pts',(5.3713233225991,-3.76442720819496,0.));
#3438=CARTESIAN_POINT('Ctrl Pts',(5.39374843791368,-3.7660358808545,0.));
#3439=CARTESIAN_POINT('Ctrl Pts',(5.41623578055325,-3.76749905096387,0.));
#3440=CARTESIAN_POINT('Ctrl Pts',(5.43878429640509,-3.76881715911599,0.));
#3441=CARTESIAN_POINT('Ctrl Pts',(5.46139291651279,-3.76999064982316,0.));
#3442=CARTESIAN_POINT('Ctrl Pts',(5.48406054368098,-3.77101999183658,0.));
#3443=CARTESIAN_POINT('Ctrl Pts',(5.50678607901407,-3.77190566062956,0.));
#3444=CARTESIAN_POINT('Ctrl Pts',(5.52956844079039,-3.77264812938869,0.));
#3445=CARTESIAN_POINT('Ctrl Pts',(5.55240658416711,-3.77324785800239,0.));
#3446=CARTESIAN_POINT('Ctrl Pts',(5.57529952446383,-3.77370528313415,0.));
#3447=CARTESIAN_POINT('Ctrl Pts',(5.59824634502212,-3.77402081145664,0.));
#3448=CARTESIAN_POINT('Ctrl Pts',(5.62124615845354,-3.77419482290083,0.));
#3449=CARTESIAN_POINT('Ctrl Pts',(5.64429807467122,-3.77422767293116,0.));
#3450=CARTESIAN_POINT('Ctrl Pts',(5.66740116831707,-3.77411969618027,0.));
#3451=CARTESIAN_POINT('Ctrl Pts',(5.69055444024578,-3.77387121057425,0.));
#3452=CARTESIAN_POINT('Ctrl Pts',(5.71375679849758,-3.7734825221001,0.));
#3453=CARTESIAN_POINT('Ctrl Pts',(5.73700713212344,-3.77295392899399,0.));
#3454=CARTESIAN_POINT('Ctrl Pts',(5.7603043725078,-3.77228572709247,0.));
#3455=CARTESIAN_POINT('Ctrl Pts',(5.7836475579571,-3.77147821522841,0.));
#3456=CARTESIAN_POINT('Ctrl Pts',(5.80703589968108,-3.77053170283569,0.));
#3457=CARTESIAN_POINT('Ctrl Pts',(5.83046883836,-3.76944651422277,0.));
#3458=CARTESIAN_POINT('Ctrl Pts',(5.85394600206214,-3.76822295479174,0.));
#3459=CARTESIAN_POINT('Ctrl Pts',(5.87276293825755,-3.76713361585963,0.));
#3460=CARTESIAN_POINT('Ctrl Pts',(5.88689539735523,-3.76625454004242,0.));
#3461=CARTESIAN_POINT('Ctrl Pts',(5.89632581471278,-3.76564091127923,0.));
#3462=CARTESIAN_POINT('Ctrl Pts',(5.90104321788086,-3.76532720234276,0.));
#3463=CARTESIAN_POINT('Ctrl Pts',(4.42139856376188,-3.49857609843004,5.));
#3464=CARTESIAN_POINT('Ctrl Pts',(4.42453637881091,-3.5010589971268,5.));
#3465=CARTESIAN_POINT('Ctrl Pts',(4.43088411565683,-3.505921328951,5.));
#3466=CARTESIAN_POINT('Ctrl Pts',(4.4406220391221,-3.51290443307211,5.));
#3467=CARTESIAN_POINT('Ctrl Pts',(4.45401808821774,-3.52162497742404,5.));
#3468=CARTESIAN_POINT('Ctrl Pts',(4.4713309911437,-3.53171896017524,5.));
#3469=CARTESIAN_POINT('Ctrl Pts',(4.48905977096225,-3.54123156921918,5.));
#3470=CARTESIAN_POINT('Ctrl Pts',(4.50705360432618,-3.5503853094527,5.));
#3471=CARTESIAN_POINT('Ctrl Pts',(4.52519889297838,-3.55934568661768,5.));
#3472=CARTESIAN_POINT('Ctrl Pts',(4.54344969366864,-3.56817557372724,5.));
#3473=CARTESIAN_POINT('Ctrl Pts',(4.56180578707913,-3.57686871574484,5.));
#3474=CARTESIAN_POINT('Ctrl Pts',(4.58029480688377,-3.58537710659319,5.));
#3475=CARTESIAN_POINT('Ctrl Pts',(4.59895352660512,-3.59363961765196,5.));
#3476=CARTESIAN_POINT('Ctrl Pts',(4.61780797301123,-3.60161245225279,5.));
#3477=CARTESIAN_POINT('Ctrl Pts',(4.63685871371056,-3.60929163027258,5.));
#3478=CARTESIAN_POINT('Ctrl Pts',(4.65609076412339,-3.61669759570559,5.));
#3479=CARTESIAN_POINT('Ctrl Pts',(4.67548020277839,-3.6238648847543,5.));
#3480=CARTESIAN_POINT('Ctrl Pts',(4.69500168317944,-3.63083042323024,5.));
#3481=CARTESIAN_POINT('Ctrl Pts',(4.71463643334106,-3.6376210544972,5.));
#3482=CARTESIAN_POINT('Ctrl Pts',(4.73437728784237,-3.64424569103278,5.));
#3483=CARTESIAN_POINT('Ctrl Pts',(4.75422420539861,-3.65070227396004,5.));
#3484=CARTESIAN_POINT('Ctrl Pts',(4.77418141330747,-3.656982200968,5.));
#3485=CARTESIAN_POINT('Ctrl Pts',(4.79425410588807,-3.66307544886121,5.));
#3486=CARTESIAN_POINT('Ctrl Pts',(4.81444487948959,-3.66897610485935,5.));
#3487=CARTESIAN_POINT('Ctrl Pts',(4.8347517741565,-3.67468540198412,5.));
#3488=CARTESIAN_POINT('Ctrl Pts',(4.8551701998628,-3.68020871896202,5.));
#3489=CARTESIAN_POINT('Ctrl Pts',(4.87569410063911,-3.68555376428795,5.));
#3490=CARTESIAN_POINT('Ctrl Pts',(4.89631733048046,-3.69072843158584,5.));
#3491=CARTESIAN_POINT('Ctrl Pts',(4.9170351510125,-3.69573846532085,5.));
#3492=CARTESIAN_POINT('Ctrl Pts',(4.93784495266485,-3.70058633501445,5.));
#3493=CARTESIAN_POINT('Ctrl Pts',(4.95874541271198,-3.70527254185411,5.));
#3494=CARTESIAN_POINT('Ctrl Pts',(4.97973598394698,-3.70979641092875,5.));
#3495=CARTESIAN_POINT('Ctrl Pts',(5.00081629170111,-3.71415702633282,5.));
#3496=CARTESIAN_POINT('Ctrl Pts',(5.02198547234238,-3.71835425718037,5.));
#3497=CARTESIAN_POINT('Ctrl Pts',(5.04324187350829,-3.72238922186334,5.));
#3498=CARTESIAN_POINT('Ctrl Pts',(5.06458340851486,-3.72626373610713,5.));
#3499=CARTESIAN_POINT('Ctrl Pts',(5.08600776573065,-3.72997998657875,5.));
#3500=CARTESIAN_POINT('Ctrl Pts',(5.10751265806536,-3.73354014220263,5.));
#3501=CARTESIAN_POINT('Ctrl Pts',(5.12909609633412,-3.73694592888628,5.));
#3502=CARTESIAN_POINT('Ctrl Pts',(5.15075650662803,-3.74019844570462,5.));
#3503=CARTESIAN_POINT('Ctrl Pts',(5.17249257463212,-3.74329840383403,5.));
#3504=CARTESIAN_POINT('Ctrl Pts',(5.19430315049639,-3.74624627187488,5.));
#3505=CARTESIAN_POINT('Ctrl Pts',(5.21618713659627,-3.74904244807754,5.));
#3506=CARTESIAN_POINT('Ctrl Pts',(5.23814336385579,-3.75168744992005,5.));
#3507=CARTESIAN_POINT('Ctrl Pts',(5.26017053576881,-3.75418200090687,5.));
#3508=CARTESIAN_POINT('Ctrl Pts',(5.28226729545139,-3.75652692993257,5.));
#3509=CARTESIAN_POINT('Ctrl Pts',(5.30443226513383,-3.75872311319115,5.));
#3510=CARTESIAN_POINT('Ctrl Pts',(5.32666409297217,-3.76077140448436,5.));
#3511=CARTESIAN_POINT('Ctrl Pts',(5.3489615039921,-3.76267256112498,5.));
#3512=CARTESIAN_POINT('Ctrl Pts',(5.3713233225991,-3.76442720819496,5.));
#3513=CARTESIAN_POINT('Ctrl Pts',(5.39374843791368,-3.7660358808545,5.));
#3514=CARTESIAN_POINT('Ctrl Pts',(5.41623578055325,-3.76749905096387,5.));
#3515=CARTESIAN_POINT('Ctrl Pts',(5.43878429640509,-3.76881715911599,5.));
#3516=CARTESIAN_POINT('Ctrl Pts',(5.46139291651279,-3.76999064982316,5.));
#3517=CARTESIAN_POINT('Ctrl Pts',(5.48406054368098,-3.77101999183658,5.));
#3518=CARTESIAN_POINT('Ctrl Pts',(5.50678607901407,-3.77190566062956,5.));
#3519=CARTESIAN_POINT('Ctrl Pts',(5.52956844079039,-3.77264812938869,5.));
#3520=CARTESIAN_POINT('Ctrl Pts',(5.55240658416711,-3.77324785800239,5.));
#3521=CARTESIAN_POINT('Ctrl Pts',(5.57529952446383,-3.77370528313415,5.));
#3522=CARTESIAN_POINT('Ctrl Pts',(5.59824634502212,-3.77402081145664,5.));
#3523=CARTESIAN_POINT('Ctrl Pts',(5.62124615845354,-3.77419482290083,5.));
#3524=CARTESIAN_POINT('Ctrl Pts',(5.64429807467122,-3.77422767293116,5.));
#3525=CARTESIAN_POINT('Ctrl Pts',(5.66740116831707,-3.77411969618027,5.));
#3526=CARTESIAN_POINT('Ctrl Pts',(5.69055444024578,-3.77387121057425,5.));
#3527=CARTESIAN_POINT('Ctrl Pts',(5.71375679849758,-3.7734825221001,5.));
#3528=CARTESIAN_POINT('Ctrl Pts',(5.73700713212344,-3.77295392899399,5.));
#3529=CARTESIAN_POINT('Ctrl Pts',(5.7603043725078,-3.77228572709247,5.));
#3530=CARTESIAN_POINT('Ctrl Pts',(5.7836475579571,-3.77147821522841,5.));
#3531=CARTESIAN_POINT('Ctrl Pts',(5.80703589968108,-3.77053170283569,5.));
#3532=CARTESIAN_POINT('Ctrl Pts',(5.83046883836,-3.76944651422277,5.));
#3533=CARTESIAN_POINT('Ctrl Pts',(5.85394600206214,-3.76822295479174,5.));
#3534=CARTESIAN_POINT('Ctrl Pts',(5.87276293825755,-3.76713361585963,5.));
#3535=CARTESIAN_POINT('Ctrl Pts',(5.88689539735523,-3.76625454004242,5.));
#3536=CARTESIAN_POINT('Ctrl Pts',(5.89632581471278,-3.76564091127923,5.));
#3537=CARTESIAN_POINT('Ctrl Pts',(5.90104321788086,-3.76532720234276,5.));
#3538=CARTESIAN_POINT('Ctrl Pts',(3.76532720234275,-5.90104321788086,0.));
#3539=CARTESIAN_POINT('Ctrl Pts',(3.76532720234275,-5.90104321788086,5.));
#3540=CARTESIAN_POINT('Ctrl Pts',(3.76564091127922,-5.89632581471278,0.));
#3541=CARTESIAN_POINT('Ctrl Pts',(3.76564091127922,-5.89632581471278,5.));
#3542=CARTESIAN_POINT('Ctrl Pts',(3.76625454004241,-5.88689539735523,0.));
#3543=CARTESIAN_POINT('Ctrl Pts',(3.76625454004241,-5.88689539735523,5.));
#3544=CARTESIAN_POINT('Ctrl Pts',(3.76713361585962,-5.87276293825755,0.));
#3545=CARTESIAN_POINT('Ctrl Pts',(3.76713361585962,-5.87276293825755,5.));
#3546=CARTESIAN_POINT('Ctrl Pts',(3.76822295479174,-5.85394600206214,0.));
#3547=CARTESIAN_POINT('Ctrl Pts',(3.76822295479174,-5.85394600206214,5.));
#3548=CARTESIAN_POINT('Ctrl Pts',(3.76944651422276,-5.83046883836001,0.));
#3549=CARTESIAN_POINT('Ctrl Pts',(3.76944651422276,-5.83046883836001,5.));
#3550=CARTESIAN_POINT('Ctrl Pts',(3.77053170283568,-5.80703589968109,0.));
#3551=CARTESIAN_POINT('Ctrl Pts',(3.77053170283568,-5.80703589968109,5.));
#3552=CARTESIAN_POINT('Ctrl Pts',(3.7714782152284,-5.78364755795711,0.));
#3553=CARTESIAN_POINT('Ctrl Pts',(3.7714782152284,-5.78364755795711,5.));
#3554=CARTESIAN_POINT('Ctrl Pts',(3.77228572709247,-5.7603043725078,0.));
#3555=CARTESIAN_POINT('Ctrl Pts',(3.77228572709247,-5.7603043725078,5.));
#3556=CARTESIAN_POINT('Ctrl Pts',(3.77295392899398,-5.73700713212345,0.));
#3557=CARTESIAN_POINT('Ctrl Pts',(3.77295392899398,-5.73700713212345,5.));
#3558=CARTESIAN_POINT('Ctrl Pts',(3.77348252210009,-5.71375679849759,0.));
#3559=CARTESIAN_POINT('Ctrl Pts',(3.77348252210009,-5.71375679849759,5.));
#3560=CARTESIAN_POINT('Ctrl Pts',(3.77387121057424,-5.69055444024578,0.));
#3561=CARTESIAN_POINT('Ctrl Pts',(3.77387121057424,-5.69055444024578,5.));
#3562=CARTESIAN_POINT('Ctrl Pts',(3.77411969618027,-5.66740116831708,0.));
#3563=CARTESIAN_POINT('Ctrl Pts',(3.77411969618027,-5.66740116831708,5.));
#3564=CARTESIAN_POINT('Ctrl Pts',(3.77422767293115,-5.64429807467123,0.));
#3565=CARTESIAN_POINT('Ctrl Pts',(3.77422767293115,-5.64429807467123,5.));
#3566=CARTESIAN_POINT('Ctrl Pts',(3.77419482290082,-5.62124615845355,0.));
#3567=CARTESIAN_POINT('Ctrl Pts',(3.77419482290082,-5.62124615845355,5.));
#3568=CARTESIAN_POINT('Ctrl Pts',(3.77402081145664,-5.59824634502213,0.));
#3569=CARTESIAN_POINT('Ctrl Pts',(3.77402081145664,-5.59824634502213,5.));
#3570=CARTESIAN_POINT('Ctrl Pts',(3.77370528313414,-5.57529952446384,0.));
#3571=CARTESIAN_POINT('Ctrl Pts',(3.77370528313414,-5.57529952446384,5.));
#3572=CARTESIAN_POINT('Ctrl Pts',(3.77324785800238,-5.55240658416712,0.));
#3573=CARTESIAN_POINT('Ctrl Pts',(3.77324785800238,-5.55240658416712,5.));
#3574=CARTESIAN_POINT('Ctrl Pts',(3.77264812938868,-5.5295684407904,0.));
#3575=CARTESIAN_POINT('Ctrl Pts',(3.77264812938868,-5.5295684407904,5.));
#3576=CARTESIAN_POINT('Ctrl Pts',(3.77190566062956,-5.50678607901408,0.));
#3577=CARTESIAN_POINT('Ctrl Pts',(3.77190566062956,-5.50678607901408,5.));
#3578=CARTESIAN_POINT('Ctrl Pts',(3.77101999183658,-5.48406054368099,0.));
#3579=CARTESIAN_POINT('Ctrl Pts',(3.77101999183658,-5.48406054368099,5.));
#3580=CARTESIAN_POINT('Ctrl Pts',(3.76999064982315,-5.4613929165128,0.));
#3581=CARTESIAN_POINT('Ctrl Pts',(3.76999064982315,-5.4613929165128,5.));
#3582=CARTESIAN_POINT('Ctrl Pts',(3.76881715911598,-5.4387842964051,0.));
#3583=CARTESIAN_POINT('Ctrl Pts',(3.76881715911598,-5.4387842964051,5.));
#3584=CARTESIAN_POINT('Ctrl Pts',(3.76749905096387,-5.41623578055326,0.));
#3585=CARTESIAN_POINT('Ctrl Pts',(3.76749905096387,-5.41623578055326,5.));
#3586=CARTESIAN_POINT('Ctrl Pts',(3.76603588085449,-5.39374843791368,0.));
#3587=CARTESIAN_POINT('Ctrl Pts',(3.76603588085449,-5.39374843791368,5.));
#3588=CARTESIAN_POINT('Ctrl Pts',(3.76442720819495,-5.37132332259911,0.));
#3589=CARTESIAN_POINT('Ctrl Pts',(3.76442720819495,-5.37132332259911,5.));
#3590=CARTESIAN_POINT('Ctrl Pts',(3.76267256112497,-5.3489615039921,0.));
#3591=CARTESIAN_POINT('Ctrl Pts',(3.76267256112497,-5.3489615039921,5.));
#3592=CARTESIAN_POINT('Ctrl Pts',(3.76077140448435,-5.32666409297218,0.));
#3593=CARTESIAN_POINT('Ctrl Pts',(3.76077140448435,-5.32666409297218,5.));
#3594=CARTESIAN_POINT('Ctrl Pts',(3.75872311319115,-5.30443226513384,0.));
#3595=CARTESIAN_POINT('Ctrl Pts',(3.75872311319115,-5.30443226513384,5.));
#3596=CARTESIAN_POINT('Ctrl Pts',(3.75652692993257,-5.2822672954514,0.));
#3597=CARTESIAN_POINT('Ctrl Pts',(3.75652692993257,-5.2822672954514,5.));
#3598=CARTESIAN_POINT('Ctrl Pts',(3.75418200090687,-5.26017053576882,0.));
#3599=CARTESIAN_POINT('Ctrl Pts',(3.75418200090687,-5.26017053576882,5.));
#3600=CARTESIAN_POINT('Ctrl Pts',(3.75168744992004,-5.23814336385579,0.));
#3601=CARTESIAN_POINT('Ctrl Pts',(3.75168744992004,-5.23814336385579,5.));
#3602=CARTESIAN_POINT('Ctrl Pts',(3.74904244807753,-5.21618713659627,0.));
#3603=CARTESIAN_POINT('Ctrl Pts',(3.74904244807753,-5.21618713659627,5.));
#3604=CARTESIAN_POINT('Ctrl Pts',(3.74624627187487,-5.1943031504964,0.));
#3605=CARTESIAN_POINT('Ctrl Pts',(3.74624627187487,-5.1943031504964,5.));
#3606=CARTESIAN_POINT('Ctrl Pts',(3.74329840383402,-5.17249257463212,0.));
#3607=CARTESIAN_POINT('Ctrl Pts',(3.74329840383402,-5.17249257463212,5.));
#3608=CARTESIAN_POINT('Ctrl Pts',(3.74019844570461,-5.15075650662803,0.));
#3609=CARTESIAN_POINT('Ctrl Pts',(3.74019844570461,-5.15075650662803,5.));
#3610=CARTESIAN_POINT('Ctrl Pts',(3.73694592888627,-5.12909609633413,0.));
#3611=CARTESIAN_POINT('Ctrl Pts',(3.73694592888627,-5.12909609633413,5.));
#3612=CARTESIAN_POINT('Ctrl Pts',(3.73354014220263,-5.10751265806537,0.));
#3613=CARTESIAN_POINT('Ctrl Pts',(3.73354014220263,-5.10751265806537,5.));
#3614=CARTESIAN_POINT('Ctrl Pts',(3.72997998657874,-5.08600776573065,0.));
#3615=CARTESIAN_POINT('Ctrl Pts',(3.72997998657874,-5.08600776573065,5.));
#3616=CARTESIAN_POINT('Ctrl Pts',(3.72626373610712,-5.06458340851486,0.));
#3617=CARTESIAN_POINT('Ctrl Pts',(3.72626373610712,-5.06458340851486,5.));
#3618=CARTESIAN_POINT('Ctrl Pts',(3.72238922186334,-5.0432418735083,0.));
#3619=CARTESIAN_POINT('Ctrl Pts',(3.72238922186334,-5.0432418735083,5.));
#3620=CARTESIAN_POINT('Ctrl Pts',(3.71835425718037,-5.02198547234238,0.));
#3621=CARTESIAN_POINT('Ctrl Pts',(3.71835425718037,-5.02198547234238,5.));
#3622=CARTESIAN_POINT('Ctrl Pts',(3.71415702633282,-5.00081629170111,0.));
#3623=CARTESIAN_POINT('Ctrl Pts',(3.71415702633282,-5.00081629170111,5.));
#3624=CARTESIAN_POINT('Ctrl Pts',(3.70979641092874,-4.97973598394698,0.));
#3625=CARTESIAN_POINT('Ctrl Pts',(3.70979641092874,-4.97973598394698,5.));
#3626=CARTESIAN_POINT('Ctrl Pts',(3.7052725418541,-4.95874541271198,0.));
#3627=CARTESIAN_POINT('Ctrl Pts',(3.7052725418541,-4.95874541271198,5.));
#3628=CARTESIAN_POINT('Ctrl Pts',(3.70058633501445,-4.93784495266485,0.));
#3629=CARTESIAN_POINT('Ctrl Pts',(3.70058633501445,-4.93784495266485,5.));
#3630=CARTESIAN_POINT('Ctrl Pts',(3.69573846532084,-4.91703515101251,0.));
#3631=CARTESIAN_POINT('Ctrl Pts',(3.69573846532084,-4.91703515101251,5.));
#3632=CARTESIAN_POINT('Ctrl Pts',(3.69072843158583,-4.89631733048046,0.));
#3633=CARTESIAN_POINT('Ctrl Pts',(3.69072843158583,-4.89631733048046,5.));
#3634=CARTESIAN_POINT('Ctrl Pts',(3.68555376428794,-4.87569410063912,0.));
#3635=CARTESIAN_POINT('Ctrl Pts',(3.68555376428794,-4.87569410063912,5.));
#3636=CARTESIAN_POINT('Ctrl Pts',(3.68020871896201,-4.8551701998628,0.));
#3637=CARTESIAN_POINT('Ctrl Pts',(3.68020871896201,-4.8551701998628,5.));
#3638=CARTESIAN_POINT('Ctrl Pts',(3.67468540198411,-4.83475177415651,0.));
#3639=CARTESIAN_POINT('Ctrl Pts',(3.67468540198411,-4.83475177415651,5.));
#3640=CARTESIAN_POINT('Ctrl Pts',(3.66897610485935,-4.81444487948959,0.));
#3641=CARTESIAN_POINT('Ctrl Pts',(3.66897610485935,-4.81444487948959,5.));
#3642=CARTESIAN_POINT('Ctrl Pts',(3.6630754488612,-4.79425410588808,0.));
#3643=CARTESIAN_POINT('Ctrl Pts',(3.6630754488612,-4.79425410588808,5.));
#3644=CARTESIAN_POINT('Ctrl Pts',(3.656982200968,-4.77418141330747,0.));
#3645=CARTESIAN_POINT('Ctrl Pts',(3.656982200968,-4.77418141330747,5.));
#3646=CARTESIAN_POINT('Ctrl Pts',(3.65070227396003,-4.75422420539862,0.));
#3647=CARTESIAN_POINT('Ctrl Pts',(3.65070227396003,-4.75422420539862,5.));
#3648=CARTESIAN_POINT('Ctrl Pts',(3.64424569103277,-4.73437728784237,0.));
#3649=CARTESIAN_POINT('Ctrl Pts',(3.64424569103277,-4.73437728784237,5.));
#3650=CARTESIAN_POINT('Ctrl Pts',(3.63762105449719,-4.71463643334107,0.));
#3651=CARTESIAN_POINT('Ctrl Pts',(3.63762105449719,-4.71463643334107,5.));
#3652=CARTESIAN_POINT('Ctrl Pts',(3.63083042323024,-4.69500168317944,0.));
#3653=CARTESIAN_POINT('Ctrl Pts',(3.63083042323024,-4.69500168317944,5.));
#3654=CARTESIAN_POINT('Ctrl Pts',(3.6238648847543,-4.67548020277839,0.));
#3655=CARTESIAN_POINT('Ctrl Pts',(3.6238648847543,-4.67548020277839,5.));
#3656=CARTESIAN_POINT('Ctrl Pts',(3.61669759570558,-4.6560907641234,0.));
#3657=CARTESIAN_POINT('Ctrl Pts',(3.61669759570558,-4.6560907641234,5.));
#3658=CARTESIAN_POINT('Ctrl Pts',(3.60929163027257,-4.63685871371057,0.));
#3659=CARTESIAN_POINT('Ctrl Pts',(3.60929163027257,-4.63685871371057,5.));
#3660=CARTESIAN_POINT('Ctrl Pts',(3.60161245225279,-4.61780797301123,0.));
#3661=CARTESIAN_POINT('Ctrl Pts',(3.60161245225279,-4.61780797301123,5.));
#3662=CARTESIAN_POINT('Ctrl Pts',(3.59363961765196,-4.59895352660513,0.));
#3663=CARTESIAN_POINT('Ctrl Pts',(3.59363961765196,-4.59895352660513,5.));
#3664=CARTESIAN_POINT('Ctrl Pts',(3.58537710659318,-4.58029480688378,0.));
#3665=CARTESIAN_POINT('Ctrl Pts',(3.58537710659318,-4.58029480688378,5.));
#3666=CARTESIAN_POINT('Ctrl Pts',(3.57686871574483,-4.56180578707914,0.));
#3667=CARTESIAN_POINT('Ctrl Pts',(3.57686871574483,-4.56180578707914,5.));
#3668=CARTESIAN_POINT('Ctrl Pts',(3.56817557372723,-4.54344969366865,0.));
#3669=CARTESIAN_POINT('Ctrl Pts',(3.56817557372723,-4.54344969366865,5.));
#3670=CARTESIAN_POINT('Ctrl Pts',(3.55934568661767,-4.52519889297839,0.));
#3671=CARTESIAN_POINT('Ctrl Pts',(3.55934568661767,-4.52519889297839,5.));
#3672=CARTESIAN_POINT('Ctrl Pts',(3.5503853094527,-4.50705360432618,0.));
#3673=CARTESIAN_POINT('Ctrl Pts',(3.5503853094527,-4.50705360432618,5.));
#3674=CARTESIAN_POINT('Ctrl Pts',(3.54123156921917,-4.48905977096225,0.));
#3675=CARTESIAN_POINT('Ctrl Pts',(3.54123156921917,-4.48905977096225,5.));
#3676=CARTESIAN_POINT('Ctrl Pts',(3.53171896017523,-4.47133099114371,0.));
#3677=CARTESIAN_POINT('Ctrl Pts',(3.53171896017523,-4.47133099114371,5.));
#3678=CARTESIAN_POINT('Ctrl Pts',(3.52162497742403,-4.45401808821774,0.));
#3679=CARTESIAN_POINT('Ctrl Pts',(3.52162497742403,-4.45401808821774,5.));
#3680=CARTESIAN_POINT('Ctrl Pts',(3.51290443307211,-4.44062203912211,0.));
#3681=CARTESIAN_POINT('Ctrl Pts',(3.51290443307211,-4.44062203912211,5.));
#3682=CARTESIAN_POINT('Ctrl Pts',(3.505921328951,-4.43088411565683,0.));
#3683=CARTESIAN_POINT('Ctrl Pts',(3.505921328951,-4.43088411565683,5.));
#3684=CARTESIAN_POINT('Ctrl Pts',(3.5010589971268,-4.42453637881091,0.));
#3685=CARTESIAN_POINT('Ctrl Pts',(3.5010589971268,-4.42453637881091,5.));
#3686=CARTESIAN_POINT('Ctrl Pts',(3.49857609843004,-4.42139856376189,0.));
#3687=CARTESIAN_POINT('Ctrl Pts',(3.49857609843004,-4.42139856376189,5.));
#3688=CARTESIAN_POINT('',(3.76532720234274,-5.90104321788086,0.));
#3689=CARTESIAN_POINT('Ctrl Pts',(3.49857609843004,-4.42139856376189,0.));
#3690=CARTESIAN_POINT('Ctrl Pts',(3.5010589971268,-4.42453637881091,0.));
#3691=CARTESIAN_POINT('Ctrl Pts',(3.505921328951,-4.43088411565683,0.));
#3692=CARTESIAN_POINT('Ctrl Pts',(3.51290443307211,-4.44062203912211,0.));
#3693=CARTESIAN_POINT('Ctrl Pts',(3.52162497742403,-4.45401808821774,0.));
#3694=CARTESIAN_POINT('Ctrl Pts',(3.53171896017523,-4.47133099114371,0.));
#3695=CARTESIAN_POINT('Ctrl Pts',(3.54123156921917,-4.48905977096225,0.));
#3696=CARTESIAN_POINT('Ctrl Pts',(3.5503853094527,-4.50705360432618,0.));
#3697=CARTESIAN_POINT('Ctrl Pts',(3.55934568661767,-4.52519889297839,0.));
#3698=CARTESIAN_POINT('Ctrl Pts',(3.56817557372723,-4.54344969366865,0.));
#3699=CARTESIAN_POINT('Ctrl Pts',(3.57686871574483,-4.56180578707914,0.));
#3700=CARTESIAN_POINT('Ctrl Pts',(3.58537710659318,-4.58029480688378,0.));
#3701=CARTESIAN_POINT('Ctrl Pts',(3.59363961765196,-4.59895352660513,0.));
#3702=CARTESIAN_POINT('Ctrl Pts',(3.60161245225279,-4.61780797301123,0.));
#3703=CARTESIAN_POINT('Ctrl Pts',(3.60929163027257,-4.63685871371057,0.));
#3704=CARTESIAN_POINT('Ctrl Pts',(3.61669759570558,-4.6560907641234,0.));
#3705=CARTESIAN_POINT('Ctrl Pts',(3.6238648847543,-4.67548020277839,0.));
#3706=CARTESIAN_POINT('Ctrl Pts',(3.63083042323024,-4.69500168317944,0.));
#3707=CARTESIAN_POINT('Ctrl Pts',(3.63762105449719,-4.71463643334107,0.));
#3708=CARTESIAN_POINT('Ctrl Pts',(3.64424569103277,-4.73437728784237,0.));
#3709=CARTESIAN_POINT('Ctrl Pts',(3.65070227396003,-4.75422420539862,0.));
#3710=CARTESIAN_POINT('Ctrl Pts',(3.656982200968,-4.77418141330747,0.));
#3711=CARTESIAN_POINT('Ctrl Pts',(3.6630754488612,-4.79425410588808,0.));
#3712=CARTESIAN_POINT('Ctrl Pts',(3.66897610485935,-4.81444487948959,0.));
#3713=CARTESIAN_POINT('Ctrl Pts',(3.67468540198411,-4.83475177415651,0.));
#3714=CARTESIAN_POINT('Ctrl Pts',(3.68020871896201,-4.8551701998628,0.));
#3715=CARTESIAN_POINT('Ctrl Pts',(3.68555376428794,-4.87569410063912,0.));
#3716=CARTESIAN_POINT('Ctrl Pts',(3.69072843158583,-4.89631733048046,0.));
#3717=CARTESIAN_POINT('Ctrl Pts',(3.69573846532084,-4.91703515101251,0.));
#3718=CARTESIAN_POINT('Ctrl Pts',(3.70058633501445,-4.93784495266485,0.));
#3719=CARTESIAN_POINT('Ctrl Pts',(3.7052725418541,-4.95874541271198,0.));
#3720=CARTESIAN_POINT('Ctrl Pts',(3.70979641092874,-4.97973598394698,0.));
#3721=CARTESIAN_POINT('Ctrl Pts',(3.71415702633282,-5.00081629170111,0.));
#3722=CARTESIAN_POINT('Ctrl Pts',(3.71835425718037,-5.02198547234238,0.));
#3723=CARTESIAN_POINT('Ctrl Pts',(3.72238922186334,-5.0432418735083,0.));
#3724=CARTESIAN_POINT('Ctrl Pts',(3.72626373610712,-5.06458340851486,0.));
#3725=CARTESIAN_POINT('Ctrl Pts',(3.72997998657874,-5.08600776573065,0.));
#3726=CARTESIAN_POINT('Ctrl Pts',(3.73354014220263,-5.10751265806537,0.));
#3727=CARTESIAN_POINT('Ctrl Pts',(3.73694592888627,-5.12909609633413,0.));
#3728=CARTESIAN_POINT('Ctrl Pts',(3.74019844570461,-5.15075650662803,0.));
#3729=CARTESIAN_POINT('Ctrl Pts',(3.74329840383402,-5.17249257463212,0.));
#3730=CARTESIAN_POINT('Ctrl Pts',(3.74624627187487,-5.1943031504964,0.));
#3731=CARTESIAN_POINT('Ctrl Pts',(3.74904244807753,-5.21618713659627,0.));
#3732=CARTESIAN_POINT('Ctrl Pts',(3.75168744992004,-5.23814336385579,0.));
#3733=CARTESIAN_POINT('Ctrl Pts',(3.75418200090687,-5.26017053576882,0.));
#3734=CARTESIAN_POINT('Ctrl Pts',(3.75652692993257,-5.2822672954514,0.));
#3735=CARTESIAN_POINT('Ctrl Pts',(3.75872311319115,-5.30443226513384,0.));
#3736=CARTESIAN_POINT('Ctrl Pts',(3.76077140448435,-5.32666409297218,0.));
#3737=CARTESIAN_POINT('Ctrl Pts',(3.76267256112497,-5.3489615039921,0.));
#3738=CARTESIAN_POINT('Ctrl Pts',(3.76442720819495,-5.37132332259911,0.));
#3739=CARTESIAN_POINT('Ctrl Pts',(3.76603588085449,-5.39374843791368,0.));
#3740=CARTESIAN_POINT('Ctrl Pts',(3.76749905096387,-5.41623578055326,0.));
#3741=CARTESIAN_POINT('Ctrl Pts',(3.76881715911598,-5.4387842964051,0.));
#3742=CARTESIAN_POINT('Ctrl Pts',(3.76999064982315,-5.4613929165128,0.));
#3743=CARTESIAN_POINT('Ctrl Pts',(3.77101999183658,-5.48406054368099,0.));
#3744=CARTESIAN_POINT('Ctrl Pts',(3.77190566062956,-5.50678607901408,0.));
#3745=CARTESIAN_POINT('Ctrl Pts',(3.77264812938868,-5.5295684407904,0.));
#3746=CARTESIAN_POINT('Ctrl Pts',(3.77324785800238,-5.55240658416712,0.));
#3747=CARTESIAN_POINT('Ctrl Pts',(3.77370528313414,-5.57529952446384,0.));
#3748=CARTESIAN_POINT('Ctrl Pts',(3.77402081145664,-5.59824634502213,0.));
#3749=CARTESIAN_POINT('Ctrl Pts',(3.77419482290082,-5.62124615845355,0.));
#3750=CARTESIAN_POINT('Ctrl Pts',(3.77422767293115,-5.64429807467123,0.));
#3751=CARTESIAN_POINT('Ctrl Pts',(3.77411969618027,-5.66740116831708,0.));
#3752=CARTESIAN_POINT('Ctrl Pts',(3.77387121057424,-5.69055444024578,0.));
#3753=CARTESIAN_POINT('Ctrl Pts',(3.77348252210009,-5.71375679849759,0.));
#3754=CARTESIAN_POINT('Ctrl Pts',(3.77295392899398,-5.73700713212345,0.));
#3755=CARTESIAN_POINT('Ctrl Pts',(3.77228572709247,-5.7603043725078,0.));
#3756=CARTESIAN_POINT('Ctrl Pts',(3.7714782152284,-5.78364755795711,0.));
#3757=CARTESIAN_POINT('Ctrl Pts',(3.77053170283568,-5.80703589968109,0.));
#3758=CARTESIAN_POINT('Ctrl Pts',(3.76944651422276,-5.83046883836001,0.));
#3759=CARTESIAN_POINT('Ctrl Pts',(3.76822295479174,-5.85394600206214,0.));
#3760=CARTESIAN_POINT('Ctrl Pts',(3.76713361585962,-5.87276293825755,0.));
#3761=CARTESIAN_POINT('Ctrl Pts',(3.76625454004241,-5.88689539735523,0.));
#3762=CARTESIAN_POINT('Ctrl Pts',(3.76564091127922,-5.89632581471278,0.));
#3763=CARTESIAN_POINT('Ctrl Pts',(3.76532720234275,-5.90104321788086,0.));
#3764=CARTESIAN_POINT('',(3.76532720234274,-5.90104321788086,5.));
#3765=CARTESIAN_POINT('Ctrl Pts',(3.76532720234275,-5.90104321788086,5.));
#3766=CARTESIAN_POINT('Ctrl Pts',(3.76564091127922,-5.89632581471278,5.));
#3767=CARTESIAN_POINT('Ctrl Pts',(3.76625454004241,-5.88689539735523,5.));
#3768=CARTESIAN_POINT('Ctrl Pts',(3.76713361585962,-5.87276293825755,5.));
#3769=CARTESIAN_POINT('Ctrl Pts',(3.76822295479174,-5.85394600206214,5.));
#3770=CARTESIAN_POINT('Ctrl Pts',(3.76944651422276,-5.83046883836001,5.));
#3771=CARTESIAN_POINT('Ctrl Pts',(3.77053170283568,-5.80703589968109,5.));
#3772=CARTESIAN_POINT('Ctrl Pts',(3.7714782152284,-5.78364755795711,5.));
#3773=CARTESIAN_POINT('Ctrl Pts',(3.77228572709247,-5.7603043725078,5.));
#3774=CARTESIAN_POINT('Ctrl Pts',(3.77295392899398,-5.73700713212345,5.));
#3775=CARTESIAN_POINT('Ctrl Pts',(3.77348252210009,-5.71375679849759,5.));
#3776=CARTESIAN_POINT('Ctrl Pts',(3.77387121057424,-5.69055444024578,5.));
#3777=CARTESIAN_POINT('Ctrl Pts',(3.77411969618027,-5.66740116831708,5.));
#3778=CARTESIAN_POINT('Ctrl Pts',(3.77422767293115,-5.64429807467123,5.));
#3779=CARTESIAN_POINT('Ctrl Pts',(3.77419482290082,-5.62124615845355,5.));
#3780=CARTESIAN_POINT('Ctrl Pts',(3.77402081145664,-5.59824634502213,5.));
#3781=CARTESIAN_POINT('Ctrl Pts',(3.77370528313414,-5.57529952446384,5.));
#3782=CARTESIAN_POINT('Ctrl Pts',(3.77324785800238,-5.55240658416712,5.));
#3783=CARTESIAN_POINT('Ctrl Pts',(3.77264812938868,-5.5295684407904,5.));
#3784=CARTESIAN_POINT('Ctrl Pts',(3.77190566062956,-5.50678607901408,5.));
#3785=CARTESIAN_POINT('Ctrl Pts',(3.77101999183658,-5.48406054368099,5.));
#3786=CARTESIAN_POINT('Ctrl Pts',(3.76999064982315,-5.4613929165128,5.));
#3787=CARTESIAN_POINT('Ctrl Pts',(3.76881715911598,-5.4387842964051,5.));
#3788=CARTESIAN_POINT('Ctrl Pts',(3.76749905096387,-5.41623578055326,5.));
#3789=CARTESIAN_POINT('Ctrl Pts',(3.76603588085449,-5.39374843791368,5.));
#3790=CARTESIAN_POINT('Ctrl Pts',(3.76442720819495,-5.37132332259911,5.));
#3791=CARTESIAN_POINT('Ctrl Pts',(3.76267256112497,-5.3489615039921,5.));
#3792=CARTESIAN_POINT('Ctrl Pts',(3.76077140448435,-5.32666409297218,5.));
#3793=CARTESIAN_POINT('Ctrl Pts',(3.75872311319115,-5.30443226513384,5.));
#3794=CARTESIAN_POINT('Ctrl Pts',(3.75652692993257,-5.2822672954514,5.));
#3795=CARTESIAN_POINT('Ctrl Pts',(3.75418200090687,-5.26017053576882,5.));
#3796=CARTESIAN_POINT('Ctrl Pts',(3.75168744992004,-5.23814336385579,5.));
#3797=CARTESIAN_POINT('Ctrl Pts',(3.74904244807753,-5.21618713659627,5.));
#3798=CARTESIAN_POINT('Ctrl Pts',(3.74624627187487,-5.1943031504964,5.));
#3799=CARTESIAN_POINT('Ctrl Pts',(3.74329840383402,-5.17249257463212,5.));
#3800=CARTESIAN_POINT('Ctrl Pts',(3.74019844570461,-5.15075650662803,5.));
#3801=CARTESIAN_POINT('Ctrl Pts',(3.73694592888627,-5.12909609633413,5.));
#3802=CARTESIAN_POINT('Ctrl Pts',(3.73354014220263,-5.10751265806537,5.));
#3803=CARTESIAN_POINT('Ctrl Pts',(3.72997998657874,-5.08600776573065,5.));
#3804=CARTESIAN_POINT('Ctrl Pts',(3.72626373610712,-5.06458340851486,5.));
#3805=CARTESIAN_POINT('Ctrl Pts',(3.72238922186334,-5.0432418735083,5.));
#3806=CARTESIAN_POINT('Ctrl Pts',(3.71835425718037,-5.02198547234238,5.));
#3807=CARTESIAN_POINT('Ctrl Pts',(3.71415702633282,-5.00081629170111,5.));
#3808=CARTESIAN_POINT('Ctrl Pts',(3.70979641092874,-4.97973598394698,5.));
#3809=CARTESIAN_POINT('Ctrl Pts',(3.7052725418541,-4.95874541271198,5.));
#3810=CARTESIAN_POINT('Ctrl Pts',(3.70058633501445,-4.93784495266485,5.));
#3811=CARTESIAN_POINT('Ctrl Pts',(3.69573846532084,-4.91703515101251,5.));
#3812=CARTESIAN_POINT('Ctrl Pts',(3.69072843158583,-4.89631733048046,5.));
#3813=CARTESIAN_POINT('Ctrl Pts',(3.68555376428794,-4.87569410063912,5.));
#3814=CARTESIAN_POINT('Ctrl Pts',(3.68020871896201,-4.8551701998628,5.));
#3815=CARTESIAN_POINT('Ctrl Pts',(3.67468540198411,-4.83475177415651,5.));
#3816=CARTESIAN_POINT('Ctrl Pts',(3.66897610485935,-4.81444487948959,5.));
#3817=CARTESIAN_POINT('Ctrl Pts',(3.6630754488612,-4.79425410588808,5.));
#3818=CARTESIAN_POINT('Ctrl Pts',(3.656982200968,-4.77418141330747,5.));
#3819=CARTESIAN_POINT('Ctrl Pts',(3.65070227396003,-4.75422420539862,5.));
#3820=CARTESIAN_POINT('Ctrl Pts',(3.64424569103277,-4.73437728784237,5.));
#3821=CARTESIAN_POINT('Ctrl Pts',(3.63762105449719,-4.71463643334107,5.));
#3822=CARTESIAN_POINT('Ctrl Pts',(3.63083042323024,-4.69500168317944,5.));
#3823=CARTESIAN_POINT('Ctrl Pts',(3.6238648847543,-4.67548020277839,5.));
#3824=CARTESIAN_POINT('Ctrl Pts',(3.61669759570558,-4.6560907641234,5.));
#3825=CARTESIAN_POINT('Ctrl Pts',(3.60929163027257,-4.63685871371057,5.));
#3826=CARTESIAN_POINT('Ctrl Pts',(3.60161245225279,-4.61780797301123,5.));
#3827=CARTESIAN_POINT('Ctrl Pts',(3.59363961765196,-4.59895352660513,5.));
#3828=CARTESIAN_POINT('Ctrl Pts',(3.58537710659318,-4.58029480688378,5.));
#3829=CARTESIAN_POINT('Ctrl Pts',(3.57686871574483,-4.56180578707914,5.));
#3830=CARTESIAN_POINT('Ctrl Pts',(3.56817557372723,-4.54344969366865,5.));
#3831=CARTESIAN_POINT('Ctrl Pts',(3.55934568661767,-4.52519889297839,5.));
#3832=CARTESIAN_POINT('Ctrl Pts',(3.5503853094527,-4.50705360432618,5.));
#3833=CARTESIAN_POINT('Ctrl Pts',(3.54123156921917,-4.48905977096225,5.));
#3834=CARTESIAN_POINT('Ctrl Pts',(3.53171896017523,-4.47133099114371,5.));
#3835=CARTESIAN_POINT('Ctrl Pts',(3.52162497742403,-4.45401808821774,5.));
#3836=CARTESIAN_POINT('Ctrl Pts',(3.51290443307211,-4.44062203912211,5.));
#3837=CARTESIAN_POINT('Ctrl Pts',(3.505921328951,-4.43088411565683,5.));
#3838=CARTESIAN_POINT('Ctrl Pts',(3.5010589971268,-4.42453637881091,5.));
#3839=CARTESIAN_POINT('Ctrl Pts',(3.49857609843004,-4.42139856376189,5.));
#3840=CARTESIAN_POINT('',(3.76532720234274,-5.90104321788086,0.));
#3841=CARTESIAN_POINT('Origin',(4.45754544387E-13,-7.72069518583001E-13,
0.));
#3842=CARTESIAN_POINT('',(3.22778973434331,-6.21139061972984,0.));
#3843=CARTESIAN_POINT('Origin',(4.45754544387E-13,-7.72069518583001E-13,
0.));
#3844=CARTESIAN_POINT('',(3.22778973434331,-6.21139061972984,5.));
#3845=CARTESIAN_POINT('Origin',(4.45754544387E-13,-7.72069518583001E-13,
5.));
#3846=CARTESIAN_POINT('',(3.22778973434331,-6.21139061972984,0.));
#3847=CARTESIAN_POINT('Ctrl Pts',(2.0797554272588,-5.24055506019441,0.));
#3848=CARTESIAN_POINT('Ctrl Pts',(2.0797554272588,-5.24055506019441,5.));
#3849=CARTESIAN_POINT('Ctrl Pts',(2.08123140545525,-5.24427422106534,0.));
#3850=CARTESIAN_POINT('Ctrl Pts',(2.08123140545525,-5.24427422106534,5.));
#3851=CARTESIAN_POINT('Ctrl Pts',(2.08429754090826,-5.25165899236968,0.));
#3852=CARTESIAN_POINT('Ctrl Pts',(2.08429754090826,-5.25165899236968,5.));
#3853=CARTESIAN_POINT('Ctrl Pts',(2.08923927794874,-5.26257549966847,0.));
#3854=CARTESIAN_POINT('Ctrl Pts',(2.08923927794874,-5.26257549966847,5.));
#3855=CARTESIAN_POINT('Ctrl Pts',(2.09648032459994,-5.27682573715989,0.));
#3856=CARTESIAN_POINT('Ctrl Pts',(2.09648032459994,-5.27682573715989,5.));
#3857=CARTESIAN_POINT('Ctrl Pts',(2.10642674697148,-5.29422383411077,0.));
#3858=CARTESIAN_POINT('Ctrl Pts',(2.10642674697148,-5.29422383411077,5.));
#3859=CARTESIAN_POINT('Ctrl Pts',(2.11702401615047,-5.31132638510836,0.));
#3860=CARTESIAN_POINT('Ctrl Pts',(2.11702401615047,-5.31132638510836,5.));
#3861=CARTESIAN_POINT('Ctrl Pts',(2.12803026283834,-5.32825067337221,0.));
#3862=CARTESIAN_POINT('Ctrl Pts',(2.12803026283834,-5.32825067337221,5.));
#3863=CARTESIAN_POINT('Ctrl Pts',(2.13926435518766,-5.34508323195067,0.));
#3864=CARTESIAN_POINT('Ctrl Pts',(2.13926435518766,-5.34508323195067,5.));
#3865=CARTESIAN_POINT('Ctrl Pts',(2.15065506867005,-5.36185553884523,0.));
#3866=CARTESIAN_POINT('Ctrl Pts',(2.15065506867005,-5.36185553884523,5.));
#3867=CARTESIAN_POINT('Ctrl Pts',(2.16220534086898,-5.37856206737642,0.));
#3868=CARTESIAN_POINT('Ctrl Pts',(2.16220534086898,-5.37856206737642,5.));
#3869=CARTESIAN_POINT('Ctrl Pts',(2.17396310628669,-5.39517505989873,0.));
#3870=CARTESIAN_POINT('Ctrl Pts',(2.17396310628669,-5.39517505989873,5.));
#3871=CARTESIAN_POINT('Ctrl Pts',(2.18599077603809,-5.41165996423536,0.));
#3872=CARTESIAN_POINT('Ctrl Pts',(2.18599077603809,-5.41165996423536,5.));
#3873=CARTESIAN_POINT('Ctrl Pts',(2.19833278829965,-5.4279918647429,0.));
#3874=CARTESIAN_POINT('Ctrl Pts',(2.19833278829965,-5.4279918647429,5.));
#3875=CARTESIAN_POINT('Ctrl Pts',(2.21099162469629,-5.44416759833788,0.));
#3876=CARTESIAN_POINT('Ctrl Pts',(2.21099162469629,-5.44416759833788,5.));
#3877=CARTESIAN_POINT('Ctrl Pts',(2.22394408620416,-5.46019737774884,0.));
#3878=CARTESIAN_POINT('Ctrl Pts',(2.22394408620416,-5.46019737774884,5.));
#3879=CARTESIAN_POINT('Ctrl Pts',(2.23715218812015,-5.47609915146879,0.));
#3880=CARTESIAN_POINT('Ctrl Pts',(2.23715218812015,-5.47609915146879,5.));
#3881=CARTESIAN_POINT('Ctrl Pts',(2.25057551682897,-5.49189222494052,0.));
#3882=CARTESIAN_POINT('Ctrl Pts',(2.25057551682897,-5.49189222494052,5.));
#3883=CARTESIAN_POINT('Ctrl Pts',(2.26418439363242,-5.50759045920625,0.));
#3884=CARTESIAN_POINT('Ctrl Pts',(2.26418439363242,-5.50759045920625,5.));
#3885=CARTESIAN_POINT('Ctrl Pts',(2.27796815685517,-5.52319798998755,0.));
#3886=CARTESIAN_POINT('Ctrl Pts',(2.27796815685517,-5.52319798998755,5.));
#3887=CARTESIAN_POINT('Ctrl Pts',(2.29192780018206,-5.53871301360232,0.));
#3888=CARTESIAN_POINT('Ctrl Pts',(2.29192780018206,-5.53871301360232,5.));
#3889=CARTESIAN_POINT('Ctrl Pts',(2.30607128571576,-5.55413019387955,0.));
#3890=CARTESIAN_POINT('Ctrl Pts',(2.30607128571576,-5.55413019387955,5.));
#3891=CARTESIAN_POINT('Ctrl Pts',(2.32040812346631,-5.56944344763693,0.));
#3892=CARTESIAN_POINT('Ctrl Pts',(2.32040812346631,-5.56944344763693,5.));
#3893=CARTESIAN_POINT('Ctrl Pts',(2.33494351832821,-5.58464895243107,0.));
#3894=CARTESIAN_POINT('Ctrl Pts',(2.33494351832821,-5.58464895243107,5.));
#3895=CARTESIAN_POINT('Ctrl Pts',(2.34967515641936,-5.59974679611233,0.));
#3896=CARTESIAN_POINT('Ctrl Pts',(2.34967515641936,-5.59974679611233,5.));
#3897=CARTESIAN_POINT('Ctrl Pts',(2.36459637329734,-5.61473934178149,0.));
#3898=CARTESIAN_POINT('Ctrl Pts',(2.36459637329734,-5.61473934178149,5.));
#3899=CARTESIAN_POINT('Ctrl Pts',(2.37969807009142,-5.62963023720629,0.));
#3900=CARTESIAN_POINT('Ctrl Pts',(2.37969807009142,-5.62963023720629,5.));
#3901=CARTESIAN_POINT('Ctrl Pts',(2.39497097739316,-5.64442324546306,0.));
#3902=CARTESIAN_POINT('Ctrl Pts',(2.39497097739316,-5.64442324546306,5.));
#3903=CARTESIAN_POINT('Ctrl Pts',(2.41040811941746,-5.65912097221743,0.));
#3904=CARTESIAN_POINT('Ctrl Pts',(2.41040811941746,-5.65912097221743,5.));
#3905=CARTESIAN_POINT('Ctrl Pts',(2.4260060014493,-5.67372425135249,0.));
#3906=CARTESIAN_POINT('Ctrl Pts',(2.4260060014493,-5.67372425135249,5.));
#3907=CARTESIAN_POINT('Ctrl Pts',(2.44176322738107,-5.68823285554659,0.));
#3908=CARTESIAN_POINT('Ctrl Pts',(2.44176322738107,-5.68823285554659,5.));
#3909=CARTESIAN_POINT('Ctrl Pts',(2.45767966077321,-5.70264592670612,0.));
#3910=CARTESIAN_POINT('Ctrl Pts',(2.45767966077321,-5.70264592670612,5.));
#3911=CARTESIAN_POINT('Ctrl Pts',(2.47375543510584,-5.71696248429925,0.));
#3912=CARTESIAN_POINT('Ctrl Pts',(2.47375543510584,-5.71696248429925,5.));
#3913=CARTESIAN_POINT('Ctrl Pts',(2.48998986789471,-5.73118198315941,0.));
#3914=CARTESIAN_POINT('Ctrl Pts',(2.48998986789471,-5.73118198315941,5.));
#3915=CARTESIAN_POINT('Ctrl Pts',(2.50638096895593,-5.74530456566119,0.));
#3916=CARTESIAN_POINT('Ctrl Pts',(2.50638096895593,-5.74530456566119,5.));
#3917=CARTESIAN_POINT('Ctrl Pts',(2.52292602330548,-5.75933076092692,0.));
#3918=CARTESIAN_POINT('Ctrl Pts',(2.52292602330548,-5.75933076092692,5.));
#3919=CARTESIAN_POINT('Ctrl Pts',(2.5396219356783,-5.77326130685006,0.));
#3920=CARTESIAN_POINT('Ctrl Pts',(2.5396219356783,-5.77326130685006,5.));
#3921=CARTESIAN_POINT('Ctrl Pts',(2.55646564093387,-5.78709693822913,0.));
#3922=CARTESIAN_POINT('Ctrl Pts',(2.55646564093387,-5.78709693822913,5.));
#3923=CARTESIAN_POINT('Ctrl Pts',(2.57345455343381,-5.80083815515142,0.));
#3924=CARTESIAN_POINT('Ctrl Pts',(2.57345455343381,-5.80083815515142,5.));
#3925=CARTESIAN_POINT('Ctrl Pts',(2.59058676059555,-5.81448512248929,0.));
#3926=CARTESIAN_POINT('Ctrl Pts',(2.59058676059555,-5.81448512248929,5.));
#3927=CARTESIAN_POINT('Ctrl Pts',(2.60786076860077,-5.82803779898207,0.));
#3928=CARTESIAN_POINT('Ctrl Pts',(2.60786076860077,-5.82803779898207,5.));
#3929=CARTESIAN_POINT('Ctrl Pts',(2.62527534734998,-5.84149601552459,0.));
#3930=CARTESIAN_POINT('Ctrl Pts',(2.62527534734998,-5.84149601552459,5.));
#3931=CARTESIAN_POINT('Ctrl Pts',(2.64282934714721,-5.85485956819949,0.));
#3932=CARTESIAN_POINT('Ctrl Pts',(2.64282934714721,-5.85485956819949,5.));
#3933=CARTESIAN_POINT('Ctrl Pts',(2.66052149680396,-5.86812832061792,0.));
#3934=CARTESIAN_POINT('Ctrl Pts',(2.66052149680396,-5.86812832061792,5.));
#3935=CARTESIAN_POINT('Ctrl Pts',(2.67835031176075,-5.88130225110005,0.));
#3936=CARTESIAN_POINT('Ctrl Pts',(2.67835031176075,-5.88130225110005,5.));
#3937=CARTESIAN_POINT('Ctrl Pts',(2.69631420247434,-5.89438139904767,0.));
#3938=CARTESIAN_POINT('Ctrl Pts',(2.69631420247434,-5.89438139904767,5.));
#3939=CARTESIAN_POINT('Ctrl Pts',(2.71441153766415,-5.90736583438219,0.));
#3940=CARTESIAN_POINT('Ctrl Pts',(2.71441153766415,-5.90736583438219,5.));
#3941=CARTESIAN_POINT('Ctrl Pts',(2.73264071969812,-5.92025562059563,0.));
#3942=CARTESIAN_POINT('Ctrl Pts',(2.73264071969812,-5.92025562059563,5.));
#3943=CARTESIAN_POINT('Ctrl Pts',(2.75100026575969,-5.93305077605294,0.));
#3944=CARTESIAN_POINT('Ctrl Pts',(2.75100026575969,-5.93305077605294,5.));
#3945=CARTESIAN_POINT('Ctrl Pts',(2.76948884521318,-5.94575125429372,0.));
#3946=CARTESIAN_POINT('Ctrl Pts',(2.76948884521318,-5.94575125429372,5.));
#3947=CARTESIAN_POINT('Ctrl Pts',(2.78810522842863,-5.95835696334054,0.));
#3948=CARTESIAN_POINT('Ctrl Pts',(2.78810522842863,-5.95835696334054,5.));
#3949=CARTESIAN_POINT('Ctrl Pts',(2.80684825336342,-5.97086777714511,0.));
#3950=CARTESIAN_POINT('Ctrl Pts',(2.80684825336342,-5.97086777714511,5.));
#3951=CARTESIAN_POINT('Ctrl Pts',(2.82571678683269,-5.9832835502157,0.));
#3952=CARTESIAN_POINT('Ctrl Pts',(2.82571678683269,-5.9832835502157,5.));
#3953=CARTESIAN_POINT('Ctrl Pts',(2.84470968083689,-5.99560413303305,0.));
#3954=CARTESIAN_POINT('Ctrl Pts',(2.84470968083689,-5.99560413303305,5.));
#3955=CARTESIAN_POINT('Ctrl Pts',(2.86382575080134,-6.00782938294996,0.));
#3956=CARTESIAN_POINT('Ctrl Pts',(2.86382575080134,-6.00782938294996,5.));
#3957=CARTESIAN_POINT('Ctrl Pts',(2.88306380731791,-6.01995916229057,0.));
#3958=CARTESIAN_POINT('Ctrl Pts',(2.88306380731791,-6.01995916229057,5.));
#3959=CARTESIAN_POINT('Ctrl Pts',(2.90242267699484,-6.03199333998564,0.));
#3960=CARTESIAN_POINT('Ctrl Pts',(2.90242267699484,-6.03199333998564,5.));
#3961=CARTESIAN_POINT('Ctrl Pts',(2.9219012250275,-6.04393179188885,0.));
#3962=CARTESIAN_POINT('Ctrl Pts',(2.9219012250275,-6.04393179188885,5.));
#3963=CARTESIAN_POINT('Ctrl Pts',(2.9414983803259,-6.05577440382164,0.));
#3964=CARTESIAN_POINT('Ctrl Pts',(2.9414983803259,-6.05577440382164,5.));
#3965=CARTESIAN_POINT('Ctrl Pts',(2.96121314570422,-6.06752106964368,0.));
#3966=CARTESIAN_POINT('Ctrl Pts',(2.96121314570422,-6.06752106964368,5.));
#3967=CARTESIAN_POINT('Ctrl Pts',(2.98104456269604,-6.0791716746906,0.));
#3968=CARTESIAN_POINT('Ctrl Pts',(2.98104456269604,-6.0791716746906,5.));
#3969=CARTESIAN_POINT('Ctrl Pts',(3.0009916827313,-6.09072608176022,0.));
#3970=CARTESIAN_POINT('Ctrl Pts',(3.0009916827313,-6.09072608176022,5.));
#3971=CARTESIAN_POINT('Ctrl Pts',(3.02105353711006,-6.10218411797386,0.));
#3972=CARTESIAN_POINT('Ctrl Pts',(3.02105353711006,-6.10218411797386,5.));
#3973=CARTESIAN_POINT('Ctrl Pts',(3.04122910158405,-6.11354555909092,0.));
#3974=CARTESIAN_POINT('Ctrl Pts',(3.04122910158405,-6.11354555909092,5.));
#3975=CARTESIAN_POINT('Ctrl Pts',(3.0615172774949,-6.12481012412405,0.));
#3976=CARTESIAN_POINT('Ctrl Pts',(3.0615172774949,-6.12481012412405,5.));
#3977=CARTESIAN_POINT('Ctrl Pts',(3.08191695361442,-6.13597751587882,0.));
#3978=CARTESIAN_POINT('Ctrl Pts',(3.08191695361442,-6.13597751587882,5.));
#3979=CARTESIAN_POINT('Ctrl Pts',(3.1024270565761,-6.14704745624944,0.));
#3980=CARTESIAN_POINT('Ctrl Pts',(3.1024270565761,-6.14704745624944,5.));
#3981=CARTESIAN_POINT('Ctrl Pts',(3.12304660411248,-6.15801972318595,0.));
#3982=CARTESIAN_POINT('Ctrl Pts',(3.12304660411248,-6.15801972318595,5.));
#3983=CARTESIAN_POINT('Ctrl Pts',(3.14377475839419,-6.16889419027085,0.));
#3984=CARTESIAN_POINT('Ctrl Pts',(3.14377475839419,-6.16889419027085,5.));
#3985=CARTESIAN_POINT('Ctrl Pts',(3.16461087288192,-6.17967085870362,0.));
#3986=CARTESIAN_POINT('Ctrl Pts',(3.16461087288192,-6.17967085870362,5.));
#3987=CARTESIAN_POINT('Ctrl Pts',(3.18555447277229,-6.19034980700438,0.));
#3988=CARTESIAN_POINT('Ctrl Pts',(3.18555447277229,-6.19034980700438,5.));
#3989=CARTESIAN_POINT('Ctrl Pts',(3.20239508700496,-6.19881487991354,0.));
#3990=CARTESIAN_POINT('Ctrl Pts',(3.20239508700496,-6.19881487991354,5.));
#3991=CARTESIAN_POINT('Ctrl Pts',(3.2150736935101,-6.20511980747282,0.));
#3992=CARTESIAN_POINT('Ctrl Pts',(3.2150736935101,-6.20511980747282,5.));
#3993=CARTESIAN_POINT('Ctrl Pts',(3.22354748889163,-6.20930359805419,0.));
#3994=CARTESIAN_POINT('Ctrl Pts',(3.22354748889163,-6.20930359805419,5.));
#3995=CARTESIAN_POINT('Ctrl Pts',(3.22778973434331,-6.21139061972985,0.));
#3996=CARTESIAN_POINT('Ctrl Pts',(3.22778973434331,-6.21139061972985,5.));
#3997=CARTESIAN_POINT('Ctrl Pts',(2.0797554272588,-5.24055506019441,0.));
#3998=CARTESIAN_POINT('Ctrl Pts',(2.08123140545525,-5.24427422106534,0.));
#3999=CARTESIAN_POINT('Ctrl Pts',(2.08429754090826,-5.25165899236968,0.));
#4000=CARTESIAN_POINT('Ctrl Pts',(2.08923927794874,-5.26257549966847,0.));
#4001=CARTESIAN_POINT('Ctrl Pts',(2.09648032459994,-5.27682573715989,0.));
#4002=CARTESIAN_POINT('Ctrl Pts',(2.10642674697148,-5.29422383411077,0.));
#4003=CARTESIAN_POINT('Ctrl Pts',(2.11702401615047,-5.31132638510836,0.));
#4004=CARTESIAN_POINT('Ctrl Pts',(2.12803026283834,-5.32825067337221,0.));
#4005=CARTESIAN_POINT('Ctrl Pts',(2.13926435518766,-5.34508323195067,0.));
#4006=CARTESIAN_POINT('Ctrl Pts',(2.15065506867005,-5.36185553884523,0.));
#4007=CARTESIAN_POINT('Ctrl Pts',(2.16220534086898,-5.37856206737642,0.));
#4008=CARTESIAN_POINT('Ctrl Pts',(2.17396310628669,-5.39517505989873,0.));
#4009=CARTESIAN_POINT('Ctrl Pts',(2.18599077603809,-5.41165996423536,0.));
#4010=CARTESIAN_POINT('Ctrl Pts',(2.19833278829965,-5.4279918647429,0.));
#4011=CARTESIAN_POINT('Ctrl Pts',(2.21099162469629,-5.44416759833788,0.));
#4012=CARTESIAN_POINT('Ctrl Pts',(2.22394408620416,-5.46019737774884,0.));
#4013=CARTESIAN_POINT('Ctrl Pts',(2.23715218812015,-5.47609915146879,0.));
#4014=CARTESIAN_POINT('Ctrl Pts',(2.25057551682897,-5.49189222494052,0.));
#4015=CARTESIAN_POINT('Ctrl Pts',(2.26418439363242,-5.50759045920625,0.));
#4016=CARTESIAN_POINT('Ctrl Pts',(2.27796815685517,-5.52319798998755,0.));
#4017=CARTESIAN_POINT('Ctrl Pts',(2.29192780018206,-5.53871301360232,0.));
#4018=CARTESIAN_POINT('Ctrl Pts',(2.30607128571576,-5.55413019387955,0.));
#4019=CARTESIAN_POINT('Ctrl Pts',(2.32040812346631,-5.56944344763693,0.));
#4020=CARTESIAN_POINT('Ctrl Pts',(2.33494351832821,-5.58464895243107,0.));
#4021=CARTESIAN_POINT('Ctrl Pts',(2.34967515641936,-5.59974679611233,0.));
#4022=CARTESIAN_POINT('Ctrl Pts',(2.36459637329734,-5.61473934178149,0.));
#4023=CARTESIAN_POINT('Ctrl Pts',(2.37969807009142,-5.62963023720629,0.));
#4024=CARTESIAN_POINT('Ctrl Pts',(2.39497097739316,-5.64442324546306,0.));
#4025=CARTESIAN_POINT('Ctrl Pts',(2.41040811941746,-5.65912097221743,0.));
#4026=CARTESIAN_POINT('Ctrl Pts',(2.4260060014493,-5.67372425135249,0.));
#4027=CARTESIAN_POINT('Ctrl Pts',(2.44176322738107,-5.68823285554659,0.));
#4028=CARTESIAN_POINT('Ctrl Pts',(2.45767966077321,-5.70264592670612,0.));
#4029=CARTESIAN_POINT('Ctrl Pts',(2.47375543510584,-5.71696248429925,0.));
#4030=CARTESIAN_POINT('Ctrl Pts',(2.48998986789471,-5.73118198315941,0.));
#4031=CARTESIAN_POINT('Ctrl Pts',(2.50638096895593,-5.74530456566119,0.));
#4032=CARTESIAN_POINT('Ctrl Pts',(2.52292602330548,-5.75933076092692,0.));
#4033=CARTESIAN_POINT('Ctrl Pts',(2.5396219356783,-5.77326130685006,0.));
#4034=CARTESIAN_POINT('Ctrl Pts',(2.55646564093387,-5.78709693822913,0.));
#4035=CARTESIAN_POINT('Ctrl Pts',(2.57345455343381,-5.80083815515142,0.));
#4036=CARTESIAN_POINT('Ctrl Pts',(2.59058676059555,-5.81448512248929,0.));
#4037=CARTESIAN_POINT('Ctrl Pts',(2.60786076860077,-5.82803779898207,0.));
#4038=CARTESIAN_POINT('Ctrl Pts',(2.62527534734998,-5.84149601552459,0.));
#4039=CARTESIAN_POINT('Ctrl Pts',(2.64282934714721,-5.85485956819949,0.));
#4040=CARTESIAN_POINT('Ctrl Pts',(2.66052149680396,-5.86812832061792,0.));
#4041=CARTESIAN_POINT('Ctrl Pts',(2.67835031176075,-5.88130225110005,0.));
#4042=CARTESIAN_POINT('Ctrl Pts',(2.69631420247434,-5.89438139904767,0.));
#4043=CARTESIAN_POINT('Ctrl Pts',(2.71441153766415,-5.90736583438219,0.));
#4044=CARTESIAN_POINT('Ctrl Pts',(2.73264071969812,-5.92025562059563,0.));
#4045=CARTESIAN_POINT('Ctrl Pts',(2.75100026575969,-5.93305077605294,0.));
#4046=CARTESIAN_POINT('Ctrl Pts',(2.76948884521318,-5.94575125429372,0.));
#4047=CARTESIAN_POINT('Ctrl Pts',(2.78810522842863,-5.95835696334054,0.));
#4048=CARTESIAN_POINT('Ctrl Pts',(2.80684825336342,-5.97086777714511,0.));
#4049=CARTESIAN_POINT('Ctrl Pts',(2.82571678683269,-5.9832835502157,0.));
#4050=CARTESIAN_POINT('Ctrl Pts',(2.84470968083689,-5.99560413303305,0.));
#4051=CARTESIAN_POINT('Ctrl Pts',(2.86382575080134,-6.00782938294996,0.));
#4052=CARTESIAN_POINT('Ctrl Pts',(2.88306380731791,-6.01995916229057,0.));
#4053=CARTESIAN_POINT('Ctrl Pts',(2.90242267699484,-6.03199333998564,0.));
#4054=CARTESIAN_POINT('Ctrl Pts',(2.9219012250275,-6.04393179188885,0.));
#4055=CARTESIAN_POINT('Ctrl Pts',(2.9414983803259,-6.05577440382164,0.));
#4056=CARTESIAN_POINT('Ctrl Pts',(2.96121314570422,-6.06752106964368,0.));
#4057=CARTESIAN_POINT('Ctrl Pts',(2.98104456269604,-6.0791716746906,0.));
#4058=CARTESIAN_POINT('Ctrl Pts',(3.0009916827313,-6.09072608176022,0.));
#4059=CARTESIAN_POINT('Ctrl Pts',(3.02105353711006,-6.10218411797386,0.));
#4060=CARTESIAN_POINT('Ctrl Pts',(3.04122910158405,-6.11354555909092,0.));
#4061=CARTESIAN_POINT('Ctrl Pts',(3.0615172774949,-6.12481012412405,0.));
#4062=CARTESIAN_POINT('Ctrl Pts',(3.08191695361442,-6.13597751587882,0.));
#4063=CARTESIAN_POINT('Ctrl Pts',(3.1024270565761,-6.14704745624944,0.));
#4064=CARTESIAN_POINT('Ctrl Pts',(3.12304660411248,-6.15801972318595,0.));
#4065=CARTESIAN_POINT('Ctrl Pts',(3.14377475839419,-6.16889419027085,0.));
#4066=CARTESIAN_POINT('Ctrl Pts',(3.16461087288192,-6.17967085870362,0.));
#4067=CARTESIAN_POINT('Ctrl Pts',(3.18555447277229,-6.19034980700438,0.));
#4068=CARTESIAN_POINT('Ctrl Pts',(3.20239508700496,-6.19881487991354,0.));
#4069=CARTESIAN_POINT('Ctrl Pts',(3.2150736935101,-6.20511980747282,0.));
#4070=CARTESIAN_POINT('Ctrl Pts',(3.22354748889163,-6.20930359805419,0.));
#4071=CARTESIAN_POINT('Ctrl Pts',(3.22778973434331,-6.21139061972985,0.));
#4072=CARTESIAN_POINT('Ctrl Pts',(2.0797554272588,-5.24055506019441,5.));
#4073=CARTESIAN_POINT('Ctrl Pts',(2.08123140545525,-5.24427422106534,5.));
#4074=CARTESIAN_POINT('Ctrl Pts',(2.08429754090826,-5.25165899236968,5.));
#4075=CARTESIAN_POINT('Ctrl Pts',(2.08923927794874,-5.26257549966847,5.));
#4076=CARTESIAN_POINT('Ctrl Pts',(2.09648032459994,-5.27682573715989,5.));
#4077=CARTESIAN_POINT('Ctrl Pts',(2.10642674697148,-5.29422383411077,5.));
#4078=CARTESIAN_POINT('Ctrl Pts',(2.11702401615047,-5.31132638510836,5.));
#4079=CARTESIAN_POINT('Ctrl Pts',(2.12803026283834,-5.32825067337221,5.));
#4080=CARTESIAN_POINT('Ctrl Pts',(2.13926435518766,-5.34508323195067,5.));
#4081=CARTESIAN_POINT('Ctrl Pts',(2.15065506867005,-5.36185553884523,5.));
#4082=CARTESIAN_POINT('Ctrl Pts',(2.16220534086898,-5.37856206737642,5.));
#4083=CARTESIAN_POINT('Ctrl Pts',(2.17396310628669,-5.39517505989873,5.));
#4084=CARTESIAN_POINT('Ctrl Pts',(2.18599077603809,-5.41165996423536,5.));
#4085=CARTESIAN_POINT('Ctrl Pts',(2.19833278829965,-5.4279918647429,5.));
#4086=CARTESIAN_POINT('Ctrl Pts',(2.21099162469629,-5.44416759833788,5.));
#4087=CARTESIAN_POINT('Ctrl Pts',(2.22394408620416,-5.46019737774884,5.));
#4088=CARTESIAN_POINT('Ctrl Pts',(2.23715218812015,-5.47609915146879,5.));
#4089=CARTESIAN_POINT('Ctrl Pts',(2.25057551682897,-5.49189222494052,5.));
#4090=CARTESIAN_POINT('Ctrl Pts',(2.26418439363242,-5.50759045920625,5.));
#4091=CARTESIAN_POINT('Ctrl Pts',(2.27796815685517,-5.52319798998755,5.));
#4092=CARTESIAN_POINT('Ctrl Pts',(2.29192780018206,-5.53871301360232,5.));
#4093=CARTESIAN_POINT('Ctrl Pts',(2.30607128571576,-5.55413019387955,5.));
#4094=CARTESIAN_POINT('Ctrl Pts',(2.32040812346631,-5.56944344763693,5.));
#4095=CARTESIAN_POINT('Ctrl Pts',(2.33494351832821,-5.58464895243107,5.));
#4096=CARTESIAN_POINT('Ctrl Pts',(2.34967515641936,-5.59974679611233,5.));
#4097=CARTESIAN_POINT('Ctrl Pts',(2.36459637329734,-5.61473934178149,5.));
#4098=CARTESIAN_POINT('Ctrl Pts',(2.37969807009142,-5.62963023720629,5.));
#4099=CARTESIAN_POINT('Ctrl Pts',(2.39497097739316,-5.64442324546306,5.));
#4100=CARTESIAN_POINT('Ctrl Pts',(2.41040811941746,-5.65912097221743,5.));
#4101=CARTESIAN_POINT('Ctrl Pts',(2.4260060014493,-5.67372425135249,5.));
#4102=CARTESIAN_POINT('Ctrl Pts',(2.44176322738107,-5.68823285554659,5.));
#4103=CARTESIAN_POINT('Ctrl Pts',(2.45767966077321,-5.70264592670612,5.));
#4104=CARTESIAN_POINT('Ctrl Pts',(2.47375543510584,-5.71696248429925,5.));
#4105=CARTESIAN_POINT('Ctrl Pts',(2.48998986789471,-5.73118198315941,5.));
#4106=CARTESIAN_POINT('Ctrl Pts',(2.50638096895593,-5.74530456566119,5.));
#4107=CARTESIAN_POINT('Ctrl Pts',(2.52292602330548,-5.75933076092692,5.));
#4108=CARTESIAN_POINT('Ctrl Pts',(2.5396219356783,-5.77326130685006,5.));
#4109=CARTESIAN_POINT('Ctrl Pts',(2.55646564093387,-5.78709693822913,5.));
#4110=CARTESIAN_POINT('Ctrl Pts',(2.57345455343381,-5.80083815515142,5.));
#4111=CARTESIAN_POINT('Ctrl Pts',(2.59058676059555,-5.81448512248929,5.));
#4112=CARTESIAN_POINT('Ctrl Pts',(2.60786076860077,-5.82803779898207,5.));
#4113=CARTESIAN_POINT('Ctrl Pts',(2.62527534734998,-5.84149601552459,5.));
#4114=CARTESIAN_POINT('Ctrl Pts',(2.64282934714721,-5.85485956819949,5.));
#4115=CARTESIAN_POINT('Ctrl Pts',(2.66052149680396,-5.86812832061792,5.));
#4116=CARTESIAN_POINT('Ctrl Pts',(2.67835031176075,-5.88130225110005,5.));
#4117=CARTESIAN_POINT('Ctrl Pts',(2.69631420247434,-5.89438139904767,5.));
#4118=CARTESIAN_POINT('Ctrl Pts',(2.71441153766415,-5.90736583438219,5.));
#4119=CARTESIAN_POINT('Ctrl Pts',(2.73264071969812,-5.92025562059563,5.));
#4120=CARTESIAN_POINT('Ctrl Pts',(2.75100026575969,-5.93305077605294,5.));
#4121=CARTESIAN_POINT('Ctrl Pts',(2.76948884521318,-5.94575125429372,5.));
#4122=CARTESIAN_POINT('Ctrl Pts',(2.78810522842863,-5.95835696334054,5.));
#4123=CARTESIAN_POINT('Ctrl Pts',(2.80684825336342,-5.97086777714511,5.));
#4124=CARTESIAN_POINT('Ctrl Pts',(2.82571678683269,-5.9832835502157,5.));
#4125=CARTESIAN_POINT('Ctrl Pts',(2.84470968083689,-5.99560413303305,5.));
#4126=CARTESIAN_POINT('Ctrl Pts',(2.86382575080134,-6.00782938294996,5.));
#4127=CARTESIAN_POINT('Ctrl Pts',(2.88306380731791,-6.01995916229057,5.));
#4128=CARTESIAN_POINT('Ctrl Pts',(2.90242267699484,-6.03199333998564,5.));
#4129=CARTESIAN_POINT('Ctrl Pts',(2.9219012250275,-6.04393179188885,5.));
#4130=CARTESIAN_POINT('Ctrl Pts',(2.9414983803259,-6.05577440382164,5.));
#4131=CARTESIAN_POINT('Ctrl Pts',(2.96121314570422,-6.06752106964368,5.));
#4132=CARTESIAN_POINT('Ctrl Pts',(2.98104456269604,-6.0791716746906,5.));
#4133=CARTESIAN_POINT('Ctrl Pts',(3.0009916827313,-6.09072608176022,5.));
#4134=CARTESIAN_POINT('Ctrl Pts',(3.02105353711006,-6.10218411797386,5.));
#4135=CARTESIAN_POINT('Ctrl Pts',(3.04122910158405,-6.11354555909092,5.));
#4136=CARTESIAN_POINT('Ctrl Pts',(3.0615172774949,-6.12481012412405,5.));
#4137=CARTESIAN_POINT('Ctrl Pts',(3.08191695361442,-6.13597751587882,5.));
#4138=CARTESIAN_POINT('Ctrl Pts',(3.1024270565761,-6.14704745624944,5.));
#4139=CARTESIAN_POINT('Ctrl Pts',(3.12304660411248,-6.15801972318595,5.));
#4140=CARTESIAN_POINT('Ctrl Pts',(3.14377475839419,-6.16889419027085,5.));
#4141=CARTESIAN_POINT('Ctrl Pts',(3.16461087288192,-6.17967085870362,5.));
#4142=CARTESIAN_POINT('Ctrl Pts',(3.18555447277229,-6.19034980700438,5.));
#4143=CARTESIAN_POINT('Ctrl Pts',(3.20239508700496,-6.19881487991354,5.));
#4144=CARTESIAN_POINT('Ctrl Pts',(3.2150736935101,-6.20511980747282,5.));
#4145=CARTESIAN_POINT('Ctrl Pts',(3.22354748889163,-6.20930359805419,5.));
#4146=CARTESIAN_POINT('Ctrl Pts',(3.22778973434331,-6.21139061972985,5.));
#4147=CARTESIAN_POINT('Ctrl Pts',(0.310347401848984,-6.99311693668607,0.));
#4148=CARTESIAN_POINT('Ctrl Pts',(0.310347401848984,-6.99311693668607,5.));
#4149=CARTESIAN_POINT('Ctrl Pts',(0.312977783341402,-6.98918840017086,0.));
#4150=CARTESIAN_POINT('Ctrl Pts',(0.312977783341402,-6.98918840017086,5.));
#4151=CARTESIAN_POINT('Ctrl Pts',(0.31822441011759,-6.98132823355252,0.));
#4152=CARTESIAN_POINT('Ctrl Pts',(0.31822441011759,-6.98132823355252,5.));
#4153=CARTESIAN_POINT('Ctrl Pts',(0.326051941655986,-6.96952870286459,0.));
#4154=CARTESIAN_POINT('Ctrl Pts',(0.326051941655986,-6.96952870286459,5.));
#4155=CARTESIAN_POINT('Ctrl Pts',(0.336403804942236,-6.95377742756404,0.));
#4156=CARTESIAN_POINT('Ctrl Pts',(0.336403804942236,-6.95377742756404,5.));
#4157=CARTESIAN_POINT('Ctrl Pts',(0.349202020343611,-6.93405738710469,0.));
#4158=CARTESIAN_POINT('Ctrl Pts',(0.349202020343611,-6.93405738710469,5.));
#4159=CARTESIAN_POINT('Ctrl Pts',(0.361858290589759,-6.91430646122988,0.));
#4160=CARTESIAN_POINT('Ctrl Pts',(0.361858290589759,-6.91430646122988,5.));
#4161=CARTESIAN_POINT('Ctrl Pts',(0.374372165228841,-6.89452481934089,0.));
#4162=CARTESIAN_POINT('Ctrl Pts',(0.374372165228841,-6.89452481934089,5.));
#4163=CARTESIAN_POINT('Ctrl Pts',(0.38674308374163,-6.87471278366857,0.));
#4164=CARTESIAN_POINT('Ctrl Pts',(0.38674308374163,-6.87471278366857,5.));
#4165=CARTESIAN_POINT('Ctrl Pts',(0.398970383755374,-6.8548708826084,0.));
#4166=CARTESIAN_POINT('Ctrl Pts',(0.398970383755374,-6.8548708826084,5.));
#4167=CARTESIAN_POINT('Ctrl Pts',(0.411053325626465,-6.834999799595,0.));
#4168=CARTESIAN_POINT('Ctrl Pts',(0.411053325626465,-6.834999799595,5.));
#4169=CARTESIAN_POINT('Ctrl Pts',(0.422991118845141,-6.81510031215831,0.));
#4170=CARTESIAN_POINT('Ctrl Pts',(0.422991118845141,-6.81510031215831,5.));
#4171=CARTESIAN_POINT('Ctrl Pts',(0.434782949656782,-6.79517323329033,0.));
#4172=CARTESIAN_POINT('Ctrl Pts',(0.434782949656782,-6.79517323329033,5.));
#4173=CARTESIAN_POINT('Ctrl Pts',(0.446428007088989,-6.77521935566245,0.));
#4174=CARTESIAN_POINT('Ctrl Pts',(0.446428007088989,-6.77521935566245,5.));
#4175=CARTESIAN_POINT('Ctrl Pts',(0.45792551623705,-6.75523938559687,0.));
#4176=CARTESIAN_POINT('Ctrl Pts',(0.45792551623705,-6.75523938559687,5.));
#4177=CARTESIAN_POINT('Ctrl Pts',(0.46927472462155,-6.73523395716086,0.));
#4178=CARTESIAN_POINT('Ctrl Pts',(0.46927472462155,-6.73523395716086,5.));
#4179=CARTESIAN_POINT('Ctrl Pts',(0.480474879357797,-6.71520366346005,0.));
#4180=CARTESIAN_POINT('Ctrl Pts',(0.480474879357797,-6.71520366346005,5.));
#4181=CARTESIAN_POINT('Ctrl Pts',(0.491525207721729,-6.6951490830299,0.));
#4182=CARTESIAN_POINT('Ctrl Pts',(0.491525207721729,-6.6951490830299,5.));
#4183=CARTESIAN_POINT('Ctrl Pts',(0.502424899195247,-6.67507080638353,0.));
#4184=CARTESIAN_POINT('Ctrl Pts',(0.502424899195247,-6.67507080638353,5.));
#4185=CARTESIAN_POINT('Ctrl Pts',(0.513173083276487,-6.65496946794747,0.));
#4186=CARTESIAN_POINT('Ctrl Pts',(0.513173083276487,-6.65496946794747,5.));
#4187=CARTESIAN_POINT('Ctrl Pts',(0.523768839268971,-6.63484574263792,0.));
#4188=CARTESIAN_POINT('Ctrl Pts',(0.523768839268971,-6.63484574263792,5.));
#4189=CARTESIAN_POINT('Ctrl Pts',(0.534211216520254,-6.61470033066004,0.));
#4190=CARTESIAN_POINT('Ctrl Pts',(0.534211216520254,-6.61470033066004,5.));
#4191=CARTESIAN_POINT('Ctrl Pts',(0.544499253810595,-6.59453394594868,0.));
#4192=CARTESIAN_POINT('Ctrl Pts',(0.544499253810595,-6.59453394594868,5.));
#4193=CARTESIAN_POINT('Ctrl Pts',(0.554631996591846,-6.57434730432729,0.));
#4194=CARTESIAN_POINT('Ctrl Pts',(0.554631996591846,-6.57434730432729,5.));
#4195=CARTESIAN_POINT('Ctrl Pts',(0.564608525426856,-6.55414110928313,0.));
#4196=CARTESIAN_POINT('Ctrl Pts',(0.564608525426856,-6.55414110928313,5.));
#4197=CARTESIAN_POINT('Ctrl Pts',(0.574427931694609,-6.53391605340814,0.));
#4198=CARTESIAN_POINT('Ctrl Pts',(0.574427931694609,-6.53391605340814,5.));
#4199=CARTESIAN_POINT('Ctrl Pts',(0.584089272060832,-6.51367282688466,0.));
#4200=CARTESIAN_POINT('Ctrl Pts',(0.584089272060832,-6.51367282688466,5.));
#4201=CARTESIAN_POINT('Ctrl Pts',(0.593591527623446,-6.49341212418248,0.));
#4202=CARTESIAN_POINT('Ctrl Pts',(0.593591527623446,-6.49341212418248,5.));
#4203=CARTESIAN_POINT('Ctrl Pts',(0.60293356924835,-6.47313465085531,0.));
#4204=CARTESIAN_POINT('Ctrl Pts',(0.60293356924835,-6.47313465085531,5.));
#4205=CARTESIAN_POINT('Ctrl Pts',(0.612114103596272,-6.45284113240692,0.));
#4206=CARTESIAN_POINT('Ctrl Pts',(0.612114103596272,-6.45284113240692,5.));
#4207=CARTESIAN_POINT('Ctrl Pts',(0.621131715331238,-6.43253231266763,0.));
#4208=CARTESIAN_POINT('Ctrl Pts',(0.621131715331238,-6.43253231266763,5.));
#4209=CARTESIAN_POINT('Ctrl Pts',(0.629984956762122,-6.41220894672401,0.));
#4210=CARTESIAN_POINT('Ctrl Pts',(0.629984956762122,-6.41220894672401,5.));
#4211=CARTESIAN_POINT('Ctrl Pts',(0.638672431603213,-6.39187179522475,0.));
#4212=CARTESIAN_POINT('Ctrl Pts',(0.638672431603213,-6.39187179522475,5.));
#4213=CARTESIAN_POINT('Ctrl Pts',(0.647192865028191,-6.37152161922486,0.));
#4214=CARTESIAN_POINT('Ctrl Pts',(0.647192865028191,-6.37152161922486,5.));
#4215=CARTESIAN_POINT('Ctrl Pts',(0.655545224349948,-6.35115917243481,0.));
#4216=CARTESIAN_POINT('Ctrl Pts',(0.655545224349948,-6.35115917243481,5.));
#4217=CARTESIAN_POINT('Ctrl Pts',(0.663728615861257,-6.33078520630017,0.));
#4218=CARTESIAN_POINT('Ctrl Pts',(0.663728615861257,-6.33078520630017,5.));
#4219=CARTESIAN_POINT('Ctrl Pts',(0.671742058817289,-6.31040048232009,0.));
#4220=CARTESIAN_POINT('Ctrl Pts',(0.671742058817289,-6.31040048232009,5.));
#4221=CARTESIAN_POINT('Ctrl Pts',(0.679584280163761,-6.2900057831365,0.));
#4222=CARTESIAN_POINT('Ctrl Pts',(0.679584280163761,-6.2900057831365,5.));
#4223=CARTESIAN_POINT('Ctrl Pts',(0.687253541119407,-6.26960192225705,0.));
#4224=CARTESIAN_POINT('Ctrl Pts',(0.687253541119407,-6.26960192225705,5.));
#4225=CARTESIAN_POINT('Ctrl Pts',(0.694747352412055,-6.24918975941261,0.));
#4226=CARTESIAN_POINT('Ctrl Pts',(0.694747352412055,-6.24918975941261,5.));
#4227=CARTESIAN_POINT('Ctrl Pts',(0.702062692152893,-6.22877019081928,0.));
#4228=CARTESIAN_POINT('Ctrl Pts',(0.702062692152893,-6.22877019081928,5.));
#4229=CARTESIAN_POINT('Ctrl Pts',(0.709196510817024,-6.20834412507508,0.));
#4230=CARTESIAN_POINT('Ctrl Pts',(0.709196510817024,-6.20834412507508,5.));
#4231=CARTESIAN_POINT('Ctrl Pts',(0.716146192598135,-6.18791246143866,0.));
#4232=CARTESIAN_POINT('Ctrl Pts',(0.716146192598135,-6.18791246143866,5.));
#4233=CARTESIAN_POINT('Ctrl Pts',(0.722909942759135,-6.16747607170195,0.));
#4234=CARTESIAN_POINT('Ctrl Pts',(0.722909942759135,-6.16747607170195,5.));
#4235=CARTESIAN_POINT('Ctrl Pts',(0.729487442834606,-6.14703576923518,0.));
#4236=CARTESIAN_POINT('Ctrl Pts',(0.729487442834606,-6.14703576923518,5.));
#4237=CARTESIAN_POINT('Ctrl Pts',(0.735879298687638,-6.12659233646376,0.));
#4238=CARTESIAN_POINT('Ctrl Pts',(0.735879298687638,-6.12659233646376,5.));
#4239=CARTESIAN_POINT('Ctrl Pts',(0.742085821204915,-6.10614658473831,0.));
#4240=CARTESIAN_POINT('Ctrl Pts',(0.742085821204915,-6.10614658473831,5.));
#4241=CARTESIAN_POINT('Ctrl Pts',(0.748105914982599,-6.085699408979,0.));
#4242=CARTESIAN_POINT('Ctrl Pts',(0.748105914982599,-6.085699408979,5.));
#4243=CARTESIAN_POINT('Ctrl Pts',(0.753936136567168,-6.06525183437937,0.));
#4244=CARTESIAN_POINT('Ctrl Pts',(0.753936136567168,-6.06525183437937,5.));
#4245=CARTESIAN_POINT('Ctrl Pts',(0.759569141918688,-6.04480509225936,0.));
#4246=CARTESIAN_POINT('Ctrl Pts',(0.759569141918688,-6.04480509225936,5.));
#4247=CARTESIAN_POINT('Ctrl Pts',(0.764995021955822,-6.02436055840348,0.));
#4248=CARTESIAN_POINT('Ctrl Pts',(0.764995021955822,-6.02436055840348,5.));
#4249=CARTESIAN_POINT('Ctrl Pts',(0.770204072941481,-6.00391962318757,0.));
#4250=CARTESIAN_POINT('Ctrl Pts',(0.770204072941481,-6.00391962318757,5.));
#4251=CARTESIAN_POINT('Ctrl Pts',(0.775189341748853,-5.98348357232752,0.));
#4252=CARTESIAN_POINT('Ctrl Pts',(0.775189341748853,-5.98348357232752,5.));
#4253=CARTESIAN_POINT('Ctrl Pts',(0.779948780572082,-5.96305348668376,0.));
#4254=CARTESIAN_POINT('Ctrl Pts',(0.779948780572082,-5.96305348668376,5.));
#4255=CARTESIAN_POINT('Ctrl Pts',(0.784488808203703,-5.94263007414211,0.));
#4256=CARTESIAN_POINT('Ctrl Pts',(0.784488808203703,-5.94263007414211,5.));
#4257=CARTESIAN_POINT('Ctrl Pts',(0.788820702145177,-5.92221384788795,0.));
#4258=CARTESIAN_POINT('Ctrl Pts',(0.788820702145177,-5.92221384788795,5.));
#4259=CARTESIAN_POINT('Ctrl Pts',(0.792954025865177,-5.90180544812962,0.));
#4260=CARTESIAN_POINT('Ctrl Pts',(0.792954025865177,-5.90180544812962,5.));
#4261=CARTESIAN_POINT('Ctrl Pts',(0.796890541761075,-5.88140594005921,0.));
#4262=CARTESIAN_POINT('Ctrl Pts',(0.796890541761075,-5.88140594005921,5.));
#4263=CARTESIAN_POINT('Ctrl Pts',(0.800618948690396,-5.86101707287446,0.));
#4264=CARTESIAN_POINT('Ctrl Pts',(0.800618948690396,-5.86101707287446,5.));
#4265=CARTESIAN_POINT('Ctrl Pts',(0.804106613625439,-5.84064168190975,0.));
#4266=CARTESIAN_POINT('Ctrl Pts',(0.804106613625439,-5.84064168190975,5.));
#4267=CARTESIAN_POINT('Ctrl Pts',(0.807308884627317,-5.82028325496887,0.));
#4268=CARTESIAN_POINT('Ctrl Pts',(0.807308884627317,-5.82028325496887,5.));
#4269=CARTESIAN_POINT('Ctrl Pts',(0.810183891731669,-5.79994524055244,0.));
#4270=CARTESIAN_POINT('Ctrl Pts',(0.810183891731669,-5.79994524055244,5.));
#4271=CARTESIAN_POINT('Ctrl Pts',(0.812706437630232,-5.77963039369005,0.));
#4272=CARTESIAN_POINT('Ctrl Pts',(0.812706437630232,-5.77963039369005,5.));
#4273=CARTESIAN_POINT('Ctrl Pts',(0.814880253014957,-5.75934021287988,0.));
#4274=CARTESIAN_POINT('Ctrl Pts',(0.814880253014957,-5.75934021287988,5.));
#4275=CARTESIAN_POINT('Ctrl Pts',(0.816756280297278,-5.73907405661382,0.));
#4276=CARTESIAN_POINT('Ctrl Pts',(0.816756280297278,-5.73907405661382,5.));
#4277=CARTESIAN_POINT('Ctrl Pts',(0.818405845176577,-5.71883064239729,0.));
#4278=CARTESIAN_POINT('Ctrl Pts',(0.818405845176577,-5.71883064239729,5.));
#4279=CARTESIAN_POINT('Ctrl Pts',(0.819884338972279,-5.69861004180534,0.));
#4280=CARTESIAN_POINT('Ctrl Pts',(0.819884338972279,-5.69861004180534,5.));
#4281=CARTESIAN_POINT('Ctrl Pts',(0.821197069046022,-5.67841557229104,0.));
#4282=CARTESIAN_POINT('Ctrl Pts',(0.821197069046022,-5.67841557229104,5.));
#4283=CARTESIAN_POINT('Ctrl Pts',(0.822266614146112,-5.65825558536965,0.));
#4284=CARTESIAN_POINT('Ctrl Pts',(0.822266614146112,-5.65825558536965,5.));
#4285=CARTESIAN_POINT('Ctrl Pts',(0.82289284296706,-5.63814570714672,0.));
#4286=CARTESIAN_POINT('Ctrl Pts',(0.82289284296706,-5.63814570714672,5.));
#4287=CARTESIAN_POINT('Ctrl Pts',(0.822807648942147,-5.61810530202398,0.));
#4288=CARTESIAN_POINT('Ctrl Pts',(0.822807648942147,-5.61810530202398,5.));
#4289=CARTESIAN_POINT('Ctrl Pts',(0.821953460546364,-5.60214371102085,0.));
#4290=CARTESIAN_POINT('Ctrl Pts',(0.821953460546364,-5.60214371102085,5.));
#4291=CARTESIAN_POINT('Ctrl Pts',(0.820774876712851,-5.59021886985926,0.));
#4292=CARTESIAN_POINT('Ctrl Pts',(0.820774876712851,-5.59021886985926,5.));
#4293=CARTESIAN_POINT('Ctrl Pts',(0.819737842254423,-5.58229040258206,0.));
#4294=CARTESIAN_POINT('Ctrl Pts',(0.819737842254423,-5.58229040258206,5.));
#4295=CARTESIAN_POINT('Ctrl Pts',(0.81915649643252,-5.57833152568884,0.));
#4296=CARTESIAN_POINT('Ctrl Pts',(0.81915649643252,-5.57833152568884,5.));
#4297=CARTESIAN_POINT('',(0.310347401848979,-6.99311693668607,0.));
#4298=CARTESIAN_POINT('Ctrl Pts',(0.81915649643252,-5.57833152568884,0.));
#4299=CARTESIAN_POINT('Ctrl Pts',(0.819737842254423,-5.58229040258206,0.));
#4300=CARTESIAN_POINT('Ctrl Pts',(0.820774876712851,-5.59021886985926,0.));
#4301=CARTESIAN_POINT('Ctrl Pts',(0.821953460546364,-5.60214371102085,0.));
#4302=CARTESIAN_POINT('Ctrl Pts',(0.822807648942147,-5.61810530202398,0.));
#4303=CARTESIAN_POINT('Ctrl Pts',(0.82289284296706,-5.63814570714672,0.));
#4304=CARTESIAN_POINT('Ctrl Pts',(0.822266614146112,-5.65825558536965,0.));
#4305=CARTESIAN_POINT('Ctrl Pts',(0.821197069046022,-5.67841557229104,0.));
#4306=CARTESIAN_POINT('Ctrl Pts',(0.819884338972279,-5.69861004180534,0.));
#4307=CARTESIAN_POINT('Ctrl Pts',(0.818405845176577,-5.71883064239729,0.));
#4308=CARTESIAN_POINT('Ctrl Pts',(0.816756280297278,-5.73907405661382,0.));
#4309=CARTESIAN_POINT('Ctrl Pts',(0.814880253014957,-5.75934021287988,0.));
#4310=CARTESIAN_POINT('Ctrl Pts',(0.812706437630232,-5.77963039369005,0.));
#4311=CARTESIAN_POINT('Ctrl Pts',(0.810183891731669,-5.79994524055244,0.));
#4312=CARTESIAN_POINT('Ctrl Pts',(0.807308884627317,-5.82028325496887,0.));
#4313=CARTESIAN_POINT('Ctrl Pts',(0.804106613625439,-5.84064168190975,0.));
#4314=CARTESIAN_POINT('Ctrl Pts',(0.800618948690396,-5.86101707287446,0.));
#4315=CARTESIAN_POINT('Ctrl Pts',(0.796890541761075,-5.88140594005921,0.));
#4316=CARTESIAN_POINT('Ctrl Pts',(0.792954025865177,-5.90180544812962,0.));
#4317=CARTESIAN_POINT('Ctrl Pts',(0.788820702145177,-5.92221384788795,0.));
#4318=CARTESIAN_POINT('Ctrl Pts',(0.784488808203703,-5.94263007414211,0.));
#4319=CARTESIAN_POINT('Ctrl Pts',(0.779948780572082,-5.96305348668376,0.));
#4320=CARTESIAN_POINT('Ctrl Pts',(0.775189341748853,-5.98348357232752,0.));
#4321=CARTESIAN_POINT('Ctrl Pts',(0.770204072941481,-6.00391962318757,0.));
#4322=CARTESIAN_POINT('Ctrl Pts',(0.764995021955822,-6.02436055840348,0.));
#4323=CARTESIAN_POINT('Ctrl Pts',(0.759569141918688,-6.04480509225936,0.));
#4324=CARTESIAN_POINT('Ctrl Pts',(0.753936136567168,-6.06525183437937,0.));
#4325=CARTESIAN_POINT('Ctrl Pts',(0.748105914982599,-6.085699408979,0.));
#4326=CARTESIAN_POINT('Ctrl Pts',(0.742085821204915,-6.10614658473831,0.));
#4327=CARTESIAN_POINT('Ctrl Pts',(0.735879298687638,-6.12659233646376,0.));
#4328=CARTESIAN_POINT('Ctrl Pts',(0.729487442834606,-6.14703576923518,0.));
#4329=CARTESIAN_POINT('Ctrl Pts',(0.722909942759135,-6.16747607170195,0.));
#4330=CARTESIAN_POINT('Ctrl Pts',(0.716146192598135,-6.18791246143866,0.));
#4331=CARTESIAN_POINT('Ctrl Pts',(0.709196510817024,-6.20834412507508,0.));
#4332=CARTESIAN_POINT('Ctrl Pts',(0.702062692152893,-6.22877019081928,0.));
#4333=CARTESIAN_POINT('Ctrl Pts',(0.694747352412055,-6.24918975941261,0.));
#4334=CARTESIAN_POINT('Ctrl Pts',(0.687253541119407,-6.26960192225705,0.));
#4335=CARTESIAN_POINT('Ctrl Pts',(0.679584280163761,-6.2900057831365,0.));
#4336=CARTESIAN_POINT('Ctrl Pts',(0.671742058817289,-6.31040048232009,0.));
#4337=CARTESIAN_POINT('Ctrl Pts',(0.663728615861257,-6.33078520630017,0.));
#4338=CARTESIAN_POINT('Ctrl Pts',(0.655545224349948,-6.35115917243481,0.));
#4339=CARTESIAN_POINT('Ctrl Pts',(0.647192865028191,-6.37152161922486,0.));
#4340=CARTESIAN_POINT('Ctrl Pts',(0.638672431603213,-6.39187179522475,0.));
#4341=CARTESIAN_POINT('Ctrl Pts',(0.629984956762122,-6.41220894672401,0.));
#4342=CARTESIAN_POINT('Ctrl Pts',(0.621131715331238,-6.43253231266763,0.));
#4343=CARTESIAN_POINT('Ctrl Pts',(0.612114103596272,-6.45284113240692,0.));
#4344=CARTESIAN_POINT('Ctrl Pts',(0.60293356924835,-6.47313465085531,0.));
#4345=CARTESIAN_POINT('Ctrl Pts',(0.593591527623446,-6.49341212418248,0.));
#4346=CARTESIAN_POINT('Ctrl Pts',(0.584089272060832,-6.51367282688466,0.));
#4347=CARTESIAN_POINT('Ctrl Pts',(0.574427931694609,-6.53391605340814,0.));
#4348=CARTESIAN_POINT('Ctrl Pts',(0.564608525426856,-6.55414110928313,0.));
#4349=CARTESIAN_POINT('Ctrl Pts',(0.554631996591846,-6.57434730432729,0.));
#4350=CARTESIAN_POINT('Ctrl Pts',(0.544499253810595,-6.59453394594868,0.));
#4351=CARTESIAN_POINT('Ctrl Pts',(0.534211216520254,-6.61470033066004,0.));
#4352=CARTESIAN_POINT('Ctrl Pts',(0.523768839268971,-6.63484574263792,0.));
#4353=CARTESIAN_POINT('Ctrl Pts',(0.513173083276487,-6.65496946794747,0.));
#4354=CARTESIAN_POINT('Ctrl Pts',(0.502424899195247,-6.67507080638353,0.));
#4355=CARTESIAN_POINT('Ctrl Pts',(0.491525207721729,-6.6951490830299,0.));
#4356=CARTESIAN_POINT('Ctrl Pts',(0.480474879357797,-6.71520366346005,0.));
#4357=CARTESIAN_POINT('Ctrl Pts',(0.46927472462155,-6.73523395716086,0.));
#4358=CARTESIAN_POINT('Ctrl Pts',(0.45792551623705,-6.75523938559687,0.));
#4359=CARTESIAN_POINT('Ctrl Pts',(0.446428007088989,-6.77521935566245,0.));
#4360=CARTESIAN_POINT('Ctrl Pts',(0.434782949656782,-6.79517323329033,0.));
#4361=CARTESIAN_POINT('Ctrl Pts',(0.422991118845141,-6.81510031215831,0.));
#4362=CARTESIAN_POINT('Ctrl Pts',(0.411053325626465,-6.834999799595,0.));
#4363=CARTESIAN_POINT('Ctrl Pts',(0.398970383755374,-6.8548708826084,0.));
#4364=CARTESIAN_POINT('Ctrl Pts',(0.38674308374163,-6.87471278366857,0.));
#4365=CARTESIAN_POINT('Ctrl Pts',(0.374372165228841,-6.89452481934089,0.));
#4366=CARTESIAN_POINT('Ctrl Pts',(0.361858290589759,-6.91430646122988,0.));
#4367=CARTESIAN_POINT('Ctrl Pts',(0.349202020343611,-6.93405738710469,0.));
#4368=CARTESIAN_POINT('Ctrl Pts',(0.336403804942236,-6.95377742756404,0.));
#4369=CARTESIAN_POINT('Ctrl Pts',(0.326051941655986,-6.96952870286459,0.));
#4370=CARTESIAN_POINT('Ctrl Pts',(0.31822441011759,-6.98132823355252,0.));
#4371=CARTESIAN_POINT('Ctrl Pts',(0.312977783341402,-6.98918840017086,0.));
#4372=CARTESIAN_POINT('Ctrl Pts',(0.310347401848984,-6.99311693668607,0.));
#4373=CARTESIAN_POINT('',(0.310347401848979,-6.99311693668607,5.));
#4374=CARTESIAN_POINT('Ctrl Pts',(0.310347401848984,-6.99311693668607,5.));
#4375=CARTESIAN_POINT('Ctrl Pts',(0.312977783341402,-6.98918840017086,5.));
#4376=CARTESIAN_POINT('Ctrl Pts',(0.31822441011759,-6.98132823355252,5.));
#4377=CARTESIAN_POINT('Ctrl Pts',(0.326051941655986,-6.96952870286459,5.));
#4378=CARTESIAN_POINT('Ctrl Pts',(0.336403804942236,-6.95377742756404,5.));
#4379=CARTESIAN_POINT('Ctrl Pts',(0.349202020343611,-6.93405738710469,5.));
#4380=CARTESIAN_POINT('Ctrl Pts',(0.361858290589759,-6.91430646122988,5.));
#4381=CARTESIAN_POINT('Ctrl Pts',(0.374372165228841,-6.89452481934089,5.));
#4382=CARTESIAN_POINT('Ctrl Pts',(0.38674308374163,-6.87471278366857,5.));
#4383=CARTESIAN_POINT('Ctrl Pts',(0.398970383755374,-6.8548708826084,5.));
#4384=CARTESIAN_POINT('Ctrl Pts',(0.411053325626465,-6.834999799595,5.));
#4385=CARTESIAN_POINT('Ctrl Pts',(0.422991118845141,-6.81510031215831,5.));
#4386=CARTESIAN_POINT('Ctrl Pts',(0.434782949656782,-6.79517323329033,5.));
#4387=CARTESIAN_POINT('Ctrl Pts',(0.446428007088989,-6.77521935566245,5.));
#4388=CARTESIAN_POINT('Ctrl Pts',(0.45792551623705,-6.75523938559687,5.));
#4389=CARTESIAN_POINT('Ctrl Pts',(0.46927472462155,-6.73523395716086,5.));
#4390=CARTESIAN_POINT('Ctrl Pts',(0.480474879357797,-6.71520366346005,5.));
#4391=CARTESIAN_POINT('Ctrl Pts',(0.491525207721729,-6.6951490830299,5.));
#4392=CARTESIAN_POINT('Ctrl Pts',(0.502424899195247,-6.67507080638353,5.));
#4393=CARTESIAN_POINT('Ctrl Pts',(0.513173083276487,-6.65496946794747,5.));
#4394=CARTESIAN_POINT('Ctrl Pts',(0.523768839268971,-6.63484574263792,5.));
#4395=CARTESIAN_POINT('Ctrl Pts',(0.534211216520254,-6.61470033066004,5.));
#4396=CARTESIAN_POINT('Ctrl Pts',(0.544499253810595,-6.59453394594868,5.));
#4397=CARTESIAN_POINT('Ctrl Pts',(0.554631996591846,-6.57434730432729,5.));
#4398=CARTESIAN_POINT('Ctrl Pts',(0.564608525426856,-6.55414110928313,5.));
#4399=CARTESIAN_POINT('Ctrl Pts',(0.574427931694609,-6.53391605340814,5.));
#4400=CARTESIAN_POINT('Ctrl Pts',(0.584089272060832,-6.51367282688466,5.));
#4401=CARTESIAN_POINT('Ctrl Pts',(0.593591527623446,-6.49341212418248,5.));
#4402=CARTESIAN_POINT('Ctrl Pts',(0.60293356924835,-6.47313465085531,5.));
#4403=CARTESIAN_POINT('Ctrl Pts',(0.612114103596272,-6.45284113240692,5.));
#4404=CARTESIAN_POINT('Ctrl Pts',(0.621131715331238,-6.43253231266763,5.));
#4405=CARTESIAN_POINT('Ctrl Pts',(0.629984956762122,-6.41220894672401,5.));
#4406=CARTESIAN_POINT('Ctrl Pts',(0.638672431603213,-6.39187179522475,5.));
#4407=CARTESIAN_POINT('Ctrl Pts',(0.647192865028191,-6.37152161922486,5.));
#4408=CARTESIAN_POINT('Ctrl Pts',(0.655545224349948,-6.35115917243481,5.));
#4409=CARTESIAN_POINT('Ctrl Pts',(0.663728615861257,-6.33078520630017,5.));
#4410=CARTESIAN_POINT('Ctrl Pts',(0.671742058817289,-6.31040048232009,5.));
#4411=CARTESIAN_POINT('Ctrl Pts',(0.679584280163761,-6.2900057831365,5.));
#4412=CARTESIAN_POINT('Ctrl Pts',(0.687253541119407,-6.26960192225705,5.));
#4413=CARTESIAN_POINT('Ctrl Pts',(0.694747352412055,-6.24918975941261,5.));
#4414=CARTESIAN_POINT('Ctrl Pts',(0.702062692152893,-6.22877019081928,5.));
#4415=CARTESIAN_POINT('Ctrl Pts',(0.709196510817024,-6.20834412507508,5.));
#4416=CARTESIAN_POINT('Ctrl Pts',(0.716146192598135,-6.18791246143866,5.));
#4417=CARTESIAN_POINT('Ctrl Pts',(0.722909942759135,-6.16747607170195,5.));
#4418=CARTESIAN_POINT('Ctrl Pts',(0.729487442834606,-6.14703576923518,5.));
#4419=CARTESIAN_POINT('Ctrl Pts',(0.735879298687638,-6.12659233646376,5.));
#4420=CARTESIAN_POINT('Ctrl Pts',(0.742085821204915,-6.10614658473831,5.));
#4421=CARTESIAN_POINT('Ctrl Pts',(0.748105914982599,-6.085699408979,5.));
#4422=CARTESIAN_POINT('Ctrl Pts',(0.753936136567168,-6.06525183437937,5.));
#4423=CARTESIAN_POINT('Ctrl Pts',(0.759569141918688,-6.04480509225936,5.));
#4424=CARTESIAN_POINT('Ctrl Pts',(0.764995021955822,-6.02436055840348,5.));
#4425=CARTESIAN_POINT('Ctrl Pts',(0.770204072941481,-6.00391962318757,5.));
#4426=CARTESIAN_POINT('Ctrl Pts',(0.775189341748853,-5.98348357232752,5.));
#4427=CARTESIAN_POINT('Ctrl Pts',(0.779948780572082,-5.96305348668376,5.));
#4428=CARTESIAN_POINT('Ctrl Pts',(0.784488808203703,-5.94263007414211,5.));
#4429=CARTESIAN_POINT('Ctrl Pts',(0.788820702145177,-5.92221384788795,5.));
#4430=CARTESIAN_POINT('Ctrl Pts',(0.792954025865177,-5.90180544812962,5.));
#4431=CARTESIAN_POINT('Ctrl Pts',(0.796890541761075,-5.88140594005921,5.));
#4432=CARTESIAN_POINT('Ctrl Pts',(0.800618948690396,-5.86101707287446,5.));
#4433=CARTESIAN_POINT('Ctrl Pts',(0.804106613625439,-5.84064168190975,5.));
#4434=CARTESIAN_POINT('Ctrl Pts',(0.807308884627317,-5.82028325496887,5.));
#4435=CARTESIAN_POINT('Ctrl Pts',(0.810183891731669,-5.79994524055244,5.));
#4436=CARTESIAN_POINT('Ctrl Pts',(0.812706437630232,-5.77963039369005,5.));
#4437=CARTESIAN_POINT('Ctrl Pts',(0.814880253014957,-5.75934021287988,5.));
#4438=CARTESIAN_POINT('Ctrl Pts',(0.816756280297278,-5.73907405661382,5.));
#4439=CARTESIAN_POINT('Ctrl Pts',(0.818405845176577,-5.71883064239729,5.));
#4440=CARTESIAN_POINT('Ctrl Pts',(0.819884338972279,-5.69861004180534,5.));
#4441=CARTESIAN_POINT('Ctrl Pts',(0.821197069046022,-5.67841557229104,5.));
#4442=CARTESIAN_POINT('Ctrl Pts',(0.822266614146112,-5.65825558536965,5.));
#4443=CARTESIAN_POINT('Ctrl Pts',(0.82289284296706,-5.63814570714672,5.));
#4444=CARTESIAN_POINT('Ctrl Pts',(0.822807648942147,-5.61810530202398,5.));
#4445=CARTESIAN_POINT('Ctrl Pts',(0.821953460546364,-5.60214371102085,5.));
#4446=CARTESIAN_POINT('Ctrl Pts',(0.820774876712851,-5.59021886985926,5.));
#4447=CARTESIAN_POINT('Ctrl Pts',(0.819737842254423,-5.58229040258206,5.));
#4448=CARTESIAN_POINT('Ctrl Pts',(0.81915649643252,-5.57833152568884,5.));
#4449=CARTESIAN_POINT('',(0.310347401848979,-6.99311693668607,0.));
#4450=CARTESIAN_POINT('Origin',(-2.52435489670724E-28,-8.91509088774001E-13,
0.));
#4451=CARTESIAN_POINT('',(-0.310347401848987,-6.99311693668607,0.));
#4452=CARTESIAN_POINT('Origin',(-2.52435489670724E-28,-8.91509088774001E-13,
0.));
#4453=CARTESIAN_POINT('',(-0.310347401848987,-6.99311693668607,5.));
#4454=CARTESIAN_POINT('Origin',(-2.52435489670724E-28,-8.91509088774001E-13,
5.));
#4455=CARTESIAN_POINT('',(-0.310347401848987,-6.99311693668607,0.));
#4456=CARTESIAN_POINT('Ctrl Pts',(-0.819156496432522,-5.57833152568884,
0.));
#4457=CARTESIAN_POINT('Ctrl Pts',(-0.819156496432522,-5.57833152568884,
5.));
#4458=CARTESIAN_POINT('Ctrl Pts',(-0.819737842254426,-5.58229040258206,
0.));
#4459=CARTESIAN_POINT('Ctrl Pts',(-0.819737842254426,-5.58229040258206,
5.));
#4460=CARTESIAN_POINT('Ctrl Pts',(-0.820774876712853,-5.59021886985926,
0.));
#4461=CARTESIAN_POINT('Ctrl Pts',(-0.820774876712853,-5.59021886985926,
5.));
#4462=CARTESIAN_POINT('Ctrl Pts',(-0.821953460546367,-5.60214371102085,
0.));
#4463=CARTESIAN_POINT('Ctrl Pts',(-0.821953460546367,-5.60214371102085,
5.));
#4464=CARTESIAN_POINT('Ctrl Pts',(-0.822807648942149,-5.61810530202398,
0.));
#4465=CARTESIAN_POINT('Ctrl Pts',(-0.822807648942149,-5.61810530202398,
5.));
#4466=CARTESIAN_POINT('Ctrl Pts',(-0.822892842967063,-5.63814570714672,
0.));
#4467=CARTESIAN_POINT('Ctrl Pts',(-0.822892842967063,-5.63814570714672,
5.));
#4468=CARTESIAN_POINT('Ctrl Pts',(-0.822266614146115,-5.65825558536965,
0.));
#4469=CARTESIAN_POINT('Ctrl Pts',(-0.822266614146115,-5.65825558536965,
5.));
#4470=CARTESIAN_POINT('Ctrl Pts',(-0.821197069046024,-5.67841557229104,
0.));
#4471=CARTESIAN_POINT('Ctrl Pts',(-0.821197069046024,-5.67841557229104,
5.));
#4472=CARTESIAN_POINT('Ctrl Pts',(-0.819884338972281,-5.69861004180534,
0.));
#4473=CARTESIAN_POINT('Ctrl Pts',(-0.819884338972281,-5.69861004180534,
5.));
#4474=CARTESIAN_POINT('Ctrl Pts',(-0.818405845176579,-5.71883064239729,
0.));
#4475=CARTESIAN_POINT('Ctrl Pts',(-0.818405845176579,-5.71883064239729,
5.));
#4476=CARTESIAN_POINT('Ctrl Pts',(-0.81675628029728,-5.73907405661381,0.));
#4477=CARTESIAN_POINT('Ctrl Pts',(-0.81675628029728,-5.73907405661381,5.));
#4478=CARTESIAN_POINT('Ctrl Pts',(-0.81488025301496,-5.75934021287988,0.));
#4479=CARTESIAN_POINT('Ctrl Pts',(-0.81488025301496,-5.75934021287988,5.));
#4480=CARTESIAN_POINT('Ctrl Pts',(-0.812706437630234,-5.77963039369005,
0.));
#4481=CARTESIAN_POINT('Ctrl Pts',(-0.812706437630234,-5.77963039369005,
5.));
#4482=CARTESIAN_POINT('Ctrl Pts',(-0.810183891731672,-5.79994524055244,
0.));
#4483=CARTESIAN_POINT('Ctrl Pts',(-0.810183891731672,-5.79994524055244,
5.));
#4484=CARTESIAN_POINT('Ctrl Pts',(-0.807308884627319,-5.82028325496887,
0.));
#4485=CARTESIAN_POINT('Ctrl Pts',(-0.807308884627319,-5.82028325496887,
5.));
#4486=CARTESIAN_POINT('Ctrl Pts',(-0.804106613625442,-5.84064168190975,
0.));
#4487=CARTESIAN_POINT('Ctrl Pts',(-0.804106613625442,-5.84064168190975,
5.));
#4488=CARTESIAN_POINT('Ctrl Pts',(-0.800618948690398,-5.86101707287446,
0.));
#4489=CARTESIAN_POINT('Ctrl Pts',(-0.800618948690398,-5.86101707287446,
5.));
#4490=CARTESIAN_POINT('Ctrl Pts',(-0.796890541761078,-5.88140594005921,
0.));
#4491=CARTESIAN_POINT('Ctrl Pts',(-0.796890541761078,-5.88140594005921,
5.));
#4492=CARTESIAN_POINT('Ctrl Pts',(-0.792954025865179,-5.90180544812962,
0.));
#4493=CARTESIAN_POINT('Ctrl Pts',(-0.792954025865179,-5.90180544812962,
5.));
#4494=CARTESIAN_POINT('Ctrl Pts',(-0.78882070214518,-5.92221384788795,0.));
#4495=CARTESIAN_POINT('Ctrl Pts',(-0.78882070214518,-5.92221384788795,5.));
#4496=CARTESIAN_POINT('Ctrl Pts',(-0.784488808203705,-5.94263007414211,
0.));
#4497=CARTESIAN_POINT('Ctrl Pts',(-0.784488808203705,-5.94263007414211,
5.));
#4498=CARTESIAN_POINT('Ctrl Pts',(-0.779948780572084,-5.96305348668376,
0.));
#4499=CARTESIAN_POINT('Ctrl Pts',(-0.779948780572084,-5.96305348668376,
5.));
#4500=CARTESIAN_POINT('Ctrl Pts',(-0.775189341748855,-5.98348357232752,
0.));
#4501=CARTESIAN_POINT('Ctrl Pts',(-0.775189341748855,-5.98348357232752,
5.));
#4502=CARTESIAN_POINT('Ctrl Pts',(-0.770204072941483,-6.00391962318757,
0.));
#4503=CARTESIAN_POINT('Ctrl Pts',(-0.770204072941483,-6.00391962318757,
5.));
#4504=CARTESIAN_POINT('Ctrl Pts',(-0.764995021955825,-6.02436055840348,
0.));
#4505=CARTESIAN_POINT('Ctrl Pts',(-0.764995021955825,-6.02436055840348,
5.));
#4506=CARTESIAN_POINT('Ctrl Pts',(-0.759569141918691,-6.04480509225936,
0.));
#4507=CARTESIAN_POINT('Ctrl Pts',(-0.759569141918691,-6.04480509225936,
5.));
#4508=CARTESIAN_POINT('Ctrl Pts',(-0.75393613656717,-6.06525183437937,0.));
#4509=CARTESIAN_POINT('Ctrl Pts',(-0.75393613656717,-6.06525183437937,5.));
#4510=CARTESIAN_POINT('Ctrl Pts',(-0.748105914982601,-6.085699408979,0.));
#4511=CARTESIAN_POINT('Ctrl Pts',(-0.748105914982601,-6.085699408979,5.));
#4512=CARTESIAN_POINT('Ctrl Pts',(-0.742085821204917,-6.10614658473831,
0.));
#4513=CARTESIAN_POINT('Ctrl Pts',(-0.742085821204917,-6.10614658473831,
5.));
#4514=CARTESIAN_POINT('Ctrl Pts',(-0.735879298687641,-6.12659233646376,
0.));
#4515=CARTESIAN_POINT('Ctrl Pts',(-0.735879298687641,-6.12659233646376,
5.));
#4516=CARTESIAN_POINT('Ctrl Pts',(-0.729487442834608,-6.14703576923518,
0.));
#4517=CARTESIAN_POINT('Ctrl Pts',(-0.729487442834608,-6.14703576923518,
5.));
#4518=CARTESIAN_POINT('Ctrl Pts',(-0.722909942759137,-6.16747607170195,
0.));
#4519=CARTESIAN_POINT('Ctrl Pts',(-0.722909942759137,-6.16747607170195,
5.));
#4520=CARTESIAN_POINT('Ctrl Pts',(-0.716146192598138,-6.18791246143866,
0.));
#4521=CARTESIAN_POINT('Ctrl Pts',(-0.716146192598138,-6.18791246143866,
5.));
#4522=CARTESIAN_POINT('Ctrl Pts',(-0.709196510817027,-6.20834412507508,
0.));
#4523=CARTESIAN_POINT('Ctrl Pts',(-0.709196510817027,-6.20834412507508,
5.));
#4524=CARTESIAN_POINT('Ctrl Pts',(-0.702062692152896,-6.22877019081928,
0.));
#4525=CARTESIAN_POINT('Ctrl Pts',(-0.702062692152896,-6.22877019081928,
5.));
#4526=CARTESIAN_POINT('Ctrl Pts',(-0.694747352412057,-6.24918975941261,
0.));
#4527=CARTESIAN_POINT('Ctrl Pts',(-0.694747352412057,-6.24918975941261,
5.));
#4528=CARTESIAN_POINT('Ctrl Pts',(-0.68725354111941,-6.26960192225705,0.));
#4529=CARTESIAN_POINT('Ctrl Pts',(-0.68725354111941,-6.26960192225705,5.));
#4530=CARTESIAN_POINT('Ctrl Pts',(-0.679584280163764,-6.2900057831365,0.));
#4531=CARTESIAN_POINT('Ctrl Pts',(-0.679584280163764,-6.2900057831365,5.));
#4532=CARTESIAN_POINT('Ctrl Pts',(-0.671742058817292,-6.31040048232009,
0.));
#4533=CARTESIAN_POINT('Ctrl Pts',(-0.671742058817292,-6.31040048232009,
5.));
#4534=CARTESIAN_POINT('Ctrl Pts',(-0.663728615861259,-6.33078520630017,
0.));
#4535=CARTESIAN_POINT('Ctrl Pts',(-0.663728615861259,-6.33078520630017,
5.));
#4536=CARTESIAN_POINT('Ctrl Pts',(-0.65554522434995,-6.35115917243481,0.));
#4537=CARTESIAN_POINT('Ctrl Pts',(-0.65554522434995,-6.35115917243481,5.));
#4538=CARTESIAN_POINT('Ctrl Pts',(-0.647192865028193,-6.37152161922486,
0.));
#4539=CARTESIAN_POINT('Ctrl Pts',(-0.647192865028193,-6.37152161922486,
5.));
#4540=CARTESIAN_POINT('Ctrl Pts',(-0.638672431603217,-6.39187179522475,
0.));
#4541=CARTESIAN_POINT('Ctrl Pts',(-0.638672431603217,-6.39187179522475,
5.));
#4542=CARTESIAN_POINT('Ctrl Pts',(-0.629984956762125,-6.41220894672401,
0.));
#4543=CARTESIAN_POINT('Ctrl Pts',(-0.629984956762125,-6.41220894672401,
5.));
#4544=CARTESIAN_POINT('Ctrl Pts',(-0.621131715331241,-6.43253231266763,
0.));
#4545=CARTESIAN_POINT('Ctrl Pts',(-0.621131715331241,-6.43253231266763,
5.));
#4546=CARTESIAN_POINT('Ctrl Pts',(-0.612114103596274,-6.45284113240692,
0.));
#4547=CARTESIAN_POINT('Ctrl Pts',(-0.612114103596274,-6.45284113240692,
5.));
#4548=CARTESIAN_POINT('Ctrl Pts',(-0.602933569248352,-6.47313465085531,
0.));
#4549=CARTESIAN_POINT('Ctrl Pts',(-0.602933569248352,-6.47313465085531,
5.));
#4550=CARTESIAN_POINT('Ctrl Pts',(-0.593591527623449,-6.49341212418248,
0.));
#4551=CARTESIAN_POINT('Ctrl Pts',(-0.593591527623449,-6.49341212418248,
5.));
#4552=CARTESIAN_POINT('Ctrl Pts',(-0.584089272060834,-6.51367282688466,
0.));
#4553=CARTESIAN_POINT('Ctrl Pts',(-0.584089272060834,-6.51367282688466,
5.));
#4554=CARTESIAN_POINT('Ctrl Pts',(-0.574427931694611,-6.53391605340814,
0.));
#4555=CARTESIAN_POINT('Ctrl Pts',(-0.574427931694611,-6.53391605340814,
5.));
#4556=CARTESIAN_POINT('Ctrl Pts',(-0.564608525426858,-6.55414110928313,
0.));
#4557=CARTESIAN_POINT('Ctrl Pts',(-0.564608525426858,-6.55414110928313,
5.));
#4558=CARTESIAN_POINT('Ctrl Pts',(-0.554631996591849,-6.57434730432729,
0.));
#4559=CARTESIAN_POINT('Ctrl Pts',(-0.554631996591849,-6.57434730432729,
5.));
#4560=CARTESIAN_POINT('Ctrl Pts',(-0.544499253810597,-6.59453394594868,
0.));
#4561=CARTESIAN_POINT('Ctrl Pts',(-0.544499253810597,-6.59453394594868,
5.));
#4562=CARTESIAN_POINT('Ctrl Pts',(-0.534211216520257,-6.61470033066004,
0.));
#4563=CARTESIAN_POINT('Ctrl Pts',(-0.534211216520257,-6.61470033066004,
5.));
#4564=CARTESIAN_POINT('Ctrl Pts',(-0.523768839268974,-6.63484574263792,
0.));
#4565=CARTESIAN_POINT('Ctrl Pts',(-0.523768839268974,-6.63484574263792,
5.));
#4566=CARTESIAN_POINT('Ctrl Pts',(-0.513173083276489,-6.65496946794747,
0.));
#4567=CARTESIAN_POINT('Ctrl Pts',(-0.513173083276489,-6.65496946794747,
5.));
#4568=CARTESIAN_POINT('Ctrl Pts',(-0.502424899195249,-6.67507080638353,
0.));
#4569=CARTESIAN_POINT('Ctrl Pts',(-0.502424899195249,-6.67507080638353,
5.));
#4570=CARTESIAN_POINT('Ctrl Pts',(-0.491525207721731,-6.6951490830299,0.));
#4571=CARTESIAN_POINT('Ctrl Pts',(-0.491525207721731,-6.6951490830299,5.));
#4572=CARTESIAN_POINT('Ctrl Pts',(-0.480474879357801,-6.71520366346005,
0.));
#4573=CARTESIAN_POINT('Ctrl Pts',(-0.480474879357801,-6.71520366346005,
5.));
#4574=CARTESIAN_POINT('Ctrl Pts',(-0.469274724621552,-6.73523395716086,
0.));
#4575=CARTESIAN_POINT('Ctrl Pts',(-0.469274724621552,-6.73523395716086,
5.));
#4576=CARTESIAN_POINT('Ctrl Pts',(-0.457925516237054,-6.75523938559687,
0.));
#4577=CARTESIAN_POINT('Ctrl Pts',(-0.457925516237054,-6.75523938559687,
5.));
#4578=CARTESIAN_POINT('Ctrl Pts',(-0.446428007088992,-6.77521935566245,
0.));
#4579=CARTESIAN_POINT('Ctrl Pts',(-0.446428007088992,-6.77521935566245,
5.));
#4580=CARTESIAN_POINT('Ctrl Pts',(-0.434782949656784,-6.79517323329033,
0.));
#4581=CARTESIAN_POINT('Ctrl Pts',(-0.434782949656784,-6.79517323329033,
5.));
#4582=CARTESIAN_POINT('Ctrl Pts',(-0.422991118845144,-6.81510031215831,
0.));
#4583=CARTESIAN_POINT('Ctrl Pts',(-0.422991118845144,-6.81510031215831,
5.));
#4584=CARTESIAN_POINT('Ctrl Pts',(-0.411053325626468,-6.834999799595,0.));
#4585=CARTESIAN_POINT('Ctrl Pts',(-0.411053325626468,-6.834999799595,5.));
#4586=CARTESIAN_POINT('Ctrl Pts',(-0.398970383755377,-6.8548708826084,0.));
#4587=CARTESIAN_POINT('Ctrl Pts',(-0.398970383755377,-6.8548708826084,5.));
#4588=CARTESIAN_POINT('Ctrl Pts',(-0.386743083741633,-6.87471278366857,
0.));
#4589=CARTESIAN_POINT('Ctrl Pts',(-0.386743083741633,-6.87471278366857,
5.));
#4590=CARTESIAN_POINT('Ctrl Pts',(-0.374372165228845,-6.89452481934089,
0.));
#4591=CARTESIAN_POINT('Ctrl Pts',(-0.374372165228845,-6.89452481934089,
5.));
#4592=CARTESIAN_POINT('Ctrl Pts',(-0.361858290589762,-6.91430646122988,
0.));
#4593=CARTESIAN_POINT('Ctrl Pts',(-0.361858290589762,-6.91430646122988,
5.));
#4594=CARTESIAN_POINT('Ctrl Pts',(-0.349202020343614,-6.93405738710469,
0.));
#4595=CARTESIAN_POINT('Ctrl Pts',(-0.349202020343614,-6.93405738710469,
5.));
#4596=CARTESIAN_POINT('Ctrl Pts',(-0.336403804942239,-6.95377742756404,
0.));
#4597=CARTESIAN_POINT('Ctrl Pts',(-0.336403804942239,-6.95377742756404,
5.));
#4598=CARTESIAN_POINT('Ctrl Pts',(-0.326051941655989,-6.96952870286459,
0.));
#4599=CARTESIAN_POINT('Ctrl Pts',(-0.326051941655989,-6.96952870286459,
5.));
#4600=CARTESIAN_POINT('Ctrl Pts',(-0.318224410117592,-6.98132823355252,
0.));
#4601=CARTESIAN_POINT('Ctrl Pts',(-0.318224410117592,-6.98132823355252,
5.));
#4602=CARTESIAN_POINT('Ctrl Pts',(-0.312977783341405,-6.98918840017086,
0.));
#4603=CARTESIAN_POINT('Ctrl Pts',(-0.312977783341405,-6.98918840017086,
5.));
#4604=CARTESIAN_POINT('Ctrl Pts',(-0.310347401848987,-6.99311693668607,
0.));
#4605=CARTESIAN_POINT('Ctrl Pts',(-0.310347401848987,-6.99311693668607,
5.));
#4606=CARTESIAN_POINT('Ctrl Pts',(-0.819156496432522,-5.57833152568884,
0.));
#4607=CARTESIAN_POINT('Ctrl Pts',(-0.819737842254426,-5.58229040258206,
0.));
#4608=CARTESIAN_POINT('Ctrl Pts',(-0.820774876712853,-5.59021886985926,
0.));
#4609=CARTESIAN_POINT('Ctrl Pts',(-0.821953460546367,-5.60214371102085,
0.));
#4610=CARTESIAN_POINT('Ctrl Pts',(-0.822807648942149,-5.61810530202398,
0.));
#4611=CARTESIAN_POINT('Ctrl Pts',(-0.822892842967063,-5.63814570714672,
0.));
#4612=CARTESIAN_POINT('Ctrl Pts',(-0.822266614146115,-5.65825558536965,
0.));
#4613=CARTESIAN_POINT('Ctrl Pts',(-0.821197069046024,-5.67841557229104,
0.));
#4614=CARTESIAN_POINT('Ctrl Pts',(-0.819884338972281,-5.69861004180534,
0.));
#4615=CARTESIAN_POINT('Ctrl Pts',(-0.818405845176579,-5.71883064239729,
0.));
#4616=CARTESIAN_POINT('Ctrl Pts',(-0.81675628029728,-5.73907405661381,0.));
#4617=CARTESIAN_POINT('Ctrl Pts',(-0.81488025301496,-5.75934021287988,0.));
#4618=CARTESIAN_POINT('Ctrl Pts',(-0.812706437630234,-5.77963039369005,
0.));
#4619=CARTESIAN_POINT('Ctrl Pts',(-0.810183891731672,-5.79994524055244,
0.));
#4620=CARTESIAN_POINT('Ctrl Pts',(-0.807308884627319,-5.82028325496887,
0.));
#4621=CARTESIAN_POINT('Ctrl Pts',(-0.804106613625442,-5.84064168190975,
0.));
#4622=CARTESIAN_POINT('Ctrl Pts',(-0.800618948690398,-5.86101707287446,
0.));
#4623=CARTESIAN_POINT('Ctrl Pts',(-0.796890541761078,-5.88140594005921,
0.));
#4624=CARTESIAN_POINT('Ctrl Pts',(-0.792954025865179,-5.90180544812962,
0.));
#4625=CARTESIAN_POINT('Ctrl Pts',(-0.78882070214518,-5.92221384788795,0.));
#4626=CARTESIAN_POINT('Ctrl Pts',(-0.784488808203705,-5.94263007414211,
0.));
#4627=CARTESIAN_POINT('Ctrl Pts',(-0.779948780572084,-5.96305348668376,
0.));
#4628=CARTESIAN_POINT('Ctrl Pts',(-0.775189341748855,-5.98348357232752,
0.));
#4629=CARTESIAN_POINT('Ctrl Pts',(-0.770204072941483,-6.00391962318757,
0.));
#4630=CARTESIAN_POINT('Ctrl Pts',(-0.764995021955825,-6.02436055840348,
0.));
#4631=CARTESIAN_POINT('Ctrl Pts',(-0.759569141918691,-6.04480509225936,
0.));
#4632=CARTESIAN_POINT('Ctrl Pts',(-0.75393613656717,-6.06525183437937,0.));
#4633=CARTESIAN_POINT('Ctrl Pts',(-0.748105914982601,-6.085699408979,0.));
#4634=CARTESIAN_POINT('Ctrl Pts',(-0.742085821204917,-6.10614658473831,
0.));
#4635=CARTESIAN_POINT('Ctrl Pts',(-0.735879298687641,-6.12659233646376,
0.));
#4636=CARTESIAN_POINT('Ctrl Pts',(-0.729487442834608,-6.14703576923518,
0.));
#4637=CARTESIAN_POINT('Ctrl Pts',(-0.722909942759137,-6.16747607170195,
0.));
#4638=CARTESIAN_POINT('Ctrl Pts',(-0.716146192598138,-6.18791246143866,
0.));
#4639=CARTESIAN_POINT('Ctrl Pts',(-0.709196510817027,-6.20834412507508,
0.));
#4640=CARTESIAN_POINT('Ctrl Pts',(-0.702062692152896,-6.22877019081928,
0.));
#4641=CARTESIAN_POINT('Ctrl Pts',(-0.694747352412057,-6.24918975941261,
0.));
#4642=CARTESIAN_POINT('Ctrl Pts',(-0.68725354111941,-6.26960192225705,0.));
#4643=CARTESIAN_POINT('Ctrl Pts',(-0.679584280163764,-6.2900057831365,0.));
#4644=CARTESIAN_POINT('Ctrl Pts',(-0.671742058817292,-6.31040048232009,
0.));
#4645=CARTESIAN_POINT('Ctrl Pts',(-0.663728615861259,-6.33078520630017,
0.));
#4646=CARTESIAN_POINT('Ctrl Pts',(-0.65554522434995,-6.35115917243481,0.));
#4647=CARTESIAN_POINT('Ctrl Pts',(-0.647192865028193,-6.37152161922486,
0.));
#4648=CARTESIAN_POINT('Ctrl Pts',(-0.638672431603217,-6.39187179522475,
0.));
#4649=CARTESIAN_POINT('Ctrl Pts',(-0.629984956762125,-6.41220894672401,
0.));
#4650=CARTESIAN_POINT('Ctrl Pts',(-0.621131715331241,-6.43253231266763,
0.));
#4651=CARTESIAN_POINT('Ctrl Pts',(-0.612114103596274,-6.45284113240692,
0.));
#4652=CARTESIAN_POINT('Ctrl Pts',(-0.602933569248352,-6.47313465085531,
0.));
#4653=CARTESIAN_POINT('Ctrl Pts',(-0.593591527623449,-6.49341212418248,
0.));
#4654=CARTESIAN_POINT('Ctrl Pts',(-0.584089272060834,-6.51367282688466,
0.));
#4655=CARTESIAN_POINT('Ctrl Pts',(-0.574427931694611,-6.53391605340814,
0.));
#4656=CARTESIAN_POINT('Ctrl Pts',(-0.564608525426858,-6.55414110928313,
0.));
#4657=CARTESIAN_POINT('Ctrl Pts',(-0.554631996591849,-6.57434730432729,
0.));
#4658=CARTESIAN_POINT('Ctrl Pts',(-0.544499253810597,-6.59453394594868,
0.));
#4659=CARTESIAN_POINT('Ctrl Pts',(-0.534211216520257,-6.61470033066004,
0.));
#4660=CARTESIAN_POINT('Ctrl Pts',(-0.523768839268974,-6.63484574263792,
0.));
#4661=CARTESIAN_POINT('Ctrl Pts',(-0.513173083276489,-6.65496946794747,
0.));
#4662=CARTESIAN_POINT('Ctrl Pts',(-0.502424899195249,-6.67507080638353,
0.));
#4663=CARTESIAN_POINT('Ctrl Pts',(-0.491525207721731,-6.6951490830299,0.));
#4664=CARTESIAN_POINT('Ctrl Pts',(-0.480474879357801,-6.71520366346005,
0.));
#4665=CARTESIAN_POINT('Ctrl Pts',(-0.469274724621552,-6.73523395716086,
0.));
#4666=CARTESIAN_POINT('Ctrl Pts',(-0.457925516237054,-6.75523938559687,
0.));
#4667=CARTESIAN_POINT('Ctrl Pts',(-0.446428007088992,-6.77521935566245,
0.));
#4668=CARTESIAN_POINT('Ctrl Pts',(-0.434782949656784,-6.79517323329033,
0.));
#4669=CARTESIAN_POINT('Ctrl Pts',(-0.422991118845144,-6.81510031215831,
0.));
#4670=CARTESIAN_POINT('Ctrl Pts',(-0.411053325626468,-6.834999799595,0.));
#4671=CARTESIAN_POINT('Ctrl Pts',(-0.398970383755377,-6.8548708826084,0.));
#4672=CARTESIAN_POINT('Ctrl Pts',(-0.386743083741633,-6.87471278366857,
0.));
#4673=CARTESIAN_POINT('Ctrl Pts',(-0.374372165228845,-6.89452481934089,
0.));
#4674=CARTESIAN_POINT('Ctrl Pts',(-0.361858290589762,-6.91430646122988,
0.));
#4675=CARTESIAN_POINT('Ctrl Pts',(-0.349202020343614,-6.93405738710469,
0.));
#4676=CARTESIAN_POINT('Ctrl Pts',(-0.336403804942239,-6.95377742756404,
0.));
#4677=CARTESIAN_POINT('Ctrl Pts',(-0.326051941655989,-6.96952870286459,
0.));
#4678=CARTESIAN_POINT('Ctrl Pts',(-0.318224410117592,-6.98132823355252,
0.));
#4679=CARTESIAN_POINT('Ctrl Pts',(-0.312977783341405,-6.98918840017086,
0.));
#4680=CARTESIAN_POINT('Ctrl Pts',(-0.310347401848987,-6.99311693668607,
0.));
#4681=CARTESIAN_POINT('Ctrl Pts',(-0.819156496432522,-5.57833152568884,
5.));
#4682=CARTESIAN_POINT('Ctrl Pts',(-0.819737842254426,-5.58229040258206,
5.));
#4683=CARTESIAN_POINT('Ctrl Pts',(-0.820774876712853,-5.59021886985926,
5.));
#4684=CARTESIAN_POINT('Ctrl Pts',(-0.821953460546367,-5.60214371102085,
5.));
#4685=CARTESIAN_POINT('Ctrl Pts',(-0.822807648942149,-5.61810530202398,
5.));
#4686=CARTESIAN_POINT('Ctrl Pts',(-0.822892842967063,-5.63814570714672,
5.));
#4687=CARTESIAN_POINT('Ctrl Pts',(-0.822266614146115,-5.65825558536965,
5.));
#4688=CARTESIAN_POINT('Ctrl Pts',(-0.821197069046024,-5.67841557229104,
5.));
#4689=CARTESIAN_POINT('Ctrl Pts',(-0.819884338972281,-5.69861004180534,
5.));
#4690=CARTESIAN_POINT('Ctrl Pts',(-0.818405845176579,-5.71883064239729,
5.));
#4691=CARTESIAN_POINT('Ctrl Pts',(-0.81675628029728,-5.73907405661381,5.));
#4692=CARTESIAN_POINT('Ctrl Pts',(-0.81488025301496,-5.75934021287988,5.));
#4693=CARTESIAN_POINT('Ctrl Pts',(-0.812706437630234,-5.77963039369005,
5.));
#4694=CARTESIAN_POINT('Ctrl Pts',(-0.810183891731672,-5.79994524055244,
5.));
#4695=CARTESIAN_POINT('Ctrl Pts',(-0.807308884627319,-5.82028325496887,
5.));
#4696=CARTESIAN_POINT('Ctrl Pts',(-0.804106613625442,-5.84064168190975,
5.));
#4697=CARTESIAN_POINT('Ctrl Pts',(-0.800618948690398,-5.86101707287446,
5.));
#4698=CARTESIAN_POINT('Ctrl Pts',(-0.796890541761078,-5.88140594005921,
5.));
#4699=CARTESIAN_POINT('Ctrl Pts',(-0.792954025865179,-5.90180544812962,
5.));
#4700=CARTESIAN_POINT('Ctrl Pts',(-0.78882070214518,-5.92221384788795,5.));
#4701=CARTESIAN_POINT('Ctrl Pts',(-0.784488808203705,-5.94263007414211,
5.));
#4702=CARTESIAN_POINT('Ctrl Pts',(-0.779948780572084,-5.96305348668376,
5.));
#4703=CARTESIAN_POINT('Ctrl Pts',(-0.775189341748855,-5.98348357232752,
5.));
#4704=CARTESIAN_POINT('Ctrl Pts',(-0.770204072941483,-6.00391962318757,
5.));
#4705=CARTESIAN_POINT('Ctrl Pts',(-0.764995021955825,-6.02436055840348,
5.));
#4706=CARTESIAN_POINT('Ctrl Pts',(-0.759569141918691,-6.04480509225936,
5.));
#4707=CARTESIAN_POINT('Ctrl Pts',(-0.75393613656717,-6.06525183437937,5.));
#4708=CARTESIAN_POINT('Ctrl Pts',(-0.748105914982601,-6.085699408979,5.));
#4709=CARTESIAN_POINT('Ctrl Pts',(-0.742085821204917,-6.10614658473831,
5.));
#4710=CARTESIAN_POINT('Ctrl Pts',(-0.735879298687641,-6.12659233646376,
5.));
#4711=CARTESIAN_POINT('Ctrl Pts',(-0.729487442834608,-6.14703576923518,
5.));
#4712=CARTESIAN_POINT('Ctrl Pts',(-0.722909942759137,-6.16747607170195,
5.));
#4713=CARTESIAN_POINT('Ctrl Pts',(-0.716146192598138,-6.18791246143866,
5.));
#4714=CARTESIAN_POINT('Ctrl Pts',(-0.709196510817027,-6.20834412507508,
5.));
#4715=CARTESIAN_POINT('Ctrl Pts',(-0.702062692152896,-6.22877019081928,
5.));
#4716=CARTESIAN_POINT('Ctrl Pts',(-0.694747352412057,-6.24918975941261,
5.));
#4717=CARTESIAN_POINT('Ctrl Pts',(-0.68725354111941,-6.26960192225705,5.));
#4718=CARTESIAN_POINT('Ctrl Pts',(-0.679584280163764,-6.2900057831365,5.));
#4719=CARTESIAN_POINT('Ctrl Pts',(-0.671742058817292,-6.31040048232009,
5.));
#4720=CARTESIAN_POINT('Ctrl Pts',(-0.663728615861259,-6.33078520630017,
5.));
#4721=CARTESIAN_POINT('Ctrl Pts',(-0.65554522434995,-6.35115917243481,5.));
#4722=CARTESIAN_POINT('Ctrl Pts',(-0.647192865028193,-6.37152161922486,
5.));
#4723=CARTESIAN_POINT('Ctrl Pts',(-0.638672431603217,-6.39187179522475,
5.));
#4724=CARTESIAN_POINT('Ctrl Pts',(-0.629984956762125,-6.41220894672401,
5.));
#4725=CARTESIAN_POINT('Ctrl Pts',(-0.621131715331241,-6.43253231266763,
5.));
#4726=CARTESIAN_POINT('Ctrl Pts',(-0.612114103596274,-6.45284113240692,
5.));
#4727=CARTESIAN_POINT('Ctrl Pts',(-0.602933569248352,-6.47313465085531,
5.));
#4728=CARTESIAN_POINT('Ctrl Pts',(-0.593591527623449,-6.49341212418248,
5.));
#4729=CARTESIAN_POINT('Ctrl Pts',(-0.584089272060834,-6.51367282688466,
5.));
#4730=CARTESIAN_POINT('Ctrl Pts',(-0.574427931694611,-6.53391605340814,
5.));
#4731=CARTESIAN_POINT('Ctrl Pts',(-0.564608525426858,-6.55414110928313,
5.));
#4732=CARTESIAN_POINT('Ctrl Pts',(-0.554631996591849,-6.57434730432729,
5.));
#4733=CARTESIAN_POINT('Ctrl Pts',(-0.544499253810597,-6.59453394594868,
5.));
#4734=CARTESIAN_POINT('Ctrl Pts',(-0.534211216520257,-6.61470033066004,
5.));
#4735=CARTESIAN_POINT('Ctrl Pts',(-0.523768839268974,-6.63484574263792,
5.));
#4736=CARTESIAN_POINT('Ctrl Pts',(-0.513173083276489,-6.65496946794747,
5.));
#4737=CARTESIAN_POINT('Ctrl Pts',(-0.502424899195249,-6.67507080638353,
5.));
#4738=CARTESIAN_POINT('Ctrl Pts',(-0.491525207721731,-6.6951490830299,5.));
#4739=CARTESIAN_POINT('Ctrl Pts',(-0.480474879357801,-6.71520366346005,
5.));
#4740=CARTESIAN_POINT('Ctrl Pts',(-0.469274724621552,-6.73523395716086,
5.));
#4741=CARTESIAN_POINT('Ctrl Pts',(-0.457925516237054,-6.75523938559687,
5.));
#4742=CARTESIAN_POINT('Ctrl Pts',(-0.446428007088992,-6.77521935566245,
5.));
#4743=CARTESIAN_POINT('Ctrl Pts',(-0.434782949656784,-6.79517323329033,
5.));
#4744=CARTESIAN_POINT('Ctrl Pts',(-0.422991118845144,-6.81510031215831,
5.));
#4745=CARTESIAN_POINT('Ctrl Pts',(-0.411053325626468,-6.834999799595,5.));
#4746=CARTESIAN_POINT('Ctrl Pts',(-0.398970383755377,-6.8548708826084,5.));
#4747=CARTESIAN_POINT('Ctrl Pts',(-0.386743083741633,-6.87471278366857,
5.));
#4748=CARTESIAN_POINT('Ctrl Pts',(-0.374372165228845,-6.89452481934089,
5.));
#4749=CARTESIAN_POINT('Ctrl Pts',(-0.361858290589762,-6.91430646122988,
5.));
#4750=CARTESIAN_POINT('Ctrl Pts',(-0.349202020343614,-6.93405738710469,
5.));
#4751=CARTESIAN_POINT('Ctrl Pts',(-0.336403804942239,-6.95377742756404,
5.));
#4752=CARTESIAN_POINT('Ctrl Pts',(-0.326051941655989,-6.96952870286459,
5.));
#4753=CARTESIAN_POINT('Ctrl Pts',(-0.318224410117592,-6.98132823355252,
5.));
#4754=CARTESIAN_POINT('Ctrl Pts',(-0.312977783341405,-6.98918840017086,
5.));
#4755=CARTESIAN_POINT('Ctrl Pts',(-0.310347401848987,-6.99311693668607,
5.));
#4756=CARTESIAN_POINT('Ctrl Pts',(-3.22778973434332,-6.21139061972984,0.));
#4757=CARTESIAN_POINT('Ctrl Pts',(-3.22778973434332,-6.21139061972984,5.));
#4758=CARTESIAN_POINT('Ctrl Pts',(-3.22354748889164,-6.20930359805418,0.));
#4759=CARTESIAN_POINT('Ctrl Pts',(-3.22354748889164,-6.20930359805418,5.));
#4760=CARTESIAN_POINT('Ctrl Pts',(-3.21507369351011,-6.20511980747282,0.));
#4761=CARTESIAN_POINT('Ctrl Pts',(-3.21507369351011,-6.20511980747282,5.));
#4762=CARTESIAN_POINT('Ctrl Pts',(-3.20239508700497,-6.19881487991353,0.));
#4763=CARTESIAN_POINT('Ctrl Pts',(-3.20239508700497,-6.19881487991353,5.));
#4764=CARTESIAN_POINT('Ctrl Pts',(-3.1855544727723,-6.19034980700438,0.));
#4765=CARTESIAN_POINT('Ctrl Pts',(-3.1855544727723,-6.19034980700438,5.));
#4766=CARTESIAN_POINT('Ctrl Pts',(-3.16461087288193,-6.17967085870361,0.));
#4767=CARTESIAN_POINT('Ctrl Pts',(-3.16461087288193,-6.17967085870361,5.));
#4768=CARTESIAN_POINT('Ctrl Pts',(-3.1437747583942,-6.16889419027084,0.));
#4769=CARTESIAN_POINT('Ctrl Pts',(-3.1437747583942,-6.16889419027084,5.));
#4770=CARTESIAN_POINT('Ctrl Pts',(-3.12304660411248,-6.15801972318595,0.));
#4771=CARTESIAN_POINT('Ctrl Pts',(-3.12304660411248,-6.15801972318595,5.));
#4772=CARTESIAN_POINT('Ctrl Pts',(-3.1024270565761,-6.14704745624943,0.));
#4773=CARTESIAN_POINT('Ctrl Pts',(-3.1024270565761,-6.14704745624943,5.));
#4774=CARTESIAN_POINT('Ctrl Pts',(-3.08191695361442,-6.13597751587882,0.));
#4775=CARTESIAN_POINT('Ctrl Pts',(-3.08191695361442,-6.13597751587882,5.));
#4776=CARTESIAN_POINT('Ctrl Pts',(-3.06151727749491,-6.12481012412405,0.));
#4777=CARTESIAN_POINT('Ctrl Pts',(-3.06151727749491,-6.12481012412405,5.));
#4778=CARTESIAN_POINT('Ctrl Pts',(-3.04122910158406,-6.11354555909092,0.));
#4779=CARTESIAN_POINT('Ctrl Pts',(-3.04122910158406,-6.11354555909092,5.));
#4780=CARTESIAN_POINT('Ctrl Pts',(-3.02105353711006,-6.10218411797386,0.));
#4781=CARTESIAN_POINT('Ctrl Pts',(-3.02105353711006,-6.10218411797386,5.));
#4782=CARTESIAN_POINT('Ctrl Pts',(-3.0009916827313,-6.09072608176021,0.));
#4783=CARTESIAN_POINT('Ctrl Pts',(-3.0009916827313,-6.09072608176021,5.));
#4784=CARTESIAN_POINT('Ctrl Pts',(-2.98104456269605,-6.07917167469059,0.));
#4785=CARTESIAN_POINT('Ctrl Pts',(-2.98104456269605,-6.07917167469059,5.));
#4786=CARTESIAN_POINT('Ctrl Pts',(-2.96121314570422,-6.06752106964367,0.));
#4787=CARTESIAN_POINT('Ctrl Pts',(-2.96121314570422,-6.06752106964367,5.));
#4788=CARTESIAN_POINT('Ctrl Pts',(-2.94149838032591,-6.05577440382163,0.));
#4789=CARTESIAN_POINT('Ctrl Pts',(-2.94149838032591,-6.05577440382163,5.));
#4790=CARTESIAN_POINT('Ctrl Pts',(-2.92190122502751,-6.04393179188884,0.));
#4791=CARTESIAN_POINT('Ctrl Pts',(-2.92190122502751,-6.04393179188884,5.));
#4792=CARTESIAN_POINT('Ctrl Pts',(-2.90242267699485,-6.03199333998564,0.));
#4793=CARTESIAN_POINT('Ctrl Pts',(-2.90242267699485,-6.03199333998564,5.));
#4794=CARTESIAN_POINT('Ctrl Pts',(-2.88306380731791,-6.01995916229056,0.));
#4795=CARTESIAN_POINT('Ctrl Pts',(-2.88306380731791,-6.01995916229056,5.));
#4796=CARTESIAN_POINT('Ctrl Pts',(-2.86382575080135,-6.00782938294996,0.));
#4797=CARTESIAN_POINT('Ctrl Pts',(-2.86382575080135,-6.00782938294996,5.));
#4798=CARTESIAN_POINT('Ctrl Pts',(-2.8447096808369,-5.99560413303305,0.));
#4799=CARTESIAN_POINT('Ctrl Pts',(-2.8447096808369,-5.99560413303305,5.));
#4800=CARTESIAN_POINT('Ctrl Pts',(-2.8257167868327,-5.98328355021569,0.));
#4801=CARTESIAN_POINT('Ctrl Pts',(-2.8257167868327,-5.98328355021569,5.));
#4802=CARTESIAN_POINT('Ctrl Pts',(-2.80684825336343,-5.9708677771451,0.));
#4803=CARTESIAN_POINT('Ctrl Pts',(-2.80684825336343,-5.9708677771451,5.));
#4804=CARTESIAN_POINT('Ctrl Pts',(-2.78810522842863,-5.95835696334053,0.));
#4805=CARTESIAN_POINT('Ctrl Pts',(-2.78810522842863,-5.95835696334053,5.));
#4806=CARTESIAN_POINT('Ctrl Pts',(-2.76948884521319,-5.94575125429371,0.));
#4807=CARTESIAN_POINT('Ctrl Pts',(-2.76948884521319,-5.94575125429371,5.));
#4808=CARTESIAN_POINT('Ctrl Pts',(-2.75100026575969,-5.93305077605293,0.));
#4809=CARTESIAN_POINT('Ctrl Pts',(-2.75100026575969,-5.93305077605293,5.));
#4810=CARTESIAN_POINT('Ctrl Pts',(-2.73264071969813,-5.92025562059562,0.));
#4811=CARTESIAN_POINT('Ctrl Pts',(-2.73264071969813,-5.92025562059562,5.));
#4812=CARTESIAN_POINT('Ctrl Pts',(-2.71441153766416,-5.90736583438218,0.));
#4813=CARTESIAN_POINT('Ctrl Pts',(-2.71441153766416,-5.90736583438218,5.));
#4814=CARTESIAN_POINT('Ctrl Pts',(-2.69631420247435,-5.89438139904767,0.));
#4815=CARTESIAN_POINT('Ctrl Pts',(-2.69631420247435,-5.89438139904767,5.));
#4816=CARTESIAN_POINT('Ctrl Pts',(-2.67835031176076,-5.88130225110005,0.));
#4817=CARTESIAN_POINT('Ctrl Pts',(-2.67835031176076,-5.88130225110005,5.));
#4818=CARTESIAN_POINT('Ctrl Pts',(-2.66052149680397,-5.86812832061791,0.));
#4819=CARTESIAN_POINT('Ctrl Pts',(-2.66052149680397,-5.86812832061791,5.));
#4820=CARTESIAN_POINT('Ctrl Pts',(-2.64282934714721,-5.85485956819948,0.));
#4821=CARTESIAN_POINT('Ctrl Pts',(-2.64282934714721,-5.85485956819948,5.));
#4822=CARTESIAN_POINT('Ctrl Pts',(-2.62527534734999,-5.84149601552459,0.));
#4823=CARTESIAN_POINT('Ctrl Pts',(-2.62527534734999,-5.84149601552459,5.));
#4824=CARTESIAN_POINT('Ctrl Pts',(-2.60786076860078,-5.82803779898207,0.));
#4825=CARTESIAN_POINT('Ctrl Pts',(-2.60786076860078,-5.82803779898207,5.));
#4826=CARTESIAN_POINT('Ctrl Pts',(-2.59058676059556,-5.81448512248929,0.));
#4827=CARTESIAN_POINT('Ctrl Pts',(-2.59058676059556,-5.81448512248929,5.));
#4828=CARTESIAN_POINT('Ctrl Pts',(-2.57345455343381,-5.80083815515141,0.));
#4829=CARTESIAN_POINT('Ctrl Pts',(-2.57345455343381,-5.80083815515141,5.));
#4830=CARTESIAN_POINT('Ctrl Pts',(-2.55646564093388,-5.78709693822912,0.));
#4831=CARTESIAN_POINT('Ctrl Pts',(-2.55646564093388,-5.78709693822912,5.));
#4832=CARTESIAN_POINT('Ctrl Pts',(-2.53962193567831,-5.77326130685006,0.));
#4833=CARTESIAN_POINT('Ctrl Pts',(-2.53962193567831,-5.77326130685006,5.));
#4834=CARTESIAN_POINT('Ctrl Pts',(-2.52292602330549,-5.75933076092691,0.));
#4835=CARTESIAN_POINT('Ctrl Pts',(-2.52292602330549,-5.75933076092691,5.));
#4836=CARTESIAN_POINT('Ctrl Pts',(-2.50638096895594,-5.74530456566119,0.));
#4837=CARTESIAN_POINT('Ctrl Pts',(-2.50638096895594,-5.74530456566119,5.));
#4838=CARTESIAN_POINT('Ctrl Pts',(-2.48998986789471,-5.73118198315941,0.));
#4839=CARTESIAN_POINT('Ctrl Pts',(-2.48998986789471,-5.73118198315941,5.));
#4840=CARTESIAN_POINT('Ctrl Pts',(-2.47375543510585,-5.71696248429925,0.));
#4841=CARTESIAN_POINT('Ctrl Pts',(-2.47375543510585,-5.71696248429925,5.));
#4842=CARTESIAN_POINT('Ctrl Pts',(-2.45767966077321,-5.70264592670611,0.));
#4843=CARTESIAN_POINT('Ctrl Pts',(-2.45767966077321,-5.70264592670611,5.));
#4844=CARTESIAN_POINT('Ctrl Pts',(-2.44176322738107,-5.68823285554658,0.));
#4845=CARTESIAN_POINT('Ctrl Pts',(-2.44176322738107,-5.68823285554658,5.));
#4846=CARTESIAN_POINT('Ctrl Pts',(-2.42600600144931,-5.67372425135249,0.));
#4847=CARTESIAN_POINT('Ctrl Pts',(-2.42600600144931,-5.67372425135249,5.));
#4848=CARTESIAN_POINT('Ctrl Pts',(-2.41040811941746,-5.65912097221742,0.));
#4849=CARTESIAN_POINT('Ctrl Pts',(-2.41040811941746,-5.65912097221742,5.));
#4850=CARTESIAN_POINT('Ctrl Pts',(-2.39497097739317,-5.64442324546306,0.));
#4851=CARTESIAN_POINT('Ctrl Pts',(-2.39497097739317,-5.64442324546306,5.));
#4852=CARTESIAN_POINT('Ctrl Pts',(-2.37969807009142,-5.62963023720628,0.));
#4853=CARTESIAN_POINT('Ctrl Pts',(-2.37969807009142,-5.62963023720628,5.));
#4854=CARTESIAN_POINT('Ctrl Pts',(-2.36459637329735,-5.61473934178149,0.));
#4855=CARTESIAN_POINT('Ctrl Pts',(-2.36459637329735,-5.61473934178149,5.));
#4856=CARTESIAN_POINT('Ctrl Pts',(-2.34967515641936,-5.59974679611233,0.));
#4857=CARTESIAN_POINT('Ctrl Pts',(-2.34967515641936,-5.59974679611233,5.));
#4858=CARTESIAN_POINT('Ctrl Pts',(-2.33494351832822,-5.58464895243107,0.));
#4859=CARTESIAN_POINT('Ctrl Pts',(-2.33494351832822,-5.58464895243107,5.));
#4860=CARTESIAN_POINT('Ctrl Pts',(-2.32040812346632,-5.56944344763693,0.));
#4861=CARTESIAN_POINT('Ctrl Pts',(-2.32040812346632,-5.56944344763693,5.));
#4862=CARTESIAN_POINT('Ctrl Pts',(-2.30607128571577,-5.55413019387955,0.));
#4863=CARTESIAN_POINT('Ctrl Pts',(-2.30607128571577,-5.55413019387955,5.));
#4864=CARTESIAN_POINT('Ctrl Pts',(-2.29192780018207,-5.53871301360232,0.));
#4865=CARTESIAN_POINT('Ctrl Pts',(-2.29192780018207,-5.53871301360232,5.));
#4866=CARTESIAN_POINT('Ctrl Pts',(-2.27796815685518,-5.52319798998755,0.));
#4867=CARTESIAN_POINT('Ctrl Pts',(-2.27796815685518,-5.52319798998755,5.));
#4868=CARTESIAN_POINT('Ctrl Pts',(-2.26418439363243,-5.50759045920624,0.));
#4869=CARTESIAN_POINT('Ctrl Pts',(-2.26418439363243,-5.50759045920624,5.));
#4870=CARTESIAN_POINT('Ctrl Pts',(-2.25057551682897,-5.49189222494051,0.));
#4871=CARTESIAN_POINT('Ctrl Pts',(-2.25057551682897,-5.49189222494051,5.));
#4872=CARTESIAN_POINT('Ctrl Pts',(-2.23715218812016,-5.47609915146879,0.));
#4873=CARTESIAN_POINT('Ctrl Pts',(-2.23715218812016,-5.47609915146879,5.));
#4874=CARTESIAN_POINT('Ctrl Pts',(-2.22394408620417,-5.46019737774884,0.));
#4875=CARTESIAN_POINT('Ctrl Pts',(-2.22394408620417,-5.46019737774884,5.));
#4876=CARTESIAN_POINT('Ctrl Pts',(-2.2109916246963,-5.44416759833788,0.));
#4877=CARTESIAN_POINT('Ctrl Pts',(-2.2109916246963,-5.44416759833788,5.));
#4878=CARTESIAN_POINT('Ctrl Pts',(-2.19833278829966,-5.4279918647429,0.));
#4879=CARTESIAN_POINT('Ctrl Pts',(-2.19833278829966,-5.4279918647429,5.));
#4880=CARTESIAN_POINT('Ctrl Pts',(-2.18599077603809,-5.41165996423536,0.));
#4881=CARTESIAN_POINT('Ctrl Pts',(-2.18599077603809,-5.41165996423536,5.));
#4882=CARTESIAN_POINT('Ctrl Pts',(-2.1739631062867,-5.39517505989873,0.));
#4883=CARTESIAN_POINT('Ctrl Pts',(-2.1739631062867,-5.39517505989873,5.));
#4884=CARTESIAN_POINT('Ctrl Pts',(-2.16220534086898,-5.37856206737641,0.));
#4885=CARTESIAN_POINT('Ctrl Pts',(-2.16220534086898,-5.37856206737641,5.));
#4886=CARTESIAN_POINT('Ctrl Pts',(-2.15065506867006,-5.36185553884522,0.));
#4887=CARTESIAN_POINT('Ctrl Pts',(-2.15065506867006,-5.36185553884522,5.));
#4888=CARTESIAN_POINT('Ctrl Pts',(-2.13926435518767,-5.34508323195066,0.));
#4889=CARTESIAN_POINT('Ctrl Pts',(-2.13926435518767,-5.34508323195066,5.));
#4890=CARTESIAN_POINT('Ctrl Pts',(-2.12803026283834,-5.3282506733722,0.));
#4891=CARTESIAN_POINT('Ctrl Pts',(-2.12803026283834,-5.3282506733722,5.));
#4892=CARTESIAN_POINT('Ctrl Pts',(-2.11702401615048,-5.31132638510836,0.));
#4893=CARTESIAN_POINT('Ctrl Pts',(-2.11702401615048,-5.31132638510836,5.));
#4894=CARTESIAN_POINT('Ctrl Pts',(-2.10642674697149,-5.29422383411077,0.));
#4895=CARTESIAN_POINT('Ctrl Pts',(-2.10642674697149,-5.29422383411077,5.));
#4896=CARTESIAN_POINT('Ctrl Pts',(-2.09648032459994,-5.27682573715989,0.));
#4897=CARTESIAN_POINT('Ctrl Pts',(-2.09648032459994,-5.27682573715989,5.));
#4898=CARTESIAN_POINT('Ctrl Pts',(-2.08923927794875,-5.26257549966847,0.));
#4899=CARTESIAN_POINT('Ctrl Pts',(-2.08923927794875,-5.26257549966847,5.));
#4900=CARTESIAN_POINT('Ctrl Pts',(-2.08429754090826,-5.25165899236968,0.));
#4901=CARTESIAN_POINT('Ctrl Pts',(-2.08429754090826,-5.25165899236968,5.));
#4902=CARTESIAN_POINT('Ctrl Pts',(-2.08123140545526,-5.24427422106533,0.));
#4903=CARTESIAN_POINT('Ctrl Pts',(-2.08123140545526,-5.24427422106533,5.));
#4904=CARTESIAN_POINT('Ctrl Pts',(-2.0797554272588,-5.2405550601944,0.));
#4905=CARTESIAN_POINT('Ctrl Pts',(-2.0797554272588,-5.2405550601944,5.));
#4906=CARTESIAN_POINT('',(-3.22778973434332,-6.21139061972984,0.));
#4907=CARTESIAN_POINT('Ctrl Pts',(-2.0797554272588,-5.2405550601944,0.));
#4908=CARTESIAN_POINT('Ctrl Pts',(-2.08123140545526,-5.24427422106533,0.));
#4909=CARTESIAN_POINT('Ctrl Pts',(-2.08429754090826,-5.25165899236968,0.));
#4910=CARTESIAN_POINT('Ctrl Pts',(-2.08923927794875,-5.26257549966847,0.));
#4911=CARTESIAN_POINT('Ctrl Pts',(-2.09648032459994,-5.27682573715989,0.));
#4912=CARTESIAN_POINT('Ctrl Pts',(-2.10642674697149,-5.29422383411077,0.));
#4913=CARTESIAN_POINT('Ctrl Pts',(-2.11702401615048,-5.31132638510836,0.));
#4914=CARTESIAN_POINT('Ctrl Pts',(-2.12803026283834,-5.3282506733722,0.));
#4915=CARTESIAN_POINT('Ctrl Pts',(-2.13926435518767,-5.34508323195066,0.));
#4916=CARTESIAN_POINT('Ctrl Pts',(-2.15065506867006,-5.36185553884522,0.));
#4917=CARTESIAN_POINT('Ctrl Pts',(-2.16220534086898,-5.37856206737641,0.));
#4918=CARTESIAN_POINT('Ctrl Pts',(-2.1739631062867,-5.39517505989873,0.));
#4919=CARTESIAN_POINT('Ctrl Pts',(-2.18599077603809,-5.41165996423536,0.));
#4920=CARTESIAN_POINT('Ctrl Pts',(-2.19833278829966,-5.4279918647429,0.));
#4921=CARTESIAN_POINT('Ctrl Pts',(-2.2109916246963,-5.44416759833788,0.));
#4922=CARTESIAN_POINT('Ctrl Pts',(-2.22394408620417,-5.46019737774884,0.));
#4923=CARTESIAN_POINT('Ctrl Pts',(-2.23715218812016,-5.47609915146879,0.));
#4924=CARTESIAN_POINT('Ctrl Pts',(-2.25057551682897,-5.49189222494051,0.));
#4925=CARTESIAN_POINT('Ctrl Pts',(-2.26418439363243,-5.50759045920624,0.));
#4926=CARTESIAN_POINT('Ctrl Pts',(-2.27796815685518,-5.52319798998755,0.));
#4927=CARTESIAN_POINT('Ctrl Pts',(-2.29192780018207,-5.53871301360232,0.));
#4928=CARTESIAN_POINT('Ctrl Pts',(-2.30607128571577,-5.55413019387955,0.));
#4929=CARTESIAN_POINT('Ctrl Pts',(-2.32040812346632,-5.56944344763693,0.));
#4930=CARTESIAN_POINT('Ctrl Pts',(-2.33494351832822,-5.58464895243107,0.));
#4931=CARTESIAN_POINT('Ctrl Pts',(-2.34967515641936,-5.59974679611233,0.));
#4932=CARTESIAN_POINT('Ctrl Pts',(-2.36459637329735,-5.61473934178149,0.));
#4933=CARTESIAN_POINT('Ctrl Pts',(-2.37969807009142,-5.62963023720628,0.));
#4934=CARTESIAN_POINT('Ctrl Pts',(-2.39497097739317,-5.64442324546306,0.));
#4935=CARTESIAN_POINT('Ctrl Pts',(-2.41040811941746,-5.65912097221742,0.));
#4936=CARTESIAN_POINT('Ctrl Pts',(-2.42600600144931,-5.67372425135249,0.));
#4937=CARTESIAN_POINT('Ctrl Pts',(-2.44176322738107,-5.68823285554658,0.));
#4938=CARTESIAN_POINT('Ctrl Pts',(-2.45767966077321,-5.70264592670611,0.));
#4939=CARTESIAN_POINT('Ctrl Pts',(-2.47375543510585,-5.71696248429925,0.));
#4940=CARTESIAN_POINT('Ctrl Pts',(-2.48998986789471,-5.73118198315941,0.));
#4941=CARTESIAN_POINT('Ctrl Pts',(-2.50638096895594,-5.74530456566119,0.));
#4942=CARTESIAN_POINT('Ctrl Pts',(-2.52292602330549,-5.75933076092691,0.));
#4943=CARTESIAN_POINT('Ctrl Pts',(-2.53962193567831,-5.77326130685006,0.));
#4944=CARTESIAN_POINT('Ctrl Pts',(-2.55646564093388,-5.78709693822912,0.));
#4945=CARTESIAN_POINT('Ctrl Pts',(-2.57345455343381,-5.80083815515141,0.));
#4946=CARTESIAN_POINT('Ctrl Pts',(-2.59058676059556,-5.81448512248929,0.));
#4947=CARTESIAN_POINT('Ctrl Pts',(-2.60786076860078,-5.82803779898207,0.));
#4948=CARTESIAN_POINT('Ctrl Pts',(-2.62527534734999,-5.84149601552459,0.));
#4949=CARTESIAN_POINT('Ctrl Pts',(-2.64282934714721,-5.85485956819948,0.));
#4950=CARTESIAN_POINT('Ctrl Pts',(-2.66052149680397,-5.86812832061791,0.));
#4951=CARTESIAN_POINT('Ctrl Pts',(-2.67835031176076,-5.88130225110005,0.));
#4952=CARTESIAN_POINT('Ctrl Pts',(-2.69631420247435,-5.89438139904767,0.));
#4953=CARTESIAN_POINT('Ctrl Pts',(-2.71441153766416,-5.90736583438218,0.));
#4954=CARTESIAN_POINT('Ctrl Pts',(-2.73264071969813,-5.92025562059562,0.));
#4955=CARTESIAN_POINT('Ctrl Pts',(-2.75100026575969,-5.93305077605293,0.));
#4956=CARTESIAN_POINT('Ctrl Pts',(-2.76948884521319,-5.94575125429371,0.));
#4957=CARTESIAN_POINT('Ctrl Pts',(-2.78810522842863,-5.95835696334053,0.));
#4958=CARTESIAN_POINT('Ctrl Pts',(-2.80684825336343,-5.9708677771451,0.));
#4959=CARTESIAN_POINT('Ctrl Pts',(-2.8257167868327,-5.98328355021569,0.));
#4960=CARTESIAN_POINT('Ctrl Pts',(-2.8447096808369,-5.99560413303305,0.));
#4961=CARTESIAN_POINT('Ctrl Pts',(-2.86382575080135,-6.00782938294996,0.));
#4962=CARTESIAN_POINT('Ctrl Pts',(-2.88306380731791,-6.01995916229056,0.));
#4963=CARTESIAN_POINT('Ctrl Pts',(-2.90242267699485,-6.03199333998564,0.));
#4964=CARTESIAN_POINT('Ctrl Pts',(-2.92190122502751,-6.04393179188884,0.));
#4965=CARTESIAN_POINT('Ctrl Pts',(-2.94149838032591,-6.05577440382163,0.));
#4966=CARTESIAN_POINT('Ctrl Pts',(-2.96121314570422,-6.06752106964367,0.));
#4967=CARTESIAN_POINT('Ctrl Pts',(-2.98104456269605,-6.07917167469059,0.));
#4968=CARTESIAN_POINT('Ctrl Pts',(-3.0009916827313,-6.09072608176021,0.));
#4969=CARTESIAN_POINT('Ctrl Pts',(-3.02105353711006,-6.10218411797386,0.));
#4970=CARTESIAN_POINT('Ctrl Pts',(-3.04122910158406,-6.11354555909092,0.));
#4971=CARTESIAN_POINT('Ctrl Pts',(-3.06151727749491,-6.12481012412405,0.));
#4972=CARTESIAN_POINT('Ctrl Pts',(-3.08191695361442,-6.13597751587882,0.));
#4973=CARTESIAN_POINT('Ctrl Pts',(-3.1024270565761,-6.14704745624943,0.));
#4974=CARTESIAN_POINT('Ctrl Pts',(-3.12304660411248,-6.15801972318595,0.));
#4975=CARTESIAN_POINT('Ctrl Pts',(-3.1437747583942,-6.16889419027084,0.));
#4976=CARTESIAN_POINT('Ctrl Pts',(-3.16461087288193,-6.17967085870361,0.));
#4977=CARTESIAN_POINT('Ctrl Pts',(-3.1855544727723,-6.19034980700438,0.));
#4978=CARTESIAN_POINT('Ctrl Pts',(-3.20239508700497,-6.19881487991353,0.));
#4979=CARTESIAN_POINT('Ctrl Pts',(-3.21507369351011,-6.20511980747282,0.));
#4980=CARTESIAN_POINT('Ctrl Pts',(-3.22354748889164,-6.20930359805418,0.));
#4981=CARTESIAN_POINT('Ctrl Pts',(-3.22778973434332,-6.21139061972984,0.));
#4982=CARTESIAN_POINT('',(-3.22778973434332,-6.21139061972984,5.));
#4983=CARTESIAN_POINT('Ctrl Pts',(-3.22778973434332,-6.21139061972984,5.));
#4984=CARTESIAN_POINT('Ctrl Pts',(-3.22354748889164,-6.20930359805418,5.));
#4985=CARTESIAN_POINT('Ctrl Pts',(-3.21507369351011,-6.20511980747282,5.));
#4986=CARTESIAN_POINT('Ctrl Pts',(-3.20239508700497,-6.19881487991353,5.));
#4987=CARTESIAN_POINT('Ctrl Pts',(-3.1855544727723,-6.19034980700438,5.));
#4988=CARTESIAN_POINT('Ctrl Pts',(-3.16461087288193,-6.17967085870361,5.));
#4989=CARTESIAN_POINT('Ctrl Pts',(-3.1437747583942,-6.16889419027084,5.));
#4990=CARTESIAN_POINT('Ctrl Pts',(-3.12304660411248,-6.15801972318595,5.));
#4991=CARTESIAN_POINT('Ctrl Pts',(-3.1024270565761,-6.14704745624943,5.));
#4992=CARTESIAN_POINT('Ctrl Pts',(-3.08191695361442,-6.13597751587882,5.));
#4993=CARTESIAN_POINT('Ctrl Pts',(-3.06151727749491,-6.12481012412405,5.));
#4994=CARTESIAN_POINT('Ctrl Pts',(-3.04122910158406,-6.11354555909092,5.));
#4995=CARTESIAN_POINT('Ctrl Pts',(-3.02105353711006,-6.10218411797386,5.));
#4996=CARTESIAN_POINT('Ctrl Pts',(-3.0009916827313,-6.09072608176021,5.));
#4997=CARTESIAN_POINT('Ctrl Pts',(-2.98104456269605,-6.07917167469059,5.));
#4998=CARTESIAN_POINT('Ctrl Pts',(-2.96121314570422,-6.06752106964367,5.));
#4999=CARTESIAN_POINT('Ctrl Pts',(-2.94149838032591,-6.05577440382163,5.));
#5000=CARTESIAN_POINT('Ctrl Pts',(-2.92190122502751,-6.04393179188884,5.));
#5001=CARTESIAN_POINT('Ctrl Pts',(-2.90242267699485,-6.03199333998564,5.));
#5002=CARTESIAN_POINT('Ctrl Pts',(-2.88306380731791,-6.01995916229056,5.));
#5003=CARTESIAN_POINT('Ctrl Pts',(-2.86382575080135,-6.00782938294996,5.));
#5004=CARTESIAN_POINT('Ctrl Pts',(-2.8447096808369,-5.99560413303305,5.));
#5005=CARTESIAN_POINT('Ctrl Pts',(-2.8257167868327,-5.98328355021569,5.));
#5006=CARTESIAN_POINT('Ctrl Pts',(-2.80684825336343,-5.9708677771451,5.));
#5007=CARTESIAN_POINT('Ctrl Pts',(-2.78810522842863,-5.95835696334053,5.));
#5008=CARTESIAN_POINT('Ctrl Pts',(-2.76948884521319,-5.94575125429371,5.));
#5009=CARTESIAN_POINT('Ctrl Pts',(-2.75100026575969,-5.93305077605293,5.));
#5010=CARTESIAN_POINT('Ctrl Pts',(-2.73264071969813,-5.92025562059562,5.));
#5011=CARTESIAN_POINT('Ctrl Pts',(-2.71441153766416,-5.90736583438218,5.));
#5012=CARTESIAN_POINT('Ctrl Pts',(-2.69631420247435,-5.89438139904767,5.));
#5013=CARTESIAN_POINT('Ctrl Pts',(-2.67835031176076,-5.88130225110005,5.));
#5014=CARTESIAN_POINT('Ctrl Pts',(-2.66052149680397,-5.86812832061791,5.));
#5015=CARTESIAN_POINT('Ctrl Pts',(-2.64282934714721,-5.85485956819948,5.));
#5016=CARTESIAN_POINT('Ctrl Pts',(-2.62527534734999,-5.84149601552459,5.));
#5017=CARTESIAN_POINT('Ctrl Pts',(-2.60786076860078,-5.82803779898207,5.));
#5018=CARTESIAN_POINT('Ctrl Pts',(-2.59058676059556,-5.81448512248929,5.));
#5019=CARTESIAN_POINT('Ctrl Pts',(-2.57345455343381,-5.80083815515141,5.));
#5020=CARTESIAN_POINT('Ctrl Pts',(-2.55646564093388,-5.78709693822912,5.));
#5021=CARTESIAN_POINT('Ctrl Pts',(-2.53962193567831,-5.77326130685006,5.));
#5022=CARTESIAN_POINT('Ctrl Pts',(-2.52292602330549,-5.75933076092691,5.));
#5023=CARTESIAN_POINT('Ctrl Pts',(-2.50638096895594,-5.74530456566119,5.));
#5024=CARTESIAN_POINT('Ctrl Pts',(-2.48998986789471,-5.73118198315941,5.));
#5025=CARTESIAN_POINT('Ctrl Pts',(-2.47375543510585,-5.71696248429925,5.));
#5026=CARTESIAN_POINT('Ctrl Pts',(-2.45767966077321,-5.70264592670611,5.));
#5027=CARTESIAN_POINT('Ctrl Pts',(-2.44176322738107,-5.68823285554658,5.));
#5028=CARTESIAN_POINT('Ctrl Pts',(-2.42600600144931,-5.67372425135249,5.));
#5029=CARTESIAN_POINT('Ctrl Pts',(-2.41040811941746,-5.65912097221742,5.));
#5030=CARTESIAN_POINT('Ctrl Pts',(-2.39497097739317,-5.64442324546306,5.));
#5031=CARTESIAN_POINT('Ctrl Pts',(-2.37969807009142,-5.62963023720628,5.));
#5032=CARTESIAN_POINT('Ctrl Pts',(-2.36459637329735,-5.61473934178149,5.));
#5033=CARTESIAN_POINT('Ctrl Pts',(-2.34967515641936,-5.59974679611233,5.));
#5034=CARTESIAN_POINT('Ctrl Pts',(-2.33494351832822,-5.58464895243107,5.));
#5035=CARTESIAN_POINT('Ctrl Pts',(-2.32040812346632,-5.56944344763693,5.));
#5036=CARTESIAN_POINT('Ctrl Pts',(-2.30607128571577,-5.55413019387955,5.));
#5037=CARTESIAN_POINT('Ctrl Pts',(-2.29192780018207,-5.53871301360232,5.));
#5038=CARTESIAN_POINT('Ctrl Pts',(-2.27796815685518,-5.52319798998755,5.));
#5039=CARTESIAN_POINT('Ctrl Pts',(-2.26418439363243,-5.50759045920624,5.));
#5040=CARTESIAN_POINT('Ctrl Pts',(-2.25057551682897,-5.49189222494051,5.));
#5041=CARTESIAN_POINT('Ctrl Pts',(-2.23715218812016,-5.47609915146879,5.));
#5042=CARTESIAN_POINT('Ctrl Pts',(-2.22394408620417,-5.46019737774884,5.));
#5043=CARTESIAN_POINT('Ctrl Pts',(-2.2109916246963,-5.44416759833788,5.));
#5044=CARTESIAN_POINT('Ctrl Pts',(-2.19833278829966,-5.4279918647429,5.));
#5045=CARTESIAN_POINT('Ctrl Pts',(-2.18599077603809,-5.41165996423536,5.));
#5046=CARTESIAN_POINT('Ctrl Pts',(-2.1739631062867,-5.39517505989873,5.));
#5047=CARTESIAN_POINT('Ctrl Pts',(-2.16220534086898,-5.37856206737641,5.));
#5048=CARTESIAN_POINT('Ctrl Pts',(-2.15065506867006,-5.36185553884522,5.));
#5049=CARTESIAN_POINT('Ctrl Pts',(-2.13926435518767,-5.34508323195066,5.));
#5050=CARTESIAN_POINT('Ctrl Pts',(-2.12803026283834,-5.3282506733722,5.));
#5051=CARTESIAN_POINT('Ctrl Pts',(-2.11702401615048,-5.31132638510836,5.));
#5052=CARTESIAN_POINT('Ctrl Pts',(-2.10642674697149,-5.29422383411077,5.));
#5053=CARTESIAN_POINT('Ctrl Pts',(-2.09648032459994,-5.27682573715989,5.));
#5054=CARTESIAN_POINT('Ctrl Pts',(-2.08923927794875,-5.26257549966847,5.));
#5055=CARTESIAN_POINT('Ctrl Pts',(-2.08429754090826,-5.25165899236968,5.));
#5056=CARTESIAN_POINT('Ctrl Pts',(-2.08123140545526,-5.24427422106533,5.));
#5057=CARTESIAN_POINT('Ctrl Pts',(-2.0797554272588,-5.2405550601944,5.));
#5058=CARTESIAN_POINT('',(-3.22778973434332,-6.21139061972984,0.));
#5059=CARTESIAN_POINT('Origin',(-4.45754544387001E-13,-7.72069518583001E-13,
0.));
#5060=CARTESIAN_POINT('',(-3.76532720234276,-5.90104321788085,0.));
#5061=CARTESIAN_POINT('Origin',(-4.45754544387001E-13,-7.72069518583001E-13,
0.));
#5062=CARTESIAN_POINT('',(-3.76532720234276,-5.90104321788085,5.));
#5063=CARTESIAN_POINT('Origin',(-4.45754544387001E-13,-7.72069518583001E-13,
5.));
#5064=CARTESIAN_POINT('',(-3.76532720234276,-5.90104321788085,0.));
#5065=CARTESIAN_POINT('Ctrl Pts',(-3.49857609843004,-4.42139856376188,0.));
#5066=CARTESIAN_POINT('Ctrl Pts',(-3.49857609843004,-4.42139856376188,5.));
#5067=CARTESIAN_POINT('Ctrl Pts',(-3.5010589971268,-4.42453637881091,0.));
#5068=CARTESIAN_POINT('Ctrl Pts',(-3.5010589971268,-4.42453637881091,5.));
#5069=CARTESIAN_POINT('Ctrl Pts',(-3.505921328951,-4.43088411565683,0.));
#5070=CARTESIAN_POINT('Ctrl Pts',(-3.505921328951,-4.43088411565683,5.));
#5071=CARTESIAN_POINT('Ctrl Pts',(-3.51290443307211,-4.4406220391221,0.));
#5072=CARTESIAN_POINT('Ctrl Pts',(-3.51290443307211,-4.4406220391221,5.));
#5073=CARTESIAN_POINT('Ctrl Pts',(-3.52162497742404,-4.45401808821774,0.));
#5074=CARTESIAN_POINT('Ctrl Pts',(-3.52162497742404,-4.45401808821774,5.));
#5075=CARTESIAN_POINT('Ctrl Pts',(-3.53171896017524,-4.4713309911437,0.));
#5076=CARTESIAN_POINT('Ctrl Pts',(-3.53171896017524,-4.4713309911437,5.));
#5077=CARTESIAN_POINT('Ctrl Pts',(-3.54123156921918,-4.48905977096225,0.));
#5078=CARTESIAN_POINT('Ctrl Pts',(-3.54123156921918,-4.48905977096225,5.));
#5079=CARTESIAN_POINT('Ctrl Pts',(-3.5503853094527,-4.50705360432618,0.));
#5080=CARTESIAN_POINT('Ctrl Pts',(-3.5503853094527,-4.50705360432618,5.));
#5081=CARTESIAN_POINT('Ctrl Pts',(-3.55934568661768,-4.52519889297838,0.));
#5082=CARTESIAN_POINT('Ctrl Pts',(-3.55934568661768,-4.52519889297838,5.));
#5083=CARTESIAN_POINT('Ctrl Pts',(-3.56817557372724,-4.54344969366864,0.));
#5084=CARTESIAN_POINT('Ctrl Pts',(-3.56817557372724,-4.54344969366864,5.));
#5085=CARTESIAN_POINT('Ctrl Pts',(-3.57686871574484,-4.56180578707913,0.));
#5086=CARTESIAN_POINT('Ctrl Pts',(-3.57686871574484,-4.56180578707913,5.));
#5087=CARTESIAN_POINT('Ctrl Pts',(-3.58537710659319,-4.58029480688377,0.));
#5088=CARTESIAN_POINT('Ctrl Pts',(-3.58537710659319,-4.58029480688377,5.));
#5089=CARTESIAN_POINT('Ctrl Pts',(-3.59363961765196,-4.59895352660512,0.));
#5090=CARTESIAN_POINT('Ctrl Pts',(-3.59363961765196,-4.59895352660512,5.));
#5091=CARTESIAN_POINT('Ctrl Pts',(-3.60161245225279,-4.61780797301123,0.));
#5092=CARTESIAN_POINT('Ctrl Pts',(-3.60161245225279,-4.61780797301123,5.));
#5093=CARTESIAN_POINT('Ctrl Pts',(-3.60929163027258,-4.63685871371056,0.));
#5094=CARTESIAN_POINT('Ctrl Pts',(-3.60929163027258,-4.63685871371056,5.));
#5095=CARTESIAN_POINT('Ctrl Pts',(-3.61669759570559,-4.65609076412339,0.));
#5096=CARTESIAN_POINT('Ctrl Pts',(-3.61669759570559,-4.65609076412339,5.));
#5097=CARTESIAN_POINT('Ctrl Pts',(-3.6238648847543,-4.67548020277839,0.));
#5098=CARTESIAN_POINT('Ctrl Pts',(-3.6238648847543,-4.67548020277839,5.));
#5099=CARTESIAN_POINT('Ctrl Pts',(-3.63083042323024,-4.69500168317944,0.));
#5100=CARTESIAN_POINT('Ctrl Pts',(-3.63083042323024,-4.69500168317944,5.));
#5101=CARTESIAN_POINT('Ctrl Pts',(-3.6376210544972,-4.71463643334106,0.));
#5102=CARTESIAN_POINT('Ctrl Pts',(-3.6376210544972,-4.71463643334106,5.));
#5103=CARTESIAN_POINT('Ctrl Pts',(-3.64424569103278,-4.73437728784237,0.));
#5104=CARTESIAN_POINT('Ctrl Pts',(-3.64424569103278,-4.73437728784237,5.));
#5105=CARTESIAN_POINT('Ctrl Pts',(-3.65070227396004,-4.75422420539861,0.));
#5106=CARTESIAN_POINT('Ctrl Pts',(-3.65070227396004,-4.75422420539861,5.));
#5107=CARTESIAN_POINT('Ctrl Pts',(-3.656982200968,-4.77418141330747,0.));
#5108=CARTESIAN_POINT('Ctrl Pts',(-3.656982200968,-4.77418141330747,5.));
#5109=CARTESIAN_POINT('Ctrl Pts',(-3.66307544886121,-4.79425410588807,0.));
#5110=CARTESIAN_POINT('Ctrl Pts',(-3.66307544886121,-4.79425410588807,5.));
#5111=CARTESIAN_POINT('Ctrl Pts',(-3.66897610485935,-4.81444487948959,0.));
#5112=CARTESIAN_POINT('Ctrl Pts',(-3.66897610485935,-4.81444487948959,5.));
#5113=CARTESIAN_POINT('Ctrl Pts',(-3.67468540198412,-4.8347517741565,0.));
#5114=CARTESIAN_POINT('Ctrl Pts',(-3.67468540198412,-4.8347517741565,5.));
#5115=CARTESIAN_POINT('Ctrl Pts',(-3.68020871896202,-4.8551701998628,0.));
#5116=CARTESIAN_POINT('Ctrl Pts',(-3.68020871896202,-4.8551701998628,5.));
#5117=CARTESIAN_POINT('Ctrl Pts',(-3.68555376428795,-4.87569410063911,0.));
#5118=CARTESIAN_POINT('Ctrl Pts',(-3.68555376428795,-4.87569410063911,5.));
#5119=CARTESIAN_POINT('Ctrl Pts',(-3.69072843158584,-4.89631733048046,0.));
#5120=CARTESIAN_POINT('Ctrl Pts',(-3.69072843158584,-4.89631733048046,5.));
#5121=CARTESIAN_POINT('Ctrl Pts',(-3.69573846532085,-4.9170351510125,0.));
#5122=CARTESIAN_POINT('Ctrl Pts',(-3.69573846532085,-4.9170351510125,5.));
#5123=CARTESIAN_POINT('Ctrl Pts',(-3.70058633501445,-4.93784495266485,0.));
#5124=CARTESIAN_POINT('Ctrl Pts',(-3.70058633501445,-4.93784495266485,5.));
#5125=CARTESIAN_POINT('Ctrl Pts',(-3.70527254185411,-4.95874541271198,0.));
#5126=CARTESIAN_POINT('Ctrl Pts',(-3.70527254185411,-4.95874541271198,5.));
#5127=CARTESIAN_POINT('Ctrl Pts',(-3.70979641092875,-4.97973598394698,0.));
#5128=CARTESIAN_POINT('Ctrl Pts',(-3.70979641092875,-4.97973598394698,5.));
#5129=CARTESIAN_POINT('Ctrl Pts',(-3.71415702633282,-5.00081629170111,0.));
#5130=CARTESIAN_POINT('Ctrl Pts',(-3.71415702633282,-5.00081629170111,5.));
#5131=CARTESIAN_POINT('Ctrl Pts',(-3.71835425718037,-5.02198547234238,0.));
#5132=CARTESIAN_POINT('Ctrl Pts',(-3.71835425718037,-5.02198547234238,5.));
#5133=CARTESIAN_POINT('Ctrl Pts',(-3.72238922186334,-5.04324187350829,0.));
#5134=CARTESIAN_POINT('Ctrl Pts',(-3.72238922186334,-5.04324187350829,5.));
#5135=CARTESIAN_POINT('Ctrl Pts',(-3.72626373610713,-5.06458340851486,0.));
#5136=CARTESIAN_POINT('Ctrl Pts',(-3.72626373610713,-5.06458340851486,5.));
#5137=CARTESIAN_POINT('Ctrl Pts',(-3.72997998657875,-5.08600776573065,0.));
#5138=CARTESIAN_POINT('Ctrl Pts',(-3.72997998657875,-5.08600776573065,5.));
#5139=CARTESIAN_POINT('Ctrl Pts',(-3.73354014220263,-5.10751265806536,0.));
#5140=CARTESIAN_POINT('Ctrl Pts',(-3.73354014220263,-5.10751265806536,5.));
#5141=CARTESIAN_POINT('Ctrl Pts',(-3.73694592888628,-5.12909609633412,0.));
#5142=CARTESIAN_POINT('Ctrl Pts',(-3.73694592888628,-5.12909609633412,5.));
#5143=CARTESIAN_POINT('Ctrl Pts',(-3.74019844570462,-5.15075650662803,0.));
#5144=CARTESIAN_POINT('Ctrl Pts',(-3.74019844570462,-5.15075650662803,5.));
#5145=CARTESIAN_POINT('Ctrl Pts',(-3.74329840383403,-5.17249257463212,0.));
#5146=CARTESIAN_POINT('Ctrl Pts',(-3.74329840383403,-5.17249257463212,5.));
#5147=CARTESIAN_POINT('Ctrl Pts',(-3.74624627187488,-5.19430315049639,0.));
#5148=CARTESIAN_POINT('Ctrl Pts',(-3.74624627187488,-5.19430315049639,5.));
#5149=CARTESIAN_POINT('Ctrl Pts',(-3.74904244807754,-5.21618713659627,0.));
#5150=CARTESIAN_POINT('Ctrl Pts',(-3.74904244807754,-5.21618713659627,5.));
#5151=CARTESIAN_POINT('Ctrl Pts',(-3.75168744992005,-5.23814336385579,0.));
#5152=CARTESIAN_POINT('Ctrl Pts',(-3.75168744992005,-5.23814336385579,5.));
#5153=CARTESIAN_POINT('Ctrl Pts',(-3.75418200090687,-5.26017053576881,0.));
#5154=CARTESIAN_POINT('Ctrl Pts',(-3.75418200090687,-5.26017053576881,5.));
#5155=CARTESIAN_POINT('Ctrl Pts',(-3.75652692993257,-5.28226729545139,0.));
#5156=CARTESIAN_POINT('Ctrl Pts',(-3.75652692993257,-5.28226729545139,5.));
#5157=CARTESIAN_POINT('Ctrl Pts',(-3.75872311319115,-5.30443226513383,0.));
#5158=CARTESIAN_POINT('Ctrl Pts',(-3.75872311319115,-5.30443226513383,5.));
#5159=CARTESIAN_POINT('Ctrl Pts',(-3.76077140448436,-5.32666409297217,0.));
#5160=CARTESIAN_POINT('Ctrl Pts',(-3.76077140448436,-5.32666409297217,5.));
#5161=CARTESIAN_POINT('Ctrl Pts',(-3.76267256112498,-5.3489615039921,0.));
#5162=CARTESIAN_POINT('Ctrl Pts',(-3.76267256112498,-5.3489615039921,5.));
#5163=CARTESIAN_POINT('Ctrl Pts',(-3.76442720819496,-5.3713233225991,0.));
#5164=CARTESIAN_POINT('Ctrl Pts',(-3.76442720819496,-5.3713233225991,5.));
#5165=CARTESIAN_POINT('Ctrl Pts',(-3.7660358808545,-5.39374843791368,0.));
#5166=CARTESIAN_POINT('Ctrl Pts',(-3.7660358808545,-5.39374843791368,5.));
#5167=CARTESIAN_POINT('Ctrl Pts',(-3.76749905096387,-5.41623578055325,0.));
#5168=CARTESIAN_POINT('Ctrl Pts',(-3.76749905096387,-5.41623578055325,5.));
#5169=CARTESIAN_POINT('Ctrl Pts',(-3.76881715911599,-5.43878429640509,0.));
#5170=CARTESIAN_POINT('Ctrl Pts',(-3.76881715911599,-5.43878429640509,5.));
#5171=CARTESIAN_POINT('Ctrl Pts',(-3.76999064982316,-5.46139291651279,0.));
#5172=CARTESIAN_POINT('Ctrl Pts',(-3.76999064982316,-5.46139291651279,5.));
#5173=CARTESIAN_POINT('Ctrl Pts',(-3.77101999183658,-5.48406054368098,0.));
#5174=CARTESIAN_POINT('Ctrl Pts',(-3.77101999183658,-5.48406054368098,5.));
#5175=CARTESIAN_POINT('Ctrl Pts',(-3.77190566062956,-5.50678607901407,0.));
#5176=CARTESIAN_POINT('Ctrl Pts',(-3.77190566062956,-5.50678607901407,5.));
#5177=CARTESIAN_POINT('Ctrl Pts',(-3.77264812938869,-5.52956844079039,0.));
#5178=CARTESIAN_POINT('Ctrl Pts',(-3.77264812938869,-5.52956844079039,5.));
#5179=CARTESIAN_POINT('Ctrl Pts',(-3.77324785800239,-5.55240658416711,0.));
#5180=CARTESIAN_POINT('Ctrl Pts',(-3.77324785800239,-5.55240658416711,5.));
#5181=CARTESIAN_POINT('Ctrl Pts',(-3.77370528313415,-5.57529952446383,0.));
#5182=CARTESIAN_POINT('Ctrl Pts',(-3.77370528313415,-5.57529952446383,5.));
#5183=CARTESIAN_POINT('Ctrl Pts',(-3.77402081145664,-5.59824634502212,0.));
#5184=CARTESIAN_POINT('Ctrl Pts',(-3.77402081145664,-5.59824634502212,5.));
#5185=CARTESIAN_POINT('Ctrl Pts',(-3.77419482290083,-5.62124615845354,0.));
#5186=CARTESIAN_POINT('Ctrl Pts',(-3.77419482290083,-5.62124615845354,5.));
#5187=CARTESIAN_POINT('Ctrl Pts',(-3.77422767293116,-5.64429807467122,0.));
#5188=CARTESIAN_POINT('Ctrl Pts',(-3.77422767293116,-5.64429807467122,5.));
#5189=CARTESIAN_POINT('Ctrl Pts',(-3.77411969618027,-5.66740116831707,0.));
#5190=CARTESIAN_POINT('Ctrl Pts',(-3.77411969618027,-5.66740116831707,5.));
#5191=CARTESIAN_POINT('Ctrl Pts',(-3.77387121057425,-5.69055444024578,0.));
#5192=CARTESIAN_POINT('Ctrl Pts',(-3.77387121057425,-5.69055444024578,5.));
#5193=CARTESIAN_POINT('Ctrl Pts',(-3.7734825221001,-5.71375679849758,0.));
#5194=CARTESIAN_POINT('Ctrl Pts',(-3.7734825221001,-5.71375679849758,5.));
#5195=CARTESIAN_POINT('Ctrl Pts',(-3.77295392899399,-5.73700713212344,0.));
#5196=CARTESIAN_POINT('Ctrl Pts',(-3.77295392899399,-5.73700713212344,5.));
#5197=CARTESIAN_POINT('Ctrl Pts',(-3.77228572709247,-5.7603043725078,0.));
#5198=CARTESIAN_POINT('Ctrl Pts',(-3.77228572709247,-5.7603043725078,5.));
#5199=CARTESIAN_POINT('Ctrl Pts',(-3.77147821522841,-5.7836475579571,0.));
#5200=CARTESIAN_POINT('Ctrl Pts',(-3.77147821522841,-5.7836475579571,5.));
#5201=CARTESIAN_POINT('Ctrl Pts',(-3.77053170283569,-5.80703589968108,0.));
#5202=CARTESIAN_POINT('Ctrl Pts',(-3.77053170283569,-5.80703589968108,5.));
#5203=CARTESIAN_POINT('Ctrl Pts',(-3.76944651422277,-5.83046883836,0.));
#5204=CARTESIAN_POINT('Ctrl Pts',(-3.76944651422277,-5.83046883836,5.));
#5205=CARTESIAN_POINT('Ctrl Pts',(-3.76822295479174,-5.85394600206214,0.));
#5206=CARTESIAN_POINT('Ctrl Pts',(-3.76822295479174,-5.85394600206214,5.));
#5207=CARTESIAN_POINT('Ctrl Pts',(-3.76713361585963,-5.87276293825755,0.));
#5208=CARTESIAN_POINT('Ctrl Pts',(-3.76713361585963,-5.87276293825755,5.));
#5209=CARTESIAN_POINT('Ctrl Pts',(-3.76625454004242,-5.88689539735523,0.));
#5210=CARTESIAN_POINT('Ctrl Pts',(-3.76625454004242,-5.88689539735523,5.));
#5211=CARTESIAN_POINT('Ctrl Pts',(-3.76564091127923,-5.89632581471278,0.));
#5212=CARTESIAN_POINT('Ctrl Pts',(-3.76564091127923,-5.89632581471278,5.));
#5213=CARTESIAN_POINT('Ctrl Pts',(-3.76532720234276,-5.90104321788086,0.));
#5214=CARTESIAN_POINT('Ctrl Pts',(-3.76532720234276,-5.90104321788086,5.));
#5215=CARTESIAN_POINT('Ctrl Pts',(-3.49857609843004,-4.42139856376188,0.));
#5216=CARTESIAN_POINT('Ctrl Pts',(-3.5010589971268,-4.42453637881091,0.));
#5217=CARTESIAN_POINT('Ctrl Pts',(-3.505921328951,-4.43088411565683,0.));
#5218=CARTESIAN_POINT('Ctrl Pts',(-3.51290443307211,-4.4406220391221,0.));
#5219=CARTESIAN_POINT('Ctrl Pts',(-3.52162497742404,-4.45401808821774,0.));
#5220=CARTESIAN_POINT('Ctrl Pts',(-3.53171896017524,-4.4713309911437,0.));
#5221=CARTESIAN_POINT('Ctrl Pts',(-3.54123156921918,-4.48905977096225,0.));
#5222=CARTESIAN_POINT('Ctrl Pts',(-3.5503853094527,-4.50705360432618,0.));
#5223=CARTESIAN_POINT('Ctrl Pts',(-3.55934568661768,-4.52519889297838,0.));
#5224=CARTESIAN_POINT('Ctrl Pts',(-3.56817557372724,-4.54344969366864,0.));
#5225=CARTESIAN_POINT('Ctrl Pts',(-3.57686871574484,-4.56180578707913,0.));
#5226=CARTESIAN_POINT('Ctrl Pts',(-3.58537710659319,-4.58029480688377,0.));
#5227=CARTESIAN_POINT('Ctrl Pts',(-3.59363961765196,-4.59895352660512,0.));
#5228=CARTESIAN_POINT('Ctrl Pts',(-3.60161245225279,-4.61780797301123,0.));
#5229=CARTESIAN_POINT('Ctrl Pts',(-3.60929163027258,-4.63685871371056,0.));
#5230=CARTESIAN_POINT('Ctrl Pts',(-3.61669759570559,-4.65609076412339,0.));
#5231=CARTESIAN_POINT('Ctrl Pts',(-3.6238648847543,-4.67548020277839,0.));
#5232=CARTESIAN_POINT('Ctrl Pts',(-3.63083042323024,-4.69500168317944,0.));
#5233=CARTESIAN_POINT('Ctrl Pts',(-3.6376210544972,-4.71463643334106,0.));
#5234=CARTESIAN_POINT('Ctrl Pts',(-3.64424569103278,-4.73437728784237,0.));
#5235=CARTESIAN_POINT('Ctrl Pts',(-3.65070227396004,-4.75422420539861,0.));
#5236=CARTESIAN_POINT('Ctrl Pts',(-3.656982200968,-4.77418141330747,0.));
#5237=CARTESIAN_POINT('Ctrl Pts',(-3.66307544886121,-4.79425410588807,0.));
#5238=CARTESIAN_POINT('Ctrl Pts',(-3.66897610485935,-4.81444487948959,0.));
#5239=CARTESIAN_POINT('Ctrl Pts',(-3.67468540198412,-4.8347517741565,0.));
#5240=CARTESIAN_POINT('Ctrl Pts',(-3.68020871896202,-4.8551701998628,0.));
#5241=CARTESIAN_POINT('Ctrl Pts',(-3.68555376428795,-4.87569410063911,0.));
#5242=CARTESIAN_POINT('Ctrl Pts',(-3.69072843158584,-4.89631733048046,0.));
#5243=CARTESIAN_POINT('Ctrl Pts',(-3.69573846532085,-4.9170351510125,0.));
#5244=CARTESIAN_POINT('Ctrl Pts',(-3.70058633501445,-4.93784495266485,0.));
#5245=CARTESIAN_POINT('Ctrl Pts',(-3.70527254185411,-4.95874541271198,0.));
#5246=CARTESIAN_POINT('Ctrl Pts',(-3.70979641092875,-4.97973598394698,0.));
#5247=CARTESIAN_POINT('Ctrl Pts',(-3.71415702633282,-5.00081629170111,0.));
#5248=CARTESIAN_POINT('Ctrl Pts',(-3.71835425718037,-5.02198547234238,0.));
#5249=CARTESIAN_POINT('Ctrl Pts',(-3.72238922186334,-5.04324187350829,0.));
#5250=CARTESIAN_POINT('Ctrl Pts',(-3.72626373610713,-5.06458340851486,0.));
#5251=CARTESIAN_POINT('Ctrl Pts',(-3.72997998657875,-5.08600776573065,0.));
#5252=CARTESIAN_POINT('Ctrl Pts',(-3.73354014220263,-5.10751265806536,0.));
#5253=CARTESIAN_POINT('Ctrl Pts',(-3.73694592888628,-5.12909609633412,0.));
#5254=CARTESIAN_POINT('Ctrl Pts',(-3.74019844570462,-5.15075650662803,0.));
#5255=CARTESIAN_POINT('Ctrl Pts',(-3.74329840383403,-5.17249257463212,0.));
#5256=CARTESIAN_POINT('Ctrl Pts',(-3.74624627187488,-5.19430315049639,0.));
#5257=CARTESIAN_POINT('Ctrl Pts',(-3.74904244807754,-5.21618713659627,0.));
#5258=CARTESIAN_POINT('Ctrl Pts',(-3.75168744992005,-5.23814336385579,0.));
#5259=CARTESIAN_POINT('Ctrl Pts',(-3.75418200090687,-5.26017053576881,0.));
#5260=CARTESIAN_POINT('Ctrl Pts',(-3.75652692993257,-5.28226729545139,0.));
#5261=CARTESIAN_POINT('Ctrl Pts',(-3.75872311319115,-5.30443226513383,0.));
#5262=CARTESIAN_POINT('Ctrl Pts',(-3.76077140448436,-5.32666409297217,0.));
#5263=CARTESIAN_POINT('Ctrl Pts',(-3.76267256112498,-5.3489615039921,0.));
#5264=CARTESIAN_POINT('Ctrl Pts',(-3.76442720819496,-5.3713233225991,0.));
#5265=CARTESIAN_POINT('Ctrl Pts',(-3.7660358808545,-5.39374843791368,0.));
#5266=CARTESIAN_POINT('Ctrl Pts',(-3.76749905096387,-5.41623578055325,0.));
#5267=CARTESIAN_POINT('Ctrl Pts',(-3.76881715911599,-5.43878429640509,0.));
#5268=CARTESIAN_POINT('Ctrl Pts',(-3.76999064982316,-5.46139291651279,0.));
#5269=CARTESIAN_POINT('Ctrl Pts',(-3.77101999183658,-5.48406054368098,0.));
#5270=CARTESIAN_POINT('Ctrl Pts',(-3.77190566062956,-5.50678607901407,0.));
#5271=CARTESIAN_POINT('Ctrl Pts',(-3.77264812938869,-5.52956844079039,0.));
#5272=CARTESIAN_POINT('Ctrl Pts',(-3.77324785800239,-5.55240658416711,0.));
#5273=CARTESIAN_POINT('Ctrl Pts',(-3.77370528313415,-5.57529952446383,0.));
#5274=CARTESIAN_POINT('Ctrl Pts',(-3.77402081145664,-5.59824634502212,0.));
#5275=CARTESIAN_POINT('Ctrl Pts',(-3.77419482290083,-5.62124615845354,0.));
#5276=CARTESIAN_POINT('Ctrl Pts',(-3.77422767293116,-5.64429807467122,0.));
#5277=CARTESIAN_POINT('Ctrl Pts',(-3.77411969618027,-5.66740116831707,0.));
#5278=CARTESIAN_POINT('Ctrl Pts',(-3.77387121057425,-5.69055444024578,0.));
#5279=CARTESIAN_POINT('Ctrl Pts',(-3.7734825221001,-5.71375679849758,0.));
#5280=CARTESIAN_POINT('Ctrl Pts',(-3.77295392899399,-5.73700713212344,0.));
#5281=CARTESIAN_POINT('Ctrl Pts',(-3.77228572709247,-5.7603043725078,0.));
#5282=CARTESIAN_POINT('Ctrl Pts',(-3.77147821522841,-5.7836475579571,0.));
#5283=CARTESIAN_POINT('Ctrl Pts',(-3.77053170283569,-5.80703589968108,0.));
#5284=CARTESIAN_POINT('Ctrl Pts',(-3.76944651422277,-5.83046883836,0.));
#5285=CARTESIAN_POINT('Ctrl Pts',(-3.76822295479174,-5.85394600206214,0.));
#5286=CARTESIAN_POINT('Ctrl Pts',(-3.76713361585963,-5.87276293825755,0.));
#5287=CARTESIAN_POINT('Ctrl Pts',(-3.76625454004242,-5.88689539735523,0.));
#5288=CARTESIAN_POINT('Ctrl Pts',(-3.76564091127923,-5.89632581471278,0.));
#5289=CARTESIAN_POINT('Ctrl Pts',(-3.76532720234276,-5.90104321788086,0.));
#5290=CARTESIAN_POINT('Ctrl Pts',(-3.49857609843004,-4.42139856376188,5.));
#5291=CARTESIAN_POINT('Ctrl Pts',(-3.5010589971268,-4.42453637881091,5.));
#5292=CARTESIAN_POINT('Ctrl Pts',(-3.505921328951,-4.43088411565683,5.));
#5293=CARTESIAN_POINT('Ctrl Pts',(-3.51290443307211,-4.4406220391221,5.));
#5294=CARTESIAN_POINT('Ctrl Pts',(-3.52162497742404,-4.45401808821774,5.));
#5295=CARTESIAN_POINT('Ctrl Pts',(-3.53171896017524,-4.4713309911437,5.));
#5296=CARTESIAN_POINT('Ctrl Pts',(-3.54123156921918,-4.48905977096225,5.));
#5297=CARTESIAN_POINT('Ctrl Pts',(-3.5503853094527,-4.50705360432618,5.));
#5298=CARTESIAN_POINT('Ctrl Pts',(-3.55934568661768,-4.52519889297838,5.));
#5299=CARTESIAN_POINT('Ctrl Pts',(-3.56817557372724,-4.54344969366864,5.));
#5300=CARTESIAN_POINT('Ctrl Pts',(-3.57686871574484,-4.56180578707913,5.));
#5301=CARTESIAN_POINT('Ctrl Pts',(-3.58537710659319,-4.58029480688377,5.));
#5302=CARTESIAN_POINT('Ctrl Pts',(-3.59363961765196,-4.59895352660512,5.));
#5303=CARTESIAN_POINT('Ctrl Pts',(-3.60161245225279,-4.61780797301123,5.));
#5304=CARTESIAN_POINT('Ctrl Pts',(-3.60929163027258,-4.63685871371056,5.));
#5305=CARTESIAN_POINT('Ctrl Pts',(-3.61669759570559,-4.65609076412339,5.));
#5306=CARTESIAN_POINT('Ctrl Pts',(-3.6238648847543,-4.67548020277839,5.));
#5307=CARTESIAN_POINT('Ctrl Pts',(-3.63083042323024,-4.69500168317944,5.));
#5308=CARTESIAN_POINT('Ctrl Pts',(-3.6376210544972,-4.71463643334106,5.));
#5309=CARTESIAN_POINT('Ctrl Pts',(-3.64424569103278,-4.73437728784237,5.));
#5310=CARTESIAN_POINT('Ctrl Pts',(-3.65070227396004,-4.75422420539861,5.));
#5311=CARTESIAN_POINT('Ctrl Pts',(-3.656982200968,-4.77418141330747,5.));
#5312=CARTESIAN_POINT('Ctrl Pts',(-3.66307544886121,-4.79425410588807,5.));
#5313=CARTESIAN_POINT('Ctrl Pts',(-3.66897610485935,-4.81444487948959,5.));
#5314=CARTESIAN_POINT('Ctrl Pts',(-3.67468540198412,-4.8347517741565,5.));
#5315=CARTESIAN_POINT('Ctrl Pts',(-3.68020871896202,-4.8551701998628,5.));
#5316=CARTESIAN_POINT('Ctrl Pts',(-3.68555376428795,-4.87569410063911,5.));
#5317=CARTESIAN_POINT('Ctrl Pts',(-3.69072843158584,-4.89631733048046,5.));
#5318=CARTESIAN_POINT('Ctrl Pts',(-3.69573846532085,-4.9170351510125,5.));
#5319=CARTESIAN_POINT('Ctrl Pts',(-3.70058633501445,-4.93784495266485,5.));
#5320=CARTESIAN_POINT('Ctrl Pts',(-3.70527254185411,-4.95874541271198,5.));
#5321=CARTESIAN_POINT('Ctrl Pts',(-3.70979641092875,-4.97973598394698,5.));
#5322=CARTESIAN_POINT('Ctrl Pts',(-3.71415702633282,-5.00081629170111,5.));
#5323=CARTESIAN_POINT('Ctrl Pts',(-3.71835425718037,-5.02198547234238,5.));
#5324=CARTESIAN_POINT('Ctrl Pts',(-3.72238922186334,-5.04324187350829,5.));
#5325=CARTESIAN_POINT('Ctrl Pts',(-3.72626373610713,-5.06458340851486,5.));
#5326=CARTESIAN_POINT('Ctrl Pts',(-3.72997998657875,-5.08600776573065,5.));
#5327=CARTESIAN_POINT('Ctrl Pts',(-3.73354014220263,-5.10751265806536,5.));
#5328=CARTESIAN_POINT('Ctrl Pts',(-3.73694592888628,-5.12909609633412,5.));
#5329=CARTESIAN_POINT('Ctrl Pts',(-3.74019844570462,-5.15075650662803,5.));
#5330=CARTESIAN_POINT('Ctrl Pts',(-3.74329840383403,-5.17249257463212,5.));
#5331=CARTESIAN_POINT('Ctrl Pts',(-3.74624627187488,-5.19430315049639,5.));
#5332=CARTESIAN_POINT('Ctrl Pts',(-3.74904244807754,-5.21618713659627,5.));
#5333=CARTESIAN_POINT('Ctrl Pts',(-3.75168744992005,-5.23814336385579,5.));
#5334=CARTESIAN_POINT('Ctrl Pts',(-3.75418200090687,-5.26017053576881,5.));
#5335=CARTESIAN_POINT('Ctrl Pts',(-3.75652692993257,-5.28226729545139,5.));
#5336=CARTESIAN_POINT('Ctrl Pts',(-3.75872311319115,-5.30443226513383,5.));
#5337=CARTESIAN_POINT('Ctrl Pts',(-3.76077140448436,-5.32666409297217,5.));
#5338=CARTESIAN_POINT('Ctrl Pts',(-3.76267256112498,-5.3489615039921,5.));
#5339=CARTESIAN_POINT('Ctrl Pts',(-3.76442720819496,-5.3713233225991,5.));
#5340=CARTESIAN_POINT('Ctrl Pts',(-3.7660358808545,-5.39374843791368,5.));
#5341=CARTESIAN_POINT('Ctrl Pts',(-3.76749905096387,-5.41623578055325,5.));
#5342=CARTESIAN_POINT('Ctrl Pts',(-3.76881715911599,-5.43878429640509,5.));
#5343=CARTESIAN_POINT('Ctrl Pts',(-3.76999064982316,-5.46139291651279,5.));
#5344=CARTESIAN_POINT('Ctrl Pts',(-3.77101999183658,-5.48406054368098,5.));
#5345=CARTESIAN_POINT('Ctrl Pts',(-3.77190566062956,-5.50678607901407,5.));
#5346=CARTESIAN_POINT('Ctrl Pts',(-3.77264812938869,-5.52956844079039,5.));
#5347=CARTESIAN_POINT('Ctrl Pts',(-3.77324785800239,-5.55240658416711,5.));
#5348=CARTESIAN_POINT('Ctrl Pts',(-3.77370528313415,-5.57529952446383,5.));
#5349=CARTESIAN_POINT('Ctrl Pts',(-3.77402081145664,-5.59824634502212,5.));
#5350=CARTESIAN_POINT('Ctrl Pts',(-3.77419482290083,-5.62124615845354,5.));
#5351=CARTESIAN_POINT('Ctrl Pts',(-3.77422767293116,-5.64429807467122,5.));
#5352=CARTESIAN_POINT('Ctrl Pts',(-3.77411969618027,-5.66740116831707,5.));
#5353=CARTESIAN_POINT('Ctrl Pts',(-3.77387121057425,-5.69055444024578,5.));
#5354=CARTESIAN_POINT('Ctrl Pts',(-3.7734825221001,-5.71375679849758,5.));
#5355=CARTESIAN_POINT('Ctrl Pts',(-3.77295392899399,-5.73700713212344,5.));
#5356=CARTESIAN_POINT('Ctrl Pts',(-3.77228572709247,-5.7603043725078,5.));
#5357=CARTESIAN_POINT('Ctrl Pts',(-3.77147821522841,-5.7836475579571,5.));
#5358=CARTESIAN_POINT('Ctrl Pts',(-3.77053170283569,-5.80703589968108,5.));
#5359=CARTESIAN_POINT('Ctrl Pts',(-3.76944651422277,-5.83046883836,5.));
#5360=CARTESIAN_POINT('Ctrl Pts',(-3.76822295479174,-5.85394600206214,5.));
#5361=CARTESIAN_POINT('Ctrl Pts',(-3.76713361585963,-5.87276293825755,5.));
#5362=CARTESIAN_POINT('Ctrl Pts',(-3.76625454004242,-5.88689539735523,5.));
#5363=CARTESIAN_POINT('Ctrl Pts',(-3.76564091127923,-5.89632581471278,5.));
#5364=CARTESIAN_POINT('Ctrl Pts',(-3.76532720234276,-5.90104321788086,5.));
#5365=CARTESIAN_POINT('Ctrl Pts',(-5.90104321788086,-3.76532720234275,0.));
#5366=CARTESIAN_POINT('Ctrl Pts',(-5.90104321788086,-3.76532720234275,5.));
#5367=CARTESIAN_POINT('Ctrl Pts',(-5.89632581471278,-3.76564091127922,0.));
#5368=CARTESIAN_POINT('Ctrl Pts',(-5.89632581471278,-3.76564091127922,5.));
#5369=CARTESIAN_POINT('Ctrl Pts',(-5.88689539735523,-3.76625454004241,0.));
#5370=CARTESIAN_POINT('Ctrl Pts',(-5.88689539735523,-3.76625454004241,5.));
#5371=CARTESIAN_POINT('Ctrl Pts',(-5.87276293825755,-3.76713361585962,0.));
#5372=CARTESIAN_POINT('Ctrl Pts',(-5.87276293825755,-3.76713361585962,5.));
#5373=CARTESIAN_POINT('Ctrl Pts',(-5.85394600206214,-3.76822295479174,0.));
#5374=CARTESIAN_POINT('Ctrl Pts',(-5.85394600206214,-3.76822295479174,5.));
#5375=CARTESIAN_POINT('Ctrl Pts',(-5.83046883836001,-3.76944651422276,0.));
#5376=CARTESIAN_POINT('Ctrl Pts',(-5.83046883836001,-3.76944651422276,5.));
#5377=CARTESIAN_POINT('Ctrl Pts',(-5.80703589968108,-3.77053170283568,0.));
#5378=CARTESIAN_POINT('Ctrl Pts',(-5.80703589968108,-3.77053170283568,5.));
#5379=CARTESIAN_POINT('Ctrl Pts',(-5.78364755795711,-3.77147821522841,0.));
#5380=CARTESIAN_POINT('Ctrl Pts',(-5.78364755795711,-3.77147821522841,5.));
#5381=CARTESIAN_POINT('Ctrl Pts',(-5.7603043725078,-3.77228572709247,0.));
#5382=CARTESIAN_POINT('Ctrl Pts',(-5.7603043725078,-3.77228572709247,5.));
#5383=CARTESIAN_POINT('Ctrl Pts',(-5.73700713212345,-3.77295392899398,0.));
#5384=CARTESIAN_POINT('Ctrl Pts',(-5.73700713212345,-3.77295392899398,5.));
#5385=CARTESIAN_POINT('Ctrl Pts',(-5.71375679849759,-3.7734825221001,0.));
#5386=CARTESIAN_POINT('Ctrl Pts',(-5.71375679849759,-3.7734825221001,5.));
#5387=CARTESIAN_POINT('Ctrl Pts',(-5.69055444024578,-3.77387121057425,0.));
#5388=CARTESIAN_POINT('Ctrl Pts',(-5.69055444024578,-3.77387121057425,5.));
#5389=CARTESIAN_POINT('Ctrl Pts',(-5.66740116831708,-3.77411969618027,0.));
#5390=CARTESIAN_POINT('Ctrl Pts',(-5.66740116831708,-3.77411969618027,5.));
#5391=CARTESIAN_POINT('Ctrl Pts',(-5.64429807467123,-3.77422767293115,0.));
#5392=CARTESIAN_POINT('Ctrl Pts',(-5.64429807467123,-3.77422767293115,5.));
#5393=CARTESIAN_POINT('Ctrl Pts',(-5.62124615845355,-3.77419482290082,0.));
#5394=CARTESIAN_POINT('Ctrl Pts',(-5.62124615845355,-3.77419482290082,5.));
#5395=CARTESIAN_POINT('Ctrl Pts',(-5.59824634502212,-3.77402081145664,0.));
#5396=CARTESIAN_POINT('Ctrl Pts',(-5.59824634502212,-3.77402081145664,5.));
#5397=CARTESIAN_POINT('Ctrl Pts',(-5.57529952446384,-3.77370528313414,0.));
#5398=CARTESIAN_POINT('Ctrl Pts',(-5.57529952446384,-3.77370528313414,5.));
#5399=CARTESIAN_POINT('Ctrl Pts',(-5.55240658416712,-3.77324785800239,0.));
#5400=CARTESIAN_POINT('Ctrl Pts',(-5.55240658416712,-3.77324785800239,5.));
#5401=CARTESIAN_POINT('Ctrl Pts',(-5.5295684407904,-3.77264812938869,0.));
#5402=CARTESIAN_POINT('Ctrl Pts',(-5.5295684407904,-3.77264812938869,5.));
#5403=CARTESIAN_POINT('Ctrl Pts',(-5.50678607901408,-3.77190566062956,0.));
#5404=CARTESIAN_POINT('Ctrl Pts',(-5.50678607901408,-3.77190566062956,5.));
#5405=CARTESIAN_POINT('Ctrl Pts',(-5.48406054368099,-3.77101999183658,0.));
#5406=CARTESIAN_POINT('Ctrl Pts',(-5.48406054368099,-3.77101999183658,5.));
#5407=CARTESIAN_POINT('Ctrl Pts',(-5.4613929165128,-3.76999064982315,0.));
#5408=CARTESIAN_POINT('Ctrl Pts',(-5.4613929165128,-3.76999064982315,5.));
#5409=CARTESIAN_POINT('Ctrl Pts',(-5.4387842964051,-3.76881715911599,0.));
#5410=CARTESIAN_POINT('Ctrl Pts',(-5.4387842964051,-3.76881715911599,5.));
#5411=CARTESIAN_POINT('Ctrl Pts',(-5.41623578055326,-3.76749905096387,0.));
#5412=CARTESIAN_POINT('Ctrl Pts',(-5.41623578055326,-3.76749905096387,5.));
#5413=CARTESIAN_POINT('Ctrl Pts',(-5.39374843791368,-3.76603588085449,0.));
#5414=CARTESIAN_POINT('Ctrl Pts',(-5.39374843791368,-3.76603588085449,5.));
#5415=CARTESIAN_POINT('Ctrl Pts',(-5.3713233225991,-3.76442720819495,0.));
#5416=CARTESIAN_POINT('Ctrl Pts',(-5.3713233225991,-3.76442720819495,5.));
#5417=CARTESIAN_POINT('Ctrl Pts',(-5.3489615039921,-3.76267256112497,0.));
#5418=CARTESIAN_POINT('Ctrl Pts',(-5.3489615039921,-3.76267256112497,5.));
#5419=CARTESIAN_POINT('Ctrl Pts',(-5.32666409297218,-3.76077140448436,0.));
#5420=CARTESIAN_POINT('Ctrl Pts',(-5.32666409297218,-3.76077140448436,5.));
#5421=CARTESIAN_POINT('Ctrl Pts',(-5.30443226513384,-3.75872311319115,0.));
#5422=CARTESIAN_POINT('Ctrl Pts',(-5.30443226513384,-3.75872311319115,5.));
#5423=CARTESIAN_POINT('Ctrl Pts',(-5.2822672954514,-3.75652692993257,0.));
#5424=CARTESIAN_POINT('Ctrl Pts',(-5.2822672954514,-3.75652692993257,5.));
#5425=CARTESIAN_POINT('Ctrl Pts',(-5.26017053576881,-3.75418200090687,0.));
#5426=CARTESIAN_POINT('Ctrl Pts',(-5.26017053576881,-3.75418200090687,5.));
#5427=CARTESIAN_POINT('Ctrl Pts',(-5.23814336385579,-3.75168744992004,0.));
#5428=CARTESIAN_POINT('Ctrl Pts',(-5.23814336385579,-3.75168744992004,5.));
#5429=CARTESIAN_POINT('Ctrl Pts',(-5.21618713659627,-3.74904244807754,0.));
#5430=CARTESIAN_POINT('Ctrl Pts',(-5.21618713659627,-3.74904244807754,5.));
#5431=CARTESIAN_POINT('Ctrl Pts',(-5.1943031504964,-3.74624627187488,0.));
#5432=CARTESIAN_POINT('Ctrl Pts',(-5.1943031504964,-3.74624627187488,5.));
#5433=CARTESIAN_POINT('Ctrl Pts',(-5.17249257463212,-3.74329840383403,0.));
#5434=CARTESIAN_POINT('Ctrl Pts',(-5.17249257463212,-3.74329840383403,5.));
#5435=CARTESIAN_POINT('Ctrl Pts',(-5.15075650662803,-3.74019844570462,0.));
#5436=CARTESIAN_POINT('Ctrl Pts',(-5.15075650662803,-3.74019844570462,5.));
#5437=CARTESIAN_POINT('Ctrl Pts',(-5.12909609633413,-3.73694592888628,0.));
#5438=CARTESIAN_POINT('Ctrl Pts',(-5.12909609633413,-3.73694592888628,5.));
#5439=CARTESIAN_POINT('Ctrl Pts',(-5.10751265806536,-3.73354014220263,0.));
#5440=CARTESIAN_POINT('Ctrl Pts',(-5.10751265806536,-3.73354014220263,5.));
#5441=CARTESIAN_POINT('Ctrl Pts',(-5.08600776573065,-3.72997998657874,0.));
#5442=CARTESIAN_POINT('Ctrl Pts',(-5.08600776573065,-3.72997998657874,5.));
#5443=CARTESIAN_POINT('Ctrl Pts',(-5.06458340851486,-3.72626373610712,0.));
#5444=CARTESIAN_POINT('Ctrl Pts',(-5.06458340851486,-3.72626373610712,5.));
#5445=CARTESIAN_POINT('Ctrl Pts',(-5.04324187350829,-3.72238922186334,0.));
#5446=CARTESIAN_POINT('Ctrl Pts',(-5.04324187350829,-3.72238922186334,5.));
#5447=CARTESIAN_POINT('Ctrl Pts',(-5.02198547234238,-3.71835425718037,0.));
#5448=CARTESIAN_POINT('Ctrl Pts',(-5.02198547234238,-3.71835425718037,5.));
#5449=CARTESIAN_POINT('Ctrl Pts',(-5.00081629170111,-3.71415702633282,0.));
#5450=CARTESIAN_POINT('Ctrl Pts',(-5.00081629170111,-3.71415702633282,5.));
#5451=CARTESIAN_POINT('Ctrl Pts',(-4.97973598394698,-3.70979641092874,0.));
#5452=CARTESIAN_POINT('Ctrl Pts',(-4.97973598394698,-3.70979641092874,5.));
#5453=CARTESIAN_POINT('Ctrl Pts',(-4.95874541271198,-3.70527254185411,0.));
#5454=CARTESIAN_POINT('Ctrl Pts',(-4.95874541271198,-3.70527254185411,5.));
#5455=CARTESIAN_POINT('Ctrl Pts',(-4.93784495266485,-3.70058633501445,0.));
#5456=CARTESIAN_POINT('Ctrl Pts',(-4.93784495266485,-3.70058633501445,5.));
#5457=CARTESIAN_POINT('Ctrl Pts',(-4.91703515101251,-3.69573846532085,0.));
#5458=CARTESIAN_POINT('Ctrl Pts',(-4.91703515101251,-3.69573846532085,5.));
#5459=CARTESIAN_POINT('Ctrl Pts',(-4.89631733048046,-3.69072843158583,0.));
#5460=CARTESIAN_POINT('Ctrl Pts',(-4.89631733048046,-3.69072843158583,5.));
#5461=CARTESIAN_POINT('Ctrl Pts',(-4.87569410063912,-3.68555376428795,0.));
#5462=CARTESIAN_POINT('Ctrl Pts',(-4.87569410063912,-3.68555376428795,5.));
#5463=CARTESIAN_POINT('Ctrl Pts',(-4.8551701998628,-3.68020871896201,0.));
#5464=CARTESIAN_POINT('Ctrl Pts',(-4.8551701998628,-3.68020871896201,5.));
#5465=CARTESIAN_POINT('Ctrl Pts',(-4.83475177415651,-3.67468540198411,0.));
#5466=CARTESIAN_POINT('Ctrl Pts',(-4.83475177415651,-3.67468540198411,5.));
#5467=CARTESIAN_POINT('Ctrl Pts',(-4.81444487948959,-3.66897610485935,0.));
#5468=CARTESIAN_POINT('Ctrl Pts',(-4.81444487948959,-3.66897610485935,5.));
#5469=CARTESIAN_POINT('Ctrl Pts',(-4.79425410588807,-3.66307544886121,0.));
#5470=CARTESIAN_POINT('Ctrl Pts',(-4.79425410588807,-3.66307544886121,5.));
#5471=CARTESIAN_POINT('Ctrl Pts',(-4.77418141330747,-3.656982200968,0.));
#5472=CARTESIAN_POINT('Ctrl Pts',(-4.77418141330747,-3.656982200968,5.));
#5473=CARTESIAN_POINT('Ctrl Pts',(-4.75422420539862,-3.65070227396004,0.));
#5474=CARTESIAN_POINT('Ctrl Pts',(-4.75422420539862,-3.65070227396004,5.));
#5475=CARTESIAN_POINT('Ctrl Pts',(-4.73437728784237,-3.64424569103278,0.));
#5476=CARTESIAN_POINT('Ctrl Pts',(-4.73437728784237,-3.64424569103278,5.));
#5477=CARTESIAN_POINT('Ctrl Pts',(-4.71463643334107,-3.6376210544972,0.));
#5478=CARTESIAN_POINT('Ctrl Pts',(-4.71463643334107,-3.6376210544972,5.));
#5479=CARTESIAN_POINT('Ctrl Pts',(-4.69500168317944,-3.63083042323024,0.));
#5480=CARTESIAN_POINT('Ctrl Pts',(-4.69500168317944,-3.63083042323024,5.));
#5481=CARTESIAN_POINT('Ctrl Pts',(-4.67548020277839,-3.6238648847543,0.));
#5482=CARTESIAN_POINT('Ctrl Pts',(-4.67548020277839,-3.6238648847543,5.));
#5483=CARTESIAN_POINT('Ctrl Pts',(-4.6560907641234,-3.61669759570558,0.));
#5484=CARTESIAN_POINT('Ctrl Pts',(-4.6560907641234,-3.61669759570558,5.));
#5485=CARTESIAN_POINT('Ctrl Pts',(-4.63685871371056,-3.60929163027257,0.));
#5486=CARTESIAN_POINT('Ctrl Pts',(-4.63685871371056,-3.60929163027257,5.));
#5487=CARTESIAN_POINT('Ctrl Pts',(-4.61780797301123,-3.60161245225279,0.));
#5488=CARTESIAN_POINT('Ctrl Pts',(-4.61780797301123,-3.60161245225279,5.));
#5489=CARTESIAN_POINT('Ctrl Pts',(-4.59895352660513,-3.59363961765196,0.));
#5490=CARTESIAN_POINT('Ctrl Pts',(-4.59895352660513,-3.59363961765196,5.));
#5491=CARTESIAN_POINT('Ctrl Pts',(-4.58029480688377,-3.58537710659318,0.));
#5492=CARTESIAN_POINT('Ctrl Pts',(-4.58029480688377,-3.58537710659318,5.));
#5493=CARTESIAN_POINT('Ctrl Pts',(-4.56180578707914,-3.57686871574483,0.));
#5494=CARTESIAN_POINT('Ctrl Pts',(-4.56180578707914,-3.57686871574483,5.));
#5495=CARTESIAN_POINT('Ctrl Pts',(-4.54344969366865,-3.56817557372724,0.));
#5496=CARTESIAN_POINT('Ctrl Pts',(-4.54344969366865,-3.56817557372724,5.));
#5497=CARTESIAN_POINT('Ctrl Pts',(-4.52519889297839,-3.55934568661767,0.));
#5498=CARTESIAN_POINT('Ctrl Pts',(-4.52519889297839,-3.55934568661767,5.));
#5499=CARTESIAN_POINT('Ctrl Pts',(-4.50705360432618,-3.5503853094527,0.));
#5500=CARTESIAN_POINT('Ctrl Pts',(-4.50705360432618,-3.5503853094527,5.));
#5501=CARTESIAN_POINT('Ctrl Pts',(-4.48905977096225,-3.54123156921917,0.));
#5502=CARTESIAN_POINT('Ctrl Pts',(-4.48905977096225,-3.54123156921917,5.));
#5503=CARTESIAN_POINT('Ctrl Pts',(-4.47133099114371,-3.53171896017523,0.));
#5504=CARTESIAN_POINT('Ctrl Pts',(-4.47133099114371,-3.53171896017523,5.));
#5505=CARTESIAN_POINT('Ctrl Pts',(-4.45401808821774,-3.52162497742404,0.));
#5506=CARTESIAN_POINT('Ctrl Pts',(-4.45401808821774,-3.52162497742404,5.));
#5507=CARTESIAN_POINT('Ctrl Pts',(-4.4406220391221,-3.51290443307211,0.));
#5508=CARTESIAN_POINT('Ctrl Pts',(-4.4406220391221,-3.51290443307211,5.));
#5509=CARTESIAN_POINT('Ctrl Pts',(-4.43088411565683,-3.505921328951,0.));
#5510=CARTESIAN_POINT('Ctrl Pts',(-4.43088411565683,-3.505921328951,5.));
#5511=CARTESIAN_POINT('Ctrl Pts',(-4.42453637881091,-3.5010589971268,0.));
#5512=CARTESIAN_POINT('Ctrl Pts',(-4.42453637881091,-3.5010589971268,5.));
#5513=CARTESIAN_POINT('Ctrl Pts',(-4.42139856376188,-3.49857609843004,0.));
#5514=CARTESIAN_POINT('Ctrl Pts',(-4.42139856376188,-3.49857609843004,5.));
#5515=CARTESIAN_POINT('',(-5.90104321788086,-3.76532720234275,0.));
#5516=CARTESIAN_POINT('Ctrl Pts',(-4.42139856376188,-3.49857609843004,0.));
#5517=CARTESIAN_POINT('Ctrl Pts',(-4.42453637881091,-3.5010589971268,0.));
#5518=CARTESIAN_POINT('Ctrl Pts',(-4.43088411565683,-3.505921328951,0.));
#5519=CARTESIAN_POINT('Ctrl Pts',(-4.4406220391221,-3.51290443307211,0.));
#5520=CARTESIAN_POINT('Ctrl Pts',(-4.45401808821774,-3.52162497742404,0.));
#5521=CARTESIAN_POINT('Ctrl Pts',(-4.47133099114371,-3.53171896017523,0.));
#5522=CARTESIAN_POINT('Ctrl Pts',(-4.48905977096225,-3.54123156921917,0.));
#5523=CARTESIAN_POINT('Ctrl Pts',(-4.50705360432618,-3.5503853094527,0.));
#5524=CARTESIAN_POINT('Ctrl Pts',(-4.52519889297839,-3.55934568661767,0.));
#5525=CARTESIAN_POINT('Ctrl Pts',(-4.54344969366865,-3.56817557372724,0.));
#5526=CARTESIAN_POINT('Ctrl Pts',(-4.56180578707914,-3.57686871574483,0.));
#5527=CARTESIAN_POINT('Ctrl Pts',(-4.58029480688377,-3.58537710659318,0.));
#5528=CARTESIAN_POINT('Ctrl Pts',(-4.59895352660513,-3.59363961765196,0.));
#5529=CARTESIAN_POINT('Ctrl Pts',(-4.61780797301123,-3.60161245225279,0.));
#5530=CARTESIAN_POINT('Ctrl Pts',(-4.63685871371056,-3.60929163027257,0.));
#5531=CARTESIAN_POINT('Ctrl Pts',(-4.6560907641234,-3.61669759570558,0.));
#5532=CARTESIAN_POINT('Ctrl Pts',(-4.67548020277839,-3.6238648847543,0.));
#5533=CARTESIAN_POINT('Ctrl Pts',(-4.69500168317944,-3.63083042323024,0.));
#5534=CARTESIAN_POINT('Ctrl Pts',(-4.71463643334107,-3.6376210544972,0.));
#5535=CARTESIAN_POINT('Ctrl Pts',(-4.73437728784237,-3.64424569103278,0.));
#5536=CARTESIAN_POINT('Ctrl Pts',(-4.75422420539862,-3.65070227396004,0.));
#5537=CARTESIAN_POINT('Ctrl Pts',(-4.77418141330747,-3.656982200968,0.));
#5538=CARTESIAN_POINT('Ctrl Pts',(-4.79425410588807,-3.66307544886121,0.));
#5539=CARTESIAN_POINT('Ctrl Pts',(-4.81444487948959,-3.66897610485935,0.));
#5540=CARTESIAN_POINT('Ctrl Pts',(-4.83475177415651,-3.67468540198411,0.));
#5541=CARTESIAN_POINT('Ctrl Pts',(-4.8551701998628,-3.68020871896201,0.));
#5542=CARTESIAN_POINT('Ctrl Pts',(-4.87569410063912,-3.68555376428795,0.));
#5543=CARTESIAN_POINT('Ctrl Pts',(-4.89631733048046,-3.69072843158583,0.));
#5544=CARTESIAN_POINT('Ctrl Pts',(-4.91703515101251,-3.69573846532085,0.));
#5545=CARTESIAN_POINT('Ctrl Pts',(-4.93784495266485,-3.70058633501445,0.));
#5546=CARTESIAN_POINT('Ctrl Pts',(-4.95874541271198,-3.70527254185411,0.));
#5547=CARTESIAN_POINT('Ctrl Pts',(-4.97973598394698,-3.70979641092874,0.));
#5548=CARTESIAN_POINT('Ctrl Pts',(-5.00081629170111,-3.71415702633282,0.));
#5549=CARTESIAN_POINT('Ctrl Pts',(-5.02198547234238,-3.71835425718037,0.));
#5550=CARTESIAN_POINT('Ctrl Pts',(-5.04324187350829,-3.72238922186334,0.));
#5551=CARTESIAN_POINT('Ctrl Pts',(-5.06458340851486,-3.72626373610712,0.));
#5552=CARTESIAN_POINT('Ctrl Pts',(-5.08600776573065,-3.72997998657874,0.));
#5553=CARTESIAN_POINT('Ctrl Pts',(-5.10751265806536,-3.73354014220263,0.));
#5554=CARTESIAN_POINT('Ctrl Pts',(-5.12909609633413,-3.73694592888628,0.));
#5555=CARTESIAN_POINT('Ctrl Pts',(-5.15075650662803,-3.74019844570462,0.));
#5556=CARTESIAN_POINT('Ctrl Pts',(-5.17249257463212,-3.74329840383403,0.));
#5557=CARTESIAN_POINT('Ctrl Pts',(-5.1943031504964,-3.74624627187488,0.));
#5558=CARTESIAN_POINT('Ctrl Pts',(-5.21618713659627,-3.74904244807754,0.));
#5559=CARTESIAN_POINT('Ctrl Pts',(-5.23814336385579,-3.75168744992004,0.));
#5560=CARTESIAN_POINT('Ctrl Pts',(-5.26017053576881,-3.75418200090687,0.));
#5561=CARTESIAN_POINT('Ctrl Pts',(-5.2822672954514,-3.75652692993257,0.));
#5562=CARTESIAN_POINT('Ctrl Pts',(-5.30443226513384,-3.75872311319115,0.));
#5563=CARTESIAN_POINT('Ctrl Pts',(-5.32666409297218,-3.76077140448436,0.));
#5564=CARTESIAN_POINT('Ctrl Pts',(-5.3489615039921,-3.76267256112497,0.));
#5565=CARTESIAN_POINT('Ctrl Pts',(-5.3713233225991,-3.76442720819495,0.));
#5566=CARTESIAN_POINT('Ctrl Pts',(-5.39374843791368,-3.76603588085449,0.));
#5567=CARTESIAN_POINT('Ctrl Pts',(-5.41623578055326,-3.76749905096387,0.));
#5568=CARTESIAN_POINT('Ctrl Pts',(-5.4387842964051,-3.76881715911599,0.));
#5569=CARTESIAN_POINT('Ctrl Pts',(-5.4613929165128,-3.76999064982315,0.));
#5570=CARTESIAN_POINT('Ctrl Pts',(-5.48406054368099,-3.77101999183658,0.));
#5571=CARTESIAN_POINT('Ctrl Pts',(-5.50678607901408,-3.77190566062956,0.));
#5572=CARTESIAN_POINT('Ctrl Pts',(-5.5295684407904,-3.77264812938869,0.));
#5573=CARTESIAN_POINT('Ctrl Pts',(-5.55240658416712,-3.77324785800239,0.));
#5574=CARTESIAN_POINT('Ctrl Pts',(-5.57529952446384,-3.77370528313414,0.));
#5575=CARTESIAN_POINT('Ctrl Pts',(-5.59824634502212,-3.77402081145664,0.));
#5576=CARTESIAN_POINT('Ctrl Pts',(-5.62124615845355,-3.77419482290082,0.));
#5577=CARTESIAN_POINT('Ctrl Pts',(-5.64429807467123,-3.77422767293115,0.));
#5578=CARTESIAN_POINT('Ctrl Pts',(-5.66740116831708,-3.77411969618027,0.));
#5579=CARTESIAN_POINT('Ctrl Pts',(-5.69055444024578,-3.77387121057425,0.));
#5580=CARTESIAN_POINT('Ctrl Pts',(-5.71375679849759,-3.7734825221001,0.));
#5581=CARTESIAN_POINT('Ctrl Pts',(-5.73700713212345,-3.77295392899398,0.));
#5582=CARTESIAN_POINT('Ctrl Pts',(-5.7603043725078,-3.77228572709247,0.));
#5583=CARTESIAN_POINT('Ctrl Pts',(-5.78364755795711,-3.77147821522841,0.));
#5584=CARTESIAN_POINT('Ctrl Pts',(-5.80703589968108,-3.77053170283568,0.));
#5585=CARTESIAN_POINT('Ctrl Pts',(-5.83046883836001,-3.76944651422276,0.));
#5586=CARTESIAN_POINT('Ctrl Pts',(-5.85394600206214,-3.76822295479174,0.));
#5587=CARTESIAN_POINT('Ctrl Pts',(-5.87276293825755,-3.76713361585962,0.));
#5588=CARTESIAN_POINT('Ctrl Pts',(-5.88689539735523,-3.76625454004241,0.));
#5589=CARTESIAN_POINT('Ctrl Pts',(-5.89632581471278,-3.76564091127922,0.));
#5590=CARTESIAN_POINT('Ctrl Pts',(-5.90104321788086,-3.76532720234275,0.));
#5591=CARTESIAN_POINT('',(-5.90104321788086,-3.76532720234275,5.));
#5592=CARTESIAN_POINT('Ctrl Pts',(-5.90104321788086,-3.76532720234275,5.));
#5593=CARTESIAN_POINT('Ctrl Pts',(-5.89632581471278,-3.76564091127922,5.));
#5594=CARTESIAN_POINT('Ctrl Pts',(-5.88689539735523,-3.76625454004241,5.));
#5595=CARTESIAN_POINT('Ctrl Pts',(-5.87276293825755,-3.76713361585962,5.));
#5596=CARTESIAN_POINT('Ctrl Pts',(-5.85394600206214,-3.76822295479174,5.));
#5597=CARTESIAN_POINT('Ctrl Pts',(-5.83046883836001,-3.76944651422276,5.));
#5598=CARTESIAN_POINT('Ctrl Pts',(-5.80703589968108,-3.77053170283568,5.));
#5599=CARTESIAN_POINT('Ctrl Pts',(-5.78364755795711,-3.77147821522841,5.));
#5600=CARTESIAN_POINT('Ctrl Pts',(-5.7603043725078,-3.77228572709247,5.));
#5601=CARTESIAN_POINT('Ctrl Pts',(-5.73700713212345,-3.77295392899398,5.));
#5602=CARTESIAN_POINT('Ctrl Pts',(-5.71375679849759,-3.7734825221001,5.));
#5603=CARTESIAN_POINT('Ctrl Pts',(-5.69055444024578,-3.77387121057425,5.));
#5604=CARTESIAN_POINT('Ctrl Pts',(-5.66740116831708,-3.77411969618027,5.));
#5605=CARTESIAN_POINT('Ctrl Pts',(-5.64429807467123,-3.77422767293115,5.));
#5606=CARTESIAN_POINT('Ctrl Pts',(-5.62124615845355,-3.77419482290082,5.));
#5607=CARTESIAN_POINT('Ctrl Pts',(-5.59824634502212,-3.77402081145664,5.));
#5608=CARTESIAN_POINT('Ctrl Pts',(-5.57529952446384,-3.77370528313414,5.));
#5609=CARTESIAN_POINT('Ctrl Pts',(-5.55240658416712,-3.77324785800239,5.));
#5610=CARTESIAN_POINT('Ctrl Pts',(-5.5295684407904,-3.77264812938869,5.));
#5611=CARTESIAN_POINT('Ctrl Pts',(-5.50678607901408,-3.77190566062956,5.));
#5612=CARTESIAN_POINT('Ctrl Pts',(-5.48406054368099,-3.77101999183658,5.));
#5613=CARTESIAN_POINT('Ctrl Pts',(-5.4613929165128,-3.76999064982315,5.));
#5614=CARTESIAN_POINT('Ctrl Pts',(-5.4387842964051,-3.76881715911599,5.));
#5615=CARTESIAN_POINT('Ctrl Pts',(-5.41623578055326,-3.76749905096387,5.));
#5616=CARTESIAN_POINT('Ctrl Pts',(-5.39374843791368,-3.76603588085449,5.));
#5617=CARTESIAN_POINT('Ctrl Pts',(-5.3713233225991,-3.76442720819495,5.));
#5618=CARTESIAN_POINT('Ctrl Pts',(-5.3489615039921,-3.76267256112497,5.));
#5619=CARTESIAN_POINT('Ctrl Pts',(-5.32666409297218,-3.76077140448436,5.));
#5620=CARTESIAN_POINT('Ctrl Pts',(-5.30443226513384,-3.75872311319115,5.));
#5621=CARTESIAN_POINT('Ctrl Pts',(-5.2822672954514,-3.75652692993257,5.));
#5622=CARTESIAN_POINT('Ctrl Pts',(-5.26017053576881,-3.75418200090687,5.));
#5623=CARTESIAN_POINT('Ctrl Pts',(-5.23814336385579,-3.75168744992004,5.));
#5624=CARTESIAN_POINT('Ctrl Pts',(-5.21618713659627,-3.74904244807754,5.));
#5625=CARTESIAN_POINT('Ctrl Pts',(-5.1943031504964,-3.74624627187488,5.));
#5626=CARTESIAN_POINT('Ctrl Pts',(-5.17249257463212,-3.74329840383403,5.));
#5627=CARTESIAN_POINT('Ctrl Pts',(-5.15075650662803,-3.74019844570462,5.));
#5628=CARTESIAN_POINT('Ctrl Pts',(-5.12909609633413,-3.73694592888628,5.));
#5629=CARTESIAN_POINT('Ctrl Pts',(-5.10751265806536,-3.73354014220263,5.));
#5630=CARTESIAN_POINT('Ctrl Pts',(-5.08600776573065,-3.72997998657874,5.));
#5631=CARTESIAN_POINT('Ctrl Pts',(-5.06458340851486,-3.72626373610712,5.));
#5632=CARTESIAN_POINT('Ctrl Pts',(-5.04324187350829,-3.72238922186334,5.));
#5633=CARTESIAN_POINT('Ctrl Pts',(-5.02198547234238,-3.71835425718037,5.));
#5634=CARTESIAN_POINT('Ctrl Pts',(-5.00081629170111,-3.71415702633282,5.));
#5635=CARTESIAN_POINT('Ctrl Pts',(-4.97973598394698,-3.70979641092874,5.));
#5636=CARTESIAN_POINT('Ctrl Pts',(-4.95874541271198,-3.70527254185411,5.));
#5637=CARTESIAN_POINT('Ctrl Pts',(-4.93784495266485,-3.70058633501445,5.));
#5638=CARTESIAN_POINT('Ctrl Pts',(-4.91703515101251,-3.69573846532085,5.));
#5639=CARTESIAN_POINT('Ctrl Pts',(-4.89631733048046,-3.69072843158583,5.));
#5640=CARTESIAN_POINT('Ctrl Pts',(-4.87569410063912,-3.68555376428795,5.));
#5641=CARTESIAN_POINT('Ctrl Pts',(-4.8551701998628,-3.68020871896201,5.));
#5642=CARTESIAN_POINT('Ctrl Pts',(-4.83475177415651,-3.67468540198411,5.));
#5643=CARTESIAN_POINT('Ctrl Pts',(-4.81444487948959,-3.66897610485935,5.));
#5644=CARTESIAN_POINT('Ctrl Pts',(-4.79425410588807,-3.66307544886121,5.));
#5645=CARTESIAN_POINT('Ctrl Pts',(-4.77418141330747,-3.656982200968,5.));
#5646=CARTESIAN_POINT('Ctrl Pts',(-4.75422420539862,-3.65070227396004,5.));
#5647=CARTESIAN_POINT('Ctrl Pts',(-4.73437728784237,-3.64424569103278,5.));
#5648=CARTESIAN_POINT('Ctrl Pts',(-4.71463643334107,-3.6376210544972,5.));
#5649=CARTESIAN_POINT('Ctrl Pts',(-4.69500168317944,-3.63083042323024,5.));
#5650=CARTESIAN_POINT('Ctrl Pts',(-4.67548020277839,-3.6238648847543,5.));
#5651=CARTESIAN_POINT('Ctrl Pts',(-4.6560907641234,-3.61669759570558,5.));
#5652=CARTESIAN_POINT('Ctrl Pts',(-4.63685871371056,-3.60929163027257,5.));
#5653=CARTESIAN_POINT('Ctrl Pts',(-4.61780797301123,-3.60161245225279,5.));
#5654=CARTESIAN_POINT('Ctrl Pts',(-4.59895352660513,-3.59363961765196,5.));
#5655=CARTESIAN_POINT('Ctrl Pts',(-4.58029480688377,-3.58537710659318,5.));
#5656=CARTESIAN_POINT('Ctrl Pts',(-4.56180578707914,-3.57686871574483,5.));
#5657=CARTESIAN_POINT('Ctrl Pts',(-4.54344969366865,-3.56817557372724,5.));
#5658=CARTESIAN_POINT('Ctrl Pts',(-4.52519889297839,-3.55934568661767,5.));
#5659=CARTESIAN_POINT('Ctrl Pts',(-4.50705360432618,-3.5503853094527,5.));
#5660=CARTESIAN_POINT('Ctrl Pts',(-4.48905977096225,-3.54123156921917,5.));
#5661=CARTESIAN_POINT('Ctrl Pts',(-4.47133099114371,-3.53171896017523,5.));
#5662=CARTESIAN_POINT('Ctrl Pts',(-4.45401808821774,-3.52162497742404,5.));
#5663=CARTESIAN_POINT('Ctrl Pts',(-4.4406220391221,-3.51290443307211,5.));
#5664=CARTESIAN_POINT('Ctrl Pts',(-4.43088411565683,-3.505921328951,5.));
#5665=CARTESIAN_POINT('Ctrl Pts',(-4.42453637881091,-3.5010589971268,5.));
#5666=CARTESIAN_POINT('Ctrl Pts',(-4.42139856376188,-3.49857609843004,5.));
#5667=CARTESIAN_POINT('',(-5.90104321788086,-3.76532720234275,0.));
#5668=CARTESIAN_POINT('Origin',(-7.72069518583001E-13,-4.45754544387E-13,
0.));
#5669=CARTESIAN_POINT('',(-6.21139061972984,-3.22778973434331,0.));
#5670=CARTESIAN_POINT('Origin',(-7.72069518583001E-13,-4.45754544387E-13,
0.));
#5671=CARTESIAN_POINT('',(-6.21139061972984,-3.22778973434331,5.));
#5672=CARTESIAN_POINT('Origin',(-7.72069518583001E-13,-4.45754544387E-13,
5.));
#5673=CARTESIAN_POINT('',(-6.21139061972984,-3.22778973434331,0.));
#5674=CARTESIAN_POINT('Ctrl Pts',(-5.2405550601944,-2.0797554272588,0.));
#5675=CARTESIAN_POINT('Ctrl Pts',(-5.2405550601944,-2.0797554272588,5.));
#5676=CARTESIAN_POINT('Ctrl Pts',(-5.24427422106534,-2.08123140545525,0.));
#5677=CARTESIAN_POINT('Ctrl Pts',(-5.24427422106534,-2.08123140545525,5.));
#5678=CARTESIAN_POINT('Ctrl Pts',(-5.25165899236968,-2.08429754090826,0.));
#5679=CARTESIAN_POINT('Ctrl Pts',(-5.25165899236968,-2.08429754090826,5.));
#5680=CARTESIAN_POINT('Ctrl Pts',(-5.26257549966847,-2.08923927794874,0.));
#5681=CARTESIAN_POINT('Ctrl Pts',(-5.26257549966847,-2.08923927794874,5.));
#5682=CARTESIAN_POINT('Ctrl Pts',(-5.27682573715989,-2.09648032459994,0.));
#5683=CARTESIAN_POINT('Ctrl Pts',(-5.27682573715989,-2.09648032459994,5.));
#5684=CARTESIAN_POINT('Ctrl Pts',(-5.29422383411077,-2.10642674697148,0.));
#5685=CARTESIAN_POINT('Ctrl Pts',(-5.29422383411077,-2.10642674697148,5.));
#5686=CARTESIAN_POINT('Ctrl Pts',(-5.31132638510836,-2.11702401615047,0.));
#5687=CARTESIAN_POINT('Ctrl Pts',(-5.31132638510836,-2.11702401615047,5.));
#5688=CARTESIAN_POINT('Ctrl Pts',(-5.32825067337221,-2.12803026283834,0.));
#5689=CARTESIAN_POINT('Ctrl Pts',(-5.32825067337221,-2.12803026283834,5.));
#5690=CARTESIAN_POINT('Ctrl Pts',(-5.34508323195067,-2.13926435518766,0.));
#5691=CARTESIAN_POINT('Ctrl Pts',(-5.34508323195067,-2.13926435518766,5.));
#5692=CARTESIAN_POINT('Ctrl Pts',(-5.36185553884522,-2.15065506867005,0.));
#5693=CARTESIAN_POINT('Ctrl Pts',(-5.36185553884522,-2.15065506867005,5.));
#5694=CARTESIAN_POINT('Ctrl Pts',(-5.37856206737642,-2.16220534086898,0.));
#5695=CARTESIAN_POINT('Ctrl Pts',(-5.37856206737642,-2.16220534086898,5.));
#5696=CARTESIAN_POINT('Ctrl Pts',(-5.39517505989873,-2.17396310628669,0.));
#5697=CARTESIAN_POINT('Ctrl Pts',(-5.39517505989873,-2.17396310628669,5.));
#5698=CARTESIAN_POINT('Ctrl Pts',(-5.41165996423536,-2.18599077603809,0.));
#5699=CARTESIAN_POINT('Ctrl Pts',(-5.41165996423536,-2.18599077603809,5.));
#5700=CARTESIAN_POINT('Ctrl Pts',(-5.4279918647429,-2.19833278829965,0.));
#5701=CARTESIAN_POINT('Ctrl Pts',(-5.4279918647429,-2.19833278829965,5.));
#5702=CARTESIAN_POINT('Ctrl Pts',(-5.44416759833788,-2.2109916246963,0.));
#5703=CARTESIAN_POINT('Ctrl Pts',(-5.44416759833788,-2.2109916246963,5.));
#5704=CARTESIAN_POINT('Ctrl Pts',(-5.46019737774884,-2.22394408620417,0.));
#5705=CARTESIAN_POINT('Ctrl Pts',(-5.46019737774884,-2.22394408620417,5.));
#5706=CARTESIAN_POINT('Ctrl Pts',(-5.47609915146879,-2.23715218812015,0.));
#5707=CARTESIAN_POINT('Ctrl Pts',(-5.47609915146879,-2.23715218812015,5.));
#5708=CARTESIAN_POINT('Ctrl Pts',(-5.49189222494051,-2.25057551682897,0.));
#5709=CARTESIAN_POINT('Ctrl Pts',(-5.49189222494051,-2.25057551682897,5.));
#5710=CARTESIAN_POINT('Ctrl Pts',(-5.50759045920624,-2.26418439363242,0.));
#5711=CARTESIAN_POINT('Ctrl Pts',(-5.50759045920624,-2.26418439363242,5.));
#5712=CARTESIAN_POINT('Ctrl Pts',(-5.52319798998755,-2.27796815685517,0.));
#5713=CARTESIAN_POINT('Ctrl Pts',(-5.52319798998755,-2.27796815685517,5.));
#5714=CARTESIAN_POINT('Ctrl Pts',(-5.53871301360232,-2.29192780018207,0.));
#5715=CARTESIAN_POINT('Ctrl Pts',(-5.53871301360232,-2.29192780018207,5.));
#5716=CARTESIAN_POINT('Ctrl Pts',(-5.55413019387955,-2.30607128571576,0.));
#5717=CARTESIAN_POINT('Ctrl Pts',(-5.55413019387955,-2.30607128571576,5.));
#5718=CARTESIAN_POINT('Ctrl Pts',(-5.56944344763693,-2.32040812346632,0.));
#5719=CARTESIAN_POINT('Ctrl Pts',(-5.56944344763693,-2.32040812346632,5.));
#5720=CARTESIAN_POINT('Ctrl Pts',(-5.58464895243107,-2.33494351832822,0.));
#5721=CARTESIAN_POINT('Ctrl Pts',(-5.58464895243107,-2.33494351832822,5.));
#5722=CARTESIAN_POINT('Ctrl Pts',(-5.59974679611233,-2.34967515641936,0.));
#5723=CARTESIAN_POINT('Ctrl Pts',(-5.59974679611233,-2.34967515641936,5.));
#5724=CARTESIAN_POINT('Ctrl Pts',(-5.61473934178149,-2.36459637329735,0.));
#5725=CARTESIAN_POINT('Ctrl Pts',(-5.61473934178149,-2.36459637329735,5.));
#5726=CARTESIAN_POINT('Ctrl Pts',(-5.62963023720629,-2.37969807009142,0.));
#5727=CARTESIAN_POINT('Ctrl Pts',(-5.62963023720629,-2.37969807009142,5.));
#5728=CARTESIAN_POINT('Ctrl Pts',(-5.64442324546306,-2.39497097739317,0.));
#5729=CARTESIAN_POINT('Ctrl Pts',(-5.64442324546306,-2.39497097739317,5.));
#5730=CARTESIAN_POINT('Ctrl Pts',(-5.65912097221742,-2.41040811941746,0.));
#5731=CARTESIAN_POINT('Ctrl Pts',(-5.65912097221742,-2.41040811941746,5.));
#5732=CARTESIAN_POINT('Ctrl Pts',(-5.67372425135249,-2.4260060014493,0.));
#5733=CARTESIAN_POINT('Ctrl Pts',(-5.67372425135249,-2.4260060014493,5.));
#5734=CARTESIAN_POINT('Ctrl Pts',(-5.68823285554659,-2.44176322738107,0.));
#5735=CARTESIAN_POINT('Ctrl Pts',(-5.68823285554659,-2.44176322738107,5.));
#5736=CARTESIAN_POINT('Ctrl Pts',(-5.70264592670612,-2.45767966077321,0.));
#5737=CARTESIAN_POINT('Ctrl Pts',(-5.70264592670612,-2.45767966077321,5.));
#5738=CARTESIAN_POINT('Ctrl Pts',(-5.71696248429925,-2.47375543510584,0.));
#5739=CARTESIAN_POINT('Ctrl Pts',(-5.71696248429925,-2.47375543510584,5.));
#5740=CARTESIAN_POINT('Ctrl Pts',(-5.73118198315941,-2.48998986789471,0.));
#5741=CARTESIAN_POINT('Ctrl Pts',(-5.73118198315941,-2.48998986789471,5.));
#5742=CARTESIAN_POINT('Ctrl Pts',(-5.74530456566119,-2.50638096895594,0.));
#5743=CARTESIAN_POINT('Ctrl Pts',(-5.74530456566119,-2.50638096895594,5.));
#5744=CARTESIAN_POINT('Ctrl Pts',(-5.75933076092691,-2.52292602330548,0.));
#5745=CARTESIAN_POINT('Ctrl Pts',(-5.75933076092691,-2.52292602330548,5.));
#5746=CARTESIAN_POINT('Ctrl Pts',(-5.77326130685006,-2.5396219356783,0.));
#5747=CARTESIAN_POINT('Ctrl Pts',(-5.77326130685006,-2.5396219356783,5.));
#5748=CARTESIAN_POINT('Ctrl Pts',(-5.78709693822913,-2.55646564093387,0.));
#5749=CARTESIAN_POINT('Ctrl Pts',(-5.78709693822913,-2.55646564093387,5.));
#5750=CARTESIAN_POINT('Ctrl Pts',(-5.80083815515142,-2.57345455343381,0.));
#5751=CARTESIAN_POINT('Ctrl Pts',(-5.80083815515142,-2.57345455343381,5.));
#5752=CARTESIAN_POINT('Ctrl Pts',(-5.81448512248929,-2.59058676059555,0.));
#5753=CARTESIAN_POINT('Ctrl Pts',(-5.81448512248929,-2.59058676059555,5.));
#5754=CARTESIAN_POINT('Ctrl Pts',(-5.82803779898207,-2.60786076860078,0.));
#5755=CARTESIAN_POINT('Ctrl Pts',(-5.82803779898207,-2.60786076860078,5.));
#5756=CARTESIAN_POINT('Ctrl Pts',(-5.84149601552459,-2.62527534734998,0.));
#5757=CARTESIAN_POINT('Ctrl Pts',(-5.84149601552459,-2.62527534734998,5.));
#5758=CARTESIAN_POINT('Ctrl Pts',(-5.85485956819949,-2.64282934714721,0.));
#5759=CARTESIAN_POINT('Ctrl Pts',(-5.85485956819949,-2.64282934714721,5.));
#5760=CARTESIAN_POINT('Ctrl Pts',(-5.86812832061791,-2.66052149680396,0.));
#5761=CARTESIAN_POINT('Ctrl Pts',(-5.86812832061791,-2.66052149680396,5.));
#5762=CARTESIAN_POINT('Ctrl Pts',(-5.88130225110005,-2.67835031176076,0.));
#5763=CARTESIAN_POINT('Ctrl Pts',(-5.88130225110005,-2.67835031176076,5.));
#5764=CARTESIAN_POINT('Ctrl Pts',(-5.89438139904767,-2.69631420247434,0.));
#5765=CARTESIAN_POINT('Ctrl Pts',(-5.89438139904767,-2.69631420247434,5.));
#5766=CARTESIAN_POINT('Ctrl Pts',(-5.90736583438219,-2.71441153766416,0.));
#5767=CARTESIAN_POINT('Ctrl Pts',(-5.90736583438219,-2.71441153766416,5.));
#5768=CARTESIAN_POINT('Ctrl Pts',(-5.92025562059563,-2.73264071969812,0.));
#5769=CARTESIAN_POINT('Ctrl Pts',(-5.92025562059563,-2.73264071969812,5.));
#5770=CARTESIAN_POINT('Ctrl Pts',(-5.93305077605293,-2.75100026575969,0.));
#5771=CARTESIAN_POINT('Ctrl Pts',(-5.93305077605293,-2.75100026575969,5.));
#5772=CARTESIAN_POINT('Ctrl Pts',(-5.94575125429371,-2.76948884521318,0.));
#5773=CARTESIAN_POINT('Ctrl Pts',(-5.94575125429371,-2.76948884521318,5.));
#5774=CARTESIAN_POINT('Ctrl Pts',(-5.95835696334054,-2.78810522842863,0.));
#5775=CARTESIAN_POINT('Ctrl Pts',(-5.95835696334054,-2.78810522842863,5.));
#5776=CARTESIAN_POINT('Ctrl Pts',(-5.97086777714511,-2.80684825336342,0.));
#5777=CARTESIAN_POINT('Ctrl Pts',(-5.97086777714511,-2.80684825336342,5.));
#5778=CARTESIAN_POINT('Ctrl Pts',(-5.98328355021569,-2.82571678683269,0.));
#5779=CARTESIAN_POINT('Ctrl Pts',(-5.98328355021569,-2.82571678683269,5.));
#5780=CARTESIAN_POINT('Ctrl Pts',(-5.99560413303305,-2.84470968083689,0.));
#5781=CARTESIAN_POINT('Ctrl Pts',(-5.99560413303305,-2.84470968083689,5.));
#5782=CARTESIAN_POINT('Ctrl Pts',(-6.00782938294996,-2.86382575080134,0.));
#5783=CARTESIAN_POINT('Ctrl Pts',(-6.00782938294996,-2.86382575080134,5.));
#5784=CARTESIAN_POINT('Ctrl Pts',(-6.01995916229057,-2.88306380731791,0.));
#5785=CARTESIAN_POINT('Ctrl Pts',(-6.01995916229057,-2.88306380731791,5.));
#5786=CARTESIAN_POINT('Ctrl Pts',(-6.03199333998564,-2.90242267699485,0.));
#5787=CARTESIAN_POINT('Ctrl Pts',(-6.03199333998564,-2.90242267699485,5.));
#5788=CARTESIAN_POINT('Ctrl Pts',(-6.04393179188884,-2.92190122502751,0.));
#5789=CARTESIAN_POINT('Ctrl Pts',(-6.04393179188884,-2.92190122502751,5.));
#5790=CARTESIAN_POINT('Ctrl Pts',(-6.05577440382163,-2.94149838032591,0.));
#5791=CARTESIAN_POINT('Ctrl Pts',(-6.05577440382163,-2.94149838032591,5.));
#5792=CARTESIAN_POINT('Ctrl Pts',(-6.06752106964367,-2.96121314570422,0.));
#5793=CARTESIAN_POINT('Ctrl Pts',(-6.06752106964367,-2.96121314570422,5.));
#5794=CARTESIAN_POINT('Ctrl Pts',(-6.0791716746906,-2.98104456269604,0.));
#5795=CARTESIAN_POINT('Ctrl Pts',(-6.0791716746906,-2.98104456269604,5.));
#5796=CARTESIAN_POINT('Ctrl Pts',(-6.09072608176022,-3.0009916827313,0.));
#5797=CARTESIAN_POINT('Ctrl Pts',(-6.09072608176022,-3.0009916827313,5.));
#5798=CARTESIAN_POINT('Ctrl Pts',(-6.10218411797386,-3.02105353711006,0.));
#5799=CARTESIAN_POINT('Ctrl Pts',(-6.10218411797386,-3.02105353711006,5.));
#5800=CARTESIAN_POINT('Ctrl Pts',(-6.11354555909092,-3.04122910158406,0.));
#5801=CARTESIAN_POINT('Ctrl Pts',(-6.11354555909092,-3.04122910158406,5.));
#5802=CARTESIAN_POINT('Ctrl Pts',(-6.12481012412405,-3.0615172774949,0.));
#5803=CARTESIAN_POINT('Ctrl Pts',(-6.12481012412405,-3.0615172774949,5.));
#5804=CARTESIAN_POINT('Ctrl Pts',(-6.13597751587882,-3.08191695361442,0.));
#5805=CARTESIAN_POINT('Ctrl Pts',(-6.13597751587882,-3.08191695361442,5.));
#5806=CARTESIAN_POINT('Ctrl Pts',(-6.14704745624943,-3.1024270565761,0.));
#5807=CARTESIAN_POINT('Ctrl Pts',(-6.14704745624943,-3.1024270565761,5.));
#5808=CARTESIAN_POINT('Ctrl Pts',(-6.15801972318595,-3.12304660411248,0.));
#5809=CARTESIAN_POINT('Ctrl Pts',(-6.15801972318595,-3.12304660411248,5.));
#5810=CARTESIAN_POINT('Ctrl Pts',(-6.16889419027084,-3.1437747583942,0.));
#5811=CARTESIAN_POINT('Ctrl Pts',(-6.16889419027084,-3.1437747583942,5.));
#5812=CARTESIAN_POINT('Ctrl Pts',(-6.17967085870362,-3.16461087288193,0.));
#5813=CARTESIAN_POINT('Ctrl Pts',(-6.17967085870362,-3.16461087288193,5.));
#5814=CARTESIAN_POINT('Ctrl Pts',(-6.19034980700438,-3.18555447277229,0.));
#5815=CARTESIAN_POINT('Ctrl Pts',(-6.19034980700438,-3.18555447277229,5.));
#5816=CARTESIAN_POINT('Ctrl Pts',(-6.19881487991354,-3.20239508700497,0.));
#5817=CARTESIAN_POINT('Ctrl Pts',(-6.19881487991354,-3.20239508700497,5.));
#5818=CARTESIAN_POINT('Ctrl Pts',(-6.20511980747282,-3.21507369351011,0.));
#5819=CARTESIAN_POINT('Ctrl Pts',(-6.20511980747282,-3.21507369351011,5.));
#5820=CARTESIAN_POINT('Ctrl Pts',(-6.20930359805418,-3.22354748889163,0.));
#5821=CARTESIAN_POINT('Ctrl Pts',(-6.20930359805418,-3.22354748889163,5.));
#5822=CARTESIAN_POINT('Ctrl Pts',(-6.21139061972984,-3.22778973434331,0.));
#5823=CARTESIAN_POINT('Ctrl Pts',(-6.21139061972984,-3.22778973434331,5.));
#5824=CARTESIAN_POINT('Ctrl Pts',(-5.2405550601944,-2.0797554272588,0.));
#5825=CARTESIAN_POINT('Ctrl Pts',(-5.24427422106534,-2.08123140545525,0.));
#5826=CARTESIAN_POINT('Ctrl Pts',(-5.25165899236968,-2.08429754090826,0.));
#5827=CARTESIAN_POINT('Ctrl Pts',(-5.26257549966847,-2.08923927794874,0.));
#5828=CARTESIAN_POINT('Ctrl Pts',(-5.27682573715989,-2.09648032459994,0.));
#5829=CARTESIAN_POINT('Ctrl Pts',(-5.29422383411077,-2.10642674697148,0.));
#5830=CARTESIAN_POINT('Ctrl Pts',(-5.31132638510836,-2.11702401615047,0.));
#5831=CARTESIAN_POINT('Ctrl Pts',(-5.32825067337221,-2.12803026283834,0.));
#5832=CARTESIAN_POINT('Ctrl Pts',(-5.34508323195067,-2.13926435518766,0.));
#5833=CARTESIAN_POINT('Ctrl Pts',(-5.36185553884522,-2.15065506867005,0.));
#5834=CARTESIAN_POINT('Ctrl Pts',(-5.37856206737642,-2.16220534086898,0.));
#5835=CARTESIAN_POINT('Ctrl Pts',(-5.39517505989873,-2.17396310628669,0.));
#5836=CARTESIAN_POINT('Ctrl Pts',(-5.41165996423536,-2.18599077603809,0.));
#5837=CARTESIAN_POINT('Ctrl Pts',(-5.4279918647429,-2.19833278829965,0.));
#5838=CARTESIAN_POINT('Ctrl Pts',(-5.44416759833788,-2.2109916246963,0.));
#5839=CARTESIAN_POINT('Ctrl Pts',(-5.46019737774884,-2.22394408620417,0.));
#5840=CARTESIAN_POINT('Ctrl Pts',(-5.47609915146879,-2.23715218812015,0.));
#5841=CARTESIAN_POINT('Ctrl Pts',(-5.49189222494051,-2.25057551682897,0.));
#5842=CARTESIAN_POINT('Ctrl Pts',(-5.50759045920624,-2.26418439363242,0.));
#5843=CARTESIAN_POINT('Ctrl Pts',(-5.52319798998755,-2.27796815685517,0.));
#5844=CARTESIAN_POINT('Ctrl Pts',(-5.53871301360232,-2.29192780018207,0.));
#5845=CARTESIAN_POINT('Ctrl Pts',(-5.55413019387955,-2.30607128571576,0.));
#5846=CARTESIAN_POINT('Ctrl Pts',(-5.56944344763693,-2.32040812346632,0.));
#5847=CARTESIAN_POINT('Ctrl Pts',(-5.58464895243107,-2.33494351832822,0.));
#5848=CARTESIAN_POINT('Ctrl Pts',(-5.59974679611233,-2.34967515641936,0.));
#5849=CARTESIAN_POINT('Ctrl Pts',(-5.61473934178149,-2.36459637329735,0.));
#5850=CARTESIAN_POINT('Ctrl Pts',(-5.62963023720629,-2.37969807009142,0.));
#5851=CARTESIAN_POINT('Ctrl Pts',(-5.64442324546306,-2.39497097739317,0.));
#5852=CARTESIAN_POINT('Ctrl Pts',(-5.65912097221742,-2.41040811941746,0.));
#5853=CARTESIAN_POINT('Ctrl Pts',(-5.67372425135249,-2.4260060014493,0.));
#5854=CARTESIAN_POINT('Ctrl Pts',(-5.68823285554659,-2.44176322738107,0.));
#5855=CARTESIAN_POINT('Ctrl Pts',(-5.70264592670612,-2.45767966077321,0.));
#5856=CARTESIAN_POINT('Ctrl Pts',(-5.71696248429925,-2.47375543510584,0.));
#5857=CARTESIAN_POINT('Ctrl Pts',(-5.73118198315941,-2.48998986789471,0.));
#5858=CARTESIAN_POINT('Ctrl Pts',(-5.74530456566119,-2.50638096895594,0.));
#5859=CARTESIAN_POINT('Ctrl Pts',(-5.75933076092691,-2.52292602330548,0.));
#5860=CARTESIAN_POINT('Ctrl Pts',(-5.77326130685006,-2.5396219356783,0.));
#5861=CARTESIAN_POINT('Ctrl Pts',(-5.78709693822913,-2.55646564093387,0.));
#5862=CARTESIAN_POINT('Ctrl Pts',(-5.80083815515142,-2.57345455343381,0.));
#5863=CARTESIAN_POINT('Ctrl Pts',(-5.81448512248929,-2.59058676059555,0.));
#5864=CARTESIAN_POINT('Ctrl Pts',(-5.82803779898207,-2.60786076860078,0.));
#5865=CARTESIAN_POINT('Ctrl Pts',(-5.84149601552459,-2.62527534734998,0.));
#5866=CARTESIAN_POINT('Ctrl Pts',(-5.85485956819949,-2.64282934714721,0.));
#5867=CARTESIAN_POINT('Ctrl Pts',(-5.86812832061791,-2.66052149680396,0.));
#5868=CARTESIAN_POINT('Ctrl Pts',(-5.88130225110005,-2.67835031176076,0.));
#5869=CARTESIAN_POINT('Ctrl Pts',(-5.89438139904767,-2.69631420247434,0.));
#5870=CARTESIAN_POINT('Ctrl Pts',(-5.90736583438219,-2.71441153766416,0.));
#5871=CARTESIAN_POINT('Ctrl Pts',(-5.92025562059563,-2.73264071969812,0.));
#5872=CARTESIAN_POINT('Ctrl Pts',(-5.93305077605293,-2.75100026575969,0.));
#5873=CARTESIAN_POINT('Ctrl Pts',(-5.94575125429371,-2.76948884521318,0.));
#5874=CARTESIAN_POINT('Ctrl Pts',(-5.95835696334054,-2.78810522842863,0.));
#5875=CARTESIAN_POINT('Ctrl Pts',(-5.97086777714511,-2.80684825336342,0.));
#5876=CARTESIAN_POINT('Ctrl Pts',(-5.98328355021569,-2.82571678683269,0.));
#5877=CARTESIAN_POINT('Ctrl Pts',(-5.99560413303305,-2.84470968083689,0.));
#5878=CARTESIAN_POINT('Ctrl Pts',(-6.00782938294996,-2.86382575080134,0.));
#5879=CARTESIAN_POINT('Ctrl Pts',(-6.01995916229057,-2.88306380731791,0.));
#5880=CARTESIAN_POINT('Ctrl Pts',(-6.03199333998564,-2.90242267699485,0.));
#5881=CARTESIAN_POINT('Ctrl Pts',(-6.04393179188884,-2.92190122502751,0.));
#5882=CARTESIAN_POINT('Ctrl Pts',(-6.05577440382163,-2.94149838032591,0.));
#5883=CARTESIAN_POINT('Ctrl Pts',(-6.06752106964367,-2.96121314570422,0.));
#5884=CARTESIAN_POINT('Ctrl Pts',(-6.0791716746906,-2.98104456269604,0.));
#5885=CARTESIAN_POINT('Ctrl Pts',(-6.09072608176022,-3.0009916827313,0.));
#5886=CARTESIAN_POINT('Ctrl Pts',(-6.10218411797386,-3.02105353711006,0.));
#5887=CARTESIAN_POINT('Ctrl Pts',(-6.11354555909092,-3.04122910158406,0.));
#5888=CARTESIAN_POINT('Ctrl Pts',(-6.12481012412405,-3.0615172774949,0.));
#5889=CARTESIAN_POINT('Ctrl Pts',(-6.13597751587882,-3.08191695361442,0.));
#5890=CARTESIAN_POINT('Ctrl Pts',(-6.14704745624943,-3.1024270565761,0.));
#5891=CARTESIAN_POINT('Ctrl Pts',(-6.15801972318595,-3.12304660411248,0.));
#5892=CARTESIAN_POINT('Ctrl Pts',(-6.16889419027084,-3.1437747583942,0.));
#5893=CARTESIAN_POINT('Ctrl Pts',(-6.17967085870362,-3.16461087288193,0.));
#5894=CARTESIAN_POINT('Ctrl Pts',(-6.19034980700438,-3.18555447277229,0.));
#5895=CARTESIAN_POINT('Ctrl Pts',(-6.19881487991354,-3.20239508700497,0.));
#5896=CARTESIAN_POINT('Ctrl Pts',(-6.20511980747282,-3.21507369351011,0.));
#5897=CARTESIAN_POINT('Ctrl Pts',(-6.20930359805418,-3.22354748889163,0.));
#5898=CARTESIAN_POINT('Ctrl Pts',(-6.21139061972984,-3.22778973434331,0.));
#5899=CARTESIAN_POINT('Ctrl Pts',(-5.2405550601944,-2.0797554272588,5.));
#5900=CARTESIAN_POINT('Ctrl Pts',(-5.24427422106534,-2.08123140545525,5.));
#5901=CARTESIAN_POINT('Ctrl Pts',(-5.25165899236968,-2.08429754090826,5.));
#5902=CARTESIAN_POINT('Ctrl Pts',(-5.26257549966847,-2.08923927794874,5.));
#5903=CARTESIAN_POINT('Ctrl Pts',(-5.27682573715989,-2.09648032459994,5.));
#5904=CARTESIAN_POINT('Ctrl Pts',(-5.29422383411077,-2.10642674697148,5.));
#5905=CARTESIAN_POINT('Ctrl Pts',(-5.31132638510836,-2.11702401615047,5.));
#5906=CARTESIAN_POINT('Ctrl Pts',(-5.32825067337221,-2.12803026283834,5.));
#5907=CARTESIAN_POINT('Ctrl Pts',(-5.34508323195067,-2.13926435518766,5.));
#5908=CARTESIAN_POINT('Ctrl Pts',(-5.36185553884522,-2.15065506867005,5.));
#5909=CARTESIAN_POINT('Ctrl Pts',(-5.37856206737642,-2.16220534086898,5.));
#5910=CARTESIAN_POINT('Ctrl Pts',(-5.39517505989873,-2.17396310628669,5.));
#5911=CARTESIAN_POINT('Ctrl Pts',(-5.41165996423536,-2.18599077603809,5.));
#5912=CARTESIAN_POINT('Ctrl Pts',(-5.4279918647429,-2.19833278829965,5.));
#5913=CARTESIAN_POINT('Ctrl Pts',(-5.44416759833788,-2.2109916246963,5.));
#5914=CARTESIAN_POINT('Ctrl Pts',(-5.46019737774884,-2.22394408620417,5.));
#5915=CARTESIAN_POINT('Ctrl Pts',(-5.47609915146879,-2.23715218812015,5.));
#5916=CARTESIAN_POINT('Ctrl Pts',(-5.49189222494051,-2.25057551682897,5.));
#5917=CARTESIAN_POINT('Ctrl Pts',(-5.50759045920624,-2.26418439363242,5.));
#5918=CARTESIAN_POINT('Ctrl Pts',(-5.52319798998755,-2.27796815685517,5.));
#5919=CARTESIAN_POINT('Ctrl Pts',(-5.53871301360232,-2.29192780018207,5.));
#5920=CARTESIAN_POINT('Ctrl Pts',(-5.55413019387955,-2.30607128571576,5.));
#5921=CARTESIAN_POINT('Ctrl Pts',(-5.56944344763693,-2.32040812346632,5.));
#5922=CARTESIAN_POINT('Ctrl Pts',(-5.58464895243107,-2.33494351832822,5.));
#5923=CARTESIAN_POINT('Ctrl Pts',(-5.59974679611233,-2.34967515641936,5.));
#5924=CARTESIAN_POINT('Ctrl Pts',(-5.61473934178149,-2.36459637329735,5.));
#5925=CARTESIAN_POINT('Ctrl Pts',(-5.62963023720629,-2.37969807009142,5.));
#5926=CARTESIAN_POINT('Ctrl Pts',(-5.64442324546306,-2.39497097739317,5.));
#5927=CARTESIAN_POINT('Ctrl Pts',(-5.65912097221742,-2.41040811941746,5.));
#5928=CARTESIAN_POINT('Ctrl Pts',(-5.67372425135249,-2.4260060014493,5.));
#5929=CARTESIAN_POINT('Ctrl Pts',(-5.68823285554659,-2.44176322738107,5.));
#5930=CARTESIAN_POINT('Ctrl Pts',(-5.70264592670612,-2.45767966077321,5.));
#5931=CARTESIAN_POINT('Ctrl Pts',(-5.71696248429925,-2.47375543510584,5.));
#5932=CARTESIAN_POINT('Ctrl Pts',(-5.73118198315941,-2.48998986789471,5.));
#5933=CARTESIAN_POINT('Ctrl Pts',(-5.74530456566119,-2.50638096895594,5.));
#5934=CARTESIAN_POINT('Ctrl Pts',(-5.75933076092691,-2.52292602330548,5.));
#5935=CARTESIAN_POINT('Ctrl Pts',(-5.77326130685006,-2.5396219356783,5.));
#5936=CARTESIAN_POINT('Ctrl Pts',(-5.78709693822913,-2.55646564093387,5.));
#5937=CARTESIAN_POINT('Ctrl Pts',(-5.80083815515142,-2.57345455343381,5.));
#5938=CARTESIAN_POINT('Ctrl Pts',(-5.81448512248929,-2.59058676059555,5.));
#5939=CARTESIAN_POINT('Ctrl Pts',(-5.82803779898207,-2.60786076860078,5.));
#5940=CARTESIAN_POINT('Ctrl Pts',(-5.84149601552459,-2.62527534734998,5.));
#5941=CARTESIAN_POINT('Ctrl Pts',(-5.85485956819949,-2.64282934714721,5.));
#5942=CARTESIAN_POINT('Ctrl Pts',(-5.86812832061791,-2.66052149680396,5.));
#5943=CARTESIAN_POINT('Ctrl Pts',(-5.88130225110005,-2.67835031176076,5.));
#5944=CARTESIAN_POINT('Ctrl Pts',(-5.89438139904767,-2.69631420247434,5.));
#5945=CARTESIAN_POINT('Ctrl Pts',(-5.90736583438219,-2.71441153766416,5.));
#5946=CARTESIAN_POINT('Ctrl Pts',(-5.92025562059563,-2.73264071969812,5.));
#5947=CARTESIAN_POINT('Ctrl Pts',(-5.93305077605293,-2.75100026575969,5.));
#5948=CARTESIAN_POINT('Ctrl Pts',(-5.94575125429371,-2.76948884521318,5.));
#5949=CARTESIAN_POINT('Ctrl Pts',(-5.95835696334054,-2.78810522842863,5.));
#5950=CARTESIAN_POINT('Ctrl Pts',(-5.97086777714511,-2.80684825336342,5.));
#5951=CARTESIAN_POINT('Ctrl Pts',(-5.98328355021569,-2.82571678683269,5.));
#5952=CARTESIAN_POINT('Ctrl Pts',(-5.99560413303305,-2.84470968083689,5.));
#5953=CARTESIAN_POINT('Ctrl Pts',(-6.00782938294996,-2.86382575080134,5.));
#5954=CARTESIAN_POINT('Ctrl Pts',(-6.01995916229057,-2.88306380731791,5.));
#5955=CARTESIAN_POINT('Ctrl Pts',(-6.03199333998564,-2.90242267699485,5.));
#5956=CARTESIAN_POINT('Ctrl Pts',(-6.04393179188884,-2.92190122502751,5.));
#5957=CARTESIAN_POINT('Ctrl Pts',(-6.05577440382163,-2.94149838032591,5.));
#5958=CARTESIAN_POINT('Ctrl Pts',(-6.06752106964367,-2.96121314570422,5.));
#5959=CARTESIAN_POINT('Ctrl Pts',(-6.0791716746906,-2.98104456269604,5.));
#5960=CARTESIAN_POINT('Ctrl Pts',(-6.09072608176022,-3.0009916827313,5.));
#5961=CARTESIAN_POINT('Ctrl Pts',(-6.10218411797386,-3.02105353711006,5.));
#5962=CARTESIAN_POINT('Ctrl Pts',(-6.11354555909092,-3.04122910158406,5.));
#5963=CARTESIAN_POINT('Ctrl Pts',(-6.12481012412405,-3.0615172774949,5.));
#5964=CARTESIAN_POINT('Ctrl Pts',(-6.13597751587882,-3.08191695361442,5.));
#5965=CARTESIAN_POINT('Ctrl Pts',(-6.14704745624943,-3.1024270565761,5.));
#5966=CARTESIAN_POINT('Ctrl Pts',(-6.15801972318595,-3.12304660411248,5.));
#5967=CARTESIAN_POINT('Ctrl Pts',(-6.16889419027084,-3.1437747583942,5.));
#5968=CARTESIAN_POINT('Ctrl Pts',(-6.17967085870362,-3.16461087288193,5.));
#5969=CARTESIAN_POINT('Ctrl Pts',(-6.19034980700438,-3.18555447277229,5.));
#5970=CARTESIAN_POINT('Ctrl Pts',(-6.19881487991354,-3.20239508700497,5.));
#5971=CARTESIAN_POINT('Ctrl Pts',(-6.20511980747282,-3.21507369351011,5.));
#5972=CARTESIAN_POINT('Ctrl Pts',(-6.20930359805418,-3.22354748889163,5.));
#5973=CARTESIAN_POINT('Ctrl Pts',(-6.21139061972984,-3.22778973434331,5.));
#5974=CARTESIAN_POINT('Ctrl Pts',(-6.99311693668607,-0.310347401848985,
0.));
#5975=CARTESIAN_POINT('Ctrl Pts',(-6.99311693668607,-0.310347401848985,
5.));
#5976=CARTESIAN_POINT('Ctrl Pts',(-6.98918840017086,-0.312977783341402,
0.));
#5977=CARTESIAN_POINT('Ctrl Pts',(-6.98918840017086,-0.312977783341402,
5.));
#5978=CARTESIAN_POINT('Ctrl Pts',(-6.98132823355252,-0.31822441011759,0.));
#5979=CARTESIAN_POINT('Ctrl Pts',(-6.98132823355252,-0.31822441011759,5.));
#5980=CARTESIAN_POINT('Ctrl Pts',(-6.96952870286459,-0.326051941655986,
0.));
#5981=CARTESIAN_POINT('Ctrl Pts',(-6.96952870286459,-0.326051941655986,
5.));
#5982=CARTESIAN_POINT('Ctrl Pts',(-6.95377742756404,-0.336403804942237,
0.));
#5983=CARTESIAN_POINT('Ctrl Pts',(-6.95377742756404,-0.336403804942237,
5.));
#5984=CARTESIAN_POINT('Ctrl Pts',(-6.93405738710469,-0.349202020343611,
0.));
#5985=CARTESIAN_POINT('Ctrl Pts',(-6.93405738710469,-0.349202020343611,
5.));
#5986=CARTESIAN_POINT('Ctrl Pts',(-6.91430646122988,-0.361858290589759,
0.));
#5987=CARTESIAN_POINT('Ctrl Pts',(-6.91430646122988,-0.361858290589759,
5.));
#5988=CARTESIAN_POINT('Ctrl Pts',(-6.89452481934089,-0.374372165228841,
0.));
#5989=CARTESIAN_POINT('Ctrl Pts',(-6.89452481934089,-0.374372165228841,
5.));
#5990=CARTESIAN_POINT('Ctrl Pts',(-6.87471278366857,-0.38674308374163,0.));
#5991=CARTESIAN_POINT('Ctrl Pts',(-6.87471278366857,-0.38674308374163,5.));
#5992=CARTESIAN_POINT('Ctrl Pts',(-6.8548708826084,-0.398970383755374,0.));
#5993=CARTESIAN_POINT('Ctrl Pts',(-6.8548708826084,-0.398970383755374,5.));
#5994=CARTESIAN_POINT('Ctrl Pts',(-6.834999799595,-0.411053325626466,0.));
#5995=CARTESIAN_POINT('Ctrl Pts',(-6.834999799595,-0.411053325626466,5.));
#5996=CARTESIAN_POINT('Ctrl Pts',(-6.81510031215831,-0.422991118845141,
0.));
#5997=CARTESIAN_POINT('Ctrl Pts',(-6.81510031215831,-0.422991118845141,
5.));
#5998=CARTESIAN_POINT('Ctrl Pts',(-6.79517323329033,-0.434782949656782,
0.));
#5999=CARTESIAN_POINT('Ctrl Pts',(-6.79517323329033,-0.434782949656782,
5.));
#6000=CARTESIAN_POINT('Ctrl Pts',(-6.77521935566245,-0.44642800708899,0.));
#6001=CARTESIAN_POINT('Ctrl Pts',(-6.77521935566245,-0.44642800708899,5.));
#6002=CARTESIAN_POINT('Ctrl Pts',(-6.75523938559687,-0.457925516237051,
0.));
#6003=CARTESIAN_POINT('Ctrl Pts',(-6.75523938559687,-0.457925516237051,
5.));
#6004=CARTESIAN_POINT('Ctrl Pts',(-6.73523395716086,-0.469274724621551,
0.));
#6005=CARTESIAN_POINT('Ctrl Pts',(-6.73523395716086,-0.469274724621551,
5.));
#6006=CARTESIAN_POINT('Ctrl Pts',(-6.71520366346005,-0.480474879357798,
0.));
#6007=CARTESIAN_POINT('Ctrl Pts',(-6.71520366346005,-0.480474879357798,
5.));
#6008=CARTESIAN_POINT('Ctrl Pts',(-6.6951490830299,-0.491525207721729,0.));
#6009=CARTESIAN_POINT('Ctrl Pts',(-6.6951490830299,-0.491525207721729,5.));
#6010=CARTESIAN_POINT('Ctrl Pts',(-6.67507080638353,-0.502424899195247,
0.));
#6011=CARTESIAN_POINT('Ctrl Pts',(-6.67507080638353,-0.502424899195247,
5.));
#6012=CARTESIAN_POINT('Ctrl Pts',(-6.65496946794747,-0.513173083276487,
0.));
#6013=CARTESIAN_POINT('Ctrl Pts',(-6.65496946794747,-0.513173083276487,
5.));
#6014=CARTESIAN_POINT('Ctrl Pts',(-6.63484574263792,-0.523768839268972,
0.));
#6015=CARTESIAN_POINT('Ctrl Pts',(-6.63484574263792,-0.523768839268972,
5.));
#6016=CARTESIAN_POINT('Ctrl Pts',(-6.61470033066004,-0.534211216520254,
0.));
#6017=CARTESIAN_POINT('Ctrl Pts',(-6.61470033066004,-0.534211216520254,
5.));
#6018=CARTESIAN_POINT('Ctrl Pts',(-6.59453394594868,-0.544499253810596,
0.));
#6019=CARTESIAN_POINT('Ctrl Pts',(-6.59453394594868,-0.544499253810596,
5.));
#6020=CARTESIAN_POINT('Ctrl Pts',(-6.57434730432729,-0.554631996591847,
0.));
#6021=CARTESIAN_POINT('Ctrl Pts',(-6.57434730432729,-0.554631996591847,
5.));
#6022=CARTESIAN_POINT('Ctrl Pts',(-6.55414110928313,-0.564608525426856,
0.));
#6023=CARTESIAN_POINT('Ctrl Pts',(-6.55414110928313,-0.564608525426856,
5.));
#6024=CARTESIAN_POINT('Ctrl Pts',(-6.53391605340814,-0.574427931694609,
0.));
#6025=CARTESIAN_POINT('Ctrl Pts',(-6.53391605340814,-0.574427931694609,
5.));
#6026=CARTESIAN_POINT('Ctrl Pts',(-6.51367282688466,-0.584089272060832,
0.));
#6027=CARTESIAN_POINT('Ctrl Pts',(-6.51367282688466,-0.584089272060832,
5.));
#6028=CARTESIAN_POINT('Ctrl Pts',(-6.49341212418248,-0.593591527623447,
0.));
#6029=CARTESIAN_POINT('Ctrl Pts',(-6.49341212418248,-0.593591527623447,
5.));
#6030=CARTESIAN_POINT('Ctrl Pts',(-6.47313465085531,-0.60293356924835,0.));
#6031=CARTESIAN_POINT('Ctrl Pts',(-6.47313465085531,-0.60293356924835,5.));
#6032=CARTESIAN_POINT('Ctrl Pts',(-6.45284113240692,-0.612114103596272,
0.));
#6033=CARTESIAN_POINT('Ctrl Pts',(-6.45284113240692,-0.612114103596272,
5.));
#6034=CARTESIAN_POINT('Ctrl Pts',(-6.43253231266763,-0.621131715331238,
0.));
#6035=CARTESIAN_POINT('Ctrl Pts',(-6.43253231266763,-0.621131715331238,
5.));
#6036=CARTESIAN_POINT('Ctrl Pts',(-6.41220894672401,-0.629984956762122,
0.));
#6037=CARTESIAN_POINT('Ctrl Pts',(-6.41220894672401,-0.629984956762122,
5.));
#6038=CARTESIAN_POINT('Ctrl Pts',(-6.39187179522475,-0.638672431603214,
0.));
#6039=CARTESIAN_POINT('Ctrl Pts',(-6.39187179522475,-0.638672431603214,
5.));
#6040=CARTESIAN_POINT('Ctrl Pts',(-6.37152161922486,-0.647192865028191,
0.));
#6041=CARTESIAN_POINT('Ctrl Pts',(-6.37152161922486,-0.647192865028191,
5.));
#6042=CARTESIAN_POINT('Ctrl Pts',(-6.35115917243481,-0.655545224349948,
0.));
#6043=CARTESIAN_POINT('Ctrl Pts',(-6.35115917243481,-0.655545224349948,
5.));
#6044=CARTESIAN_POINT('Ctrl Pts',(-6.33078520630017,-0.663728615861257,
0.));
#6045=CARTESIAN_POINT('Ctrl Pts',(-6.33078520630017,-0.663728615861257,
5.));
#6046=CARTESIAN_POINT('Ctrl Pts',(-6.31040048232009,-0.67174205881729,0.));
#6047=CARTESIAN_POINT('Ctrl Pts',(-6.31040048232009,-0.67174205881729,5.));
#6048=CARTESIAN_POINT('Ctrl Pts',(-6.2900057831365,-0.679584280163762,0.));
#6049=CARTESIAN_POINT('Ctrl Pts',(-6.2900057831365,-0.679584280163762,5.));
#6050=CARTESIAN_POINT('Ctrl Pts',(-6.26960192225705,-0.687253541119408,
0.));
#6051=CARTESIAN_POINT('Ctrl Pts',(-6.26960192225705,-0.687253541119408,
5.));
#6052=CARTESIAN_POINT('Ctrl Pts',(-6.24918975941261,-0.694747352412055,
0.));
#6053=CARTESIAN_POINT('Ctrl Pts',(-6.24918975941261,-0.694747352412055,
5.));
#6054=CARTESIAN_POINT('Ctrl Pts',(-6.22877019081928,-0.702062692152893,
0.));
#6055=CARTESIAN_POINT('Ctrl Pts',(-6.22877019081928,-0.702062692152893,
5.));
#6056=CARTESIAN_POINT('Ctrl Pts',(-6.20834412507508,-0.709196510817024,
0.));
#6057=CARTESIAN_POINT('Ctrl Pts',(-6.20834412507508,-0.709196510817024,
5.));
#6058=CARTESIAN_POINT('Ctrl Pts',(-6.18791246143866,-0.716146192598135,
0.));
#6059=CARTESIAN_POINT('Ctrl Pts',(-6.18791246143866,-0.716146192598135,
5.));
#6060=CARTESIAN_POINT('Ctrl Pts',(-6.16747607170195,-0.722909942759135,
0.));
#6061=CARTESIAN_POINT('Ctrl Pts',(-6.16747607170195,-0.722909942759135,
5.));
#6062=CARTESIAN_POINT('Ctrl Pts',(-6.14703576923518,-0.729487442834607,
0.));
#6063=CARTESIAN_POINT('Ctrl Pts',(-6.14703576923518,-0.729487442834607,
5.));
#6064=CARTESIAN_POINT('Ctrl Pts',(-6.12659233646376,-0.735879298687638,
0.));
#6065=CARTESIAN_POINT('Ctrl Pts',(-6.12659233646376,-0.735879298687638,
5.));
#6066=CARTESIAN_POINT('Ctrl Pts',(-6.10614658473831,-0.742085821204915,
0.));
#6067=CARTESIAN_POINT('Ctrl Pts',(-6.10614658473831,-0.742085821204915,
5.));
#6068=CARTESIAN_POINT('Ctrl Pts',(-6.085699408979,-0.748105914982599,0.));
#6069=CARTESIAN_POINT('Ctrl Pts',(-6.085699408979,-0.748105914982599,5.));
#6070=CARTESIAN_POINT('Ctrl Pts',(-6.06525183437937,-0.753936136567169,
0.));
#6071=CARTESIAN_POINT('Ctrl Pts',(-6.06525183437937,-0.753936136567169,
5.));
#6072=CARTESIAN_POINT('Ctrl Pts',(-6.04480509225936,-0.759569141918688,
0.));
#6073=CARTESIAN_POINT('Ctrl Pts',(-6.04480509225936,-0.759569141918688,
5.));
#6074=CARTESIAN_POINT('Ctrl Pts',(-6.02436055840348,-0.764995021955823,
0.));
#6075=CARTESIAN_POINT('Ctrl Pts',(-6.02436055840348,-0.764995021955823,
5.));
#6076=CARTESIAN_POINT('Ctrl Pts',(-6.00391962318757,-0.770204072941481,
0.));
#6077=CARTESIAN_POINT('Ctrl Pts',(-6.00391962318757,-0.770204072941481,
5.));
#6078=CARTESIAN_POINT('Ctrl Pts',(-5.98348357232752,-0.775189341748853,
0.));
#6079=CARTESIAN_POINT('Ctrl Pts',(-5.98348357232752,-0.775189341748853,
5.));
#6080=CARTESIAN_POINT('Ctrl Pts',(-5.96305348668376,-0.779948780572082,
0.));
#6081=CARTESIAN_POINT('Ctrl Pts',(-5.96305348668376,-0.779948780572082,
5.));
#6082=CARTESIAN_POINT('Ctrl Pts',(-5.94263007414211,-0.784488808203703,
0.));
#6083=CARTESIAN_POINT('Ctrl Pts',(-5.94263007414211,-0.784488808203703,
5.));
#6084=CARTESIAN_POINT('Ctrl Pts',(-5.92221384788795,-0.788820702145177,
0.));
#6085=CARTESIAN_POINT('Ctrl Pts',(-5.92221384788795,-0.788820702145177,
5.));
#6086=CARTESIAN_POINT('Ctrl Pts',(-5.90180544812962,-0.792954025865177,
0.));
#6087=CARTESIAN_POINT('Ctrl Pts',(-5.90180544812962,-0.792954025865177,
5.));
#6088=CARTESIAN_POINT('Ctrl Pts',(-5.88140594005921,-0.796890541761076,
0.));
#6089=CARTESIAN_POINT('Ctrl Pts',(-5.88140594005921,-0.796890541761076,
5.));
#6090=CARTESIAN_POINT('Ctrl Pts',(-5.86101707287446,-0.800618948690396,
0.));
#6091=CARTESIAN_POINT('Ctrl Pts',(-5.86101707287446,-0.800618948690396,
5.));
#6092=CARTESIAN_POINT('Ctrl Pts',(-5.84064168190975,-0.80410661362544,0.));
#6093=CARTESIAN_POINT('Ctrl Pts',(-5.84064168190975,-0.80410661362544,5.));
#6094=CARTESIAN_POINT('Ctrl Pts',(-5.82028325496887,-0.807308884627317,
0.));
#6095=CARTESIAN_POINT('Ctrl Pts',(-5.82028325496887,-0.807308884627317,
5.));
#6096=CARTESIAN_POINT('Ctrl Pts',(-5.79994524055244,-0.81018389173167,0.));
#6097=CARTESIAN_POINT('Ctrl Pts',(-5.79994524055244,-0.81018389173167,5.));
#6098=CARTESIAN_POINT('Ctrl Pts',(-5.77963039369005,-0.812706437630232,
0.));
#6099=CARTESIAN_POINT('Ctrl Pts',(-5.77963039369005,-0.812706437630232,
5.));
#6100=CARTESIAN_POINT('Ctrl Pts',(-5.75934021287988,-0.814880253014957,
0.));
#6101=CARTESIAN_POINT('Ctrl Pts',(-5.75934021287988,-0.814880253014957,
5.));
#6102=CARTESIAN_POINT('Ctrl Pts',(-5.73907405661381,-0.816756280297279,
0.));
#6103=CARTESIAN_POINT('Ctrl Pts',(-5.73907405661381,-0.816756280297279,
5.));
#6104=CARTESIAN_POINT('Ctrl Pts',(-5.71883064239729,-0.818405845176577,
0.));
#6105=CARTESIAN_POINT('Ctrl Pts',(-5.71883064239729,-0.818405845176577,
5.));
#6106=CARTESIAN_POINT('Ctrl Pts',(-5.69861004180534,-0.819884338972279,
0.));
#6107=CARTESIAN_POINT('Ctrl Pts',(-5.69861004180534,-0.819884338972279,
5.));
#6108=CARTESIAN_POINT('Ctrl Pts',(-5.67841557229104,-0.821197069046023,
0.));
#6109=CARTESIAN_POINT('Ctrl Pts',(-5.67841557229104,-0.821197069046023,
5.));
#6110=CARTESIAN_POINT('Ctrl Pts',(-5.65825558536965,-0.822266614146113,
0.));
#6111=CARTESIAN_POINT('Ctrl Pts',(-5.65825558536965,-0.822266614146113,
5.));
#6112=CARTESIAN_POINT('Ctrl Pts',(-5.63814570714672,-0.822892842967061,
0.));
#6113=CARTESIAN_POINT('Ctrl Pts',(-5.63814570714672,-0.822892842967061,
5.));
#6114=CARTESIAN_POINT('Ctrl Pts',(-5.61810530202398,-0.822807648942147,
0.));
#6115=CARTESIAN_POINT('Ctrl Pts',(-5.61810530202398,-0.822807648942147,
5.));
#6116=CARTESIAN_POINT('Ctrl Pts',(-5.60214371102085,-0.821953460546365,
0.));
#6117=CARTESIAN_POINT('Ctrl Pts',(-5.60214371102085,-0.821953460546365,
5.));
#6118=CARTESIAN_POINT('Ctrl Pts',(-5.59021886985926,-0.820774876712851,
0.));
#6119=CARTESIAN_POINT('Ctrl Pts',(-5.59021886985926,-0.820774876712851,
5.));
#6120=CARTESIAN_POINT('Ctrl Pts',(-5.58229040258206,-0.819737842254424,
0.));
#6121=CARTESIAN_POINT('Ctrl Pts',(-5.58229040258206,-0.819737842254424,
5.));
#6122=CARTESIAN_POINT('Ctrl Pts',(-5.57833152568884,-0.81915649643252,0.));
#6123=CARTESIAN_POINT('Ctrl Pts',(-5.57833152568884,-0.81915649643252,5.));
#6124=CARTESIAN_POINT('',(-6.99311693668607,-0.310347401848979,0.));
#6125=CARTESIAN_POINT('Ctrl Pts',(-5.57833152568884,-0.81915649643252,0.));
#6126=CARTESIAN_POINT('Ctrl Pts',(-5.58229040258206,-0.819737842254424,
0.));
#6127=CARTESIAN_POINT('Ctrl Pts',(-5.59021886985926,-0.820774876712851,
0.));
#6128=CARTESIAN_POINT('Ctrl Pts',(-5.60214371102085,-0.821953460546365,
0.));
#6129=CARTESIAN_POINT('Ctrl Pts',(-5.61810530202398,-0.822807648942147,
0.));
#6130=CARTESIAN_POINT('Ctrl Pts',(-5.63814570714672,-0.822892842967061,
0.));
#6131=CARTESIAN_POINT('Ctrl Pts',(-5.65825558536965,-0.822266614146113,
0.));
#6132=CARTESIAN_POINT('Ctrl Pts',(-5.67841557229104,-0.821197069046023,
0.));
#6133=CARTESIAN_POINT('Ctrl Pts',(-5.69861004180534,-0.819884338972279,
0.));
#6134=CARTESIAN_POINT('Ctrl Pts',(-5.71883064239729,-0.818405845176577,
0.));
#6135=CARTESIAN_POINT('Ctrl Pts',(-5.73907405661381,-0.816756280297279,
0.));
#6136=CARTESIAN_POINT('Ctrl Pts',(-5.75934021287988,-0.814880253014957,
0.));
#6137=CARTESIAN_POINT('Ctrl Pts',(-5.77963039369005,-0.812706437630232,
0.));
#6138=CARTESIAN_POINT('Ctrl Pts',(-5.79994524055244,-0.81018389173167,0.));
#6139=CARTESIAN_POINT('Ctrl Pts',(-5.82028325496887,-0.807308884627317,
0.));
#6140=CARTESIAN_POINT('Ctrl Pts',(-5.84064168190975,-0.80410661362544,0.));
#6141=CARTESIAN_POINT('Ctrl Pts',(-5.86101707287446,-0.800618948690396,
0.));
#6142=CARTESIAN_POINT('Ctrl Pts',(-5.88140594005921,-0.796890541761076,
0.));
#6143=CARTESIAN_POINT('Ctrl Pts',(-5.90180544812962,-0.792954025865177,
0.));
#6144=CARTESIAN_POINT('Ctrl Pts',(-5.92221384788795,-0.788820702145177,
0.));
#6145=CARTESIAN_POINT('Ctrl Pts',(-5.94263007414211,-0.784488808203703,
0.));
#6146=CARTESIAN_POINT('Ctrl Pts',(-5.96305348668376,-0.779948780572082,
0.));
#6147=CARTESIAN_POINT('Ctrl Pts',(-5.98348357232752,-0.775189341748853,
0.));
#6148=CARTESIAN_POINT('Ctrl Pts',(-6.00391962318757,-0.770204072941481,
0.));
#6149=CARTESIAN_POINT('Ctrl Pts',(-6.02436055840348,-0.764995021955823,
0.));
#6150=CARTESIAN_POINT('Ctrl Pts',(-6.04480509225936,-0.759569141918688,
0.));
#6151=CARTESIAN_POINT('Ctrl Pts',(-6.06525183437937,-0.753936136567169,
0.));
#6152=CARTESIAN_POINT('Ctrl Pts',(-6.085699408979,-0.748105914982599,0.));
#6153=CARTESIAN_POINT('Ctrl Pts',(-6.10614658473831,-0.742085821204915,
0.));
#6154=CARTESIAN_POINT('Ctrl Pts',(-6.12659233646376,-0.735879298687638,
0.));
#6155=CARTESIAN_POINT('Ctrl Pts',(-6.14703576923518,-0.729487442834607,
0.));
#6156=CARTESIAN_POINT('Ctrl Pts',(-6.16747607170195,-0.722909942759135,
0.));
#6157=CARTESIAN_POINT('Ctrl Pts',(-6.18791246143866,-0.716146192598135,
0.));
#6158=CARTESIAN_POINT('Ctrl Pts',(-6.20834412507508,-0.709196510817024,
0.));
#6159=CARTESIAN_POINT('Ctrl Pts',(-6.22877019081928,-0.702062692152893,
0.));
#6160=CARTESIAN_POINT('Ctrl Pts',(-6.24918975941261,-0.694747352412055,
0.));
#6161=CARTESIAN_POINT('Ctrl Pts',(-6.26960192225705,-0.687253541119408,
0.));
#6162=CARTESIAN_POINT('Ctrl Pts',(-6.2900057831365,-0.679584280163762,0.));
#6163=CARTESIAN_POINT('Ctrl Pts',(-6.31040048232009,-0.67174205881729,0.));
#6164=CARTESIAN_POINT('Ctrl Pts',(-6.33078520630017,-0.663728615861257,
0.));
#6165=CARTESIAN_POINT('Ctrl Pts',(-6.35115917243481,-0.655545224349948,
0.));
#6166=CARTESIAN_POINT('Ctrl Pts',(-6.37152161922486,-0.647192865028191,
0.));
#6167=CARTESIAN_POINT('Ctrl Pts',(-6.39187179522475,-0.638672431603214,
0.));
#6168=CARTESIAN_POINT('Ctrl Pts',(-6.41220894672401,-0.629984956762122,
0.));
#6169=CARTESIAN_POINT('Ctrl Pts',(-6.43253231266763,-0.621131715331238,
0.));
#6170=CARTESIAN_POINT('Ctrl Pts',(-6.45284113240692,-0.612114103596272,
0.));
#6171=CARTESIAN_POINT('Ctrl Pts',(-6.47313465085531,-0.60293356924835,0.));
#6172=CARTESIAN_POINT('Ctrl Pts',(-6.49341212418248,-0.593591527623447,
0.));
#6173=CARTESIAN_POINT('Ctrl Pts',(-6.51367282688466,-0.584089272060832,
0.));
#6174=CARTESIAN_POINT('Ctrl Pts',(-6.53391605340814,-0.574427931694609,
0.));
#6175=CARTESIAN_POINT('Ctrl Pts',(-6.55414110928313,-0.564608525426856,
0.));
#6176=CARTESIAN_POINT('Ctrl Pts',(-6.57434730432729,-0.554631996591847,
0.));
#6177=CARTESIAN_POINT('Ctrl Pts',(-6.59453394594868,-0.544499253810596,
0.));
#6178=CARTESIAN_POINT('Ctrl Pts',(-6.61470033066004,-0.534211216520254,
0.));
#6179=CARTESIAN_POINT('Ctrl Pts',(-6.63484574263792,-0.523768839268972,
0.));
#6180=CARTESIAN_POINT('Ctrl Pts',(-6.65496946794747,-0.513173083276487,
0.));
#6181=CARTESIAN_POINT('Ctrl Pts',(-6.67507080638353,-0.502424899195247,
0.));
#6182=CARTESIAN_POINT('Ctrl Pts',(-6.6951490830299,-0.491525207721729,0.));
#6183=CARTESIAN_POINT('Ctrl Pts',(-6.71520366346005,-0.480474879357798,
0.));
#6184=CARTESIAN_POINT('Ctrl Pts',(-6.73523395716086,-0.469274724621551,
0.));
#6185=CARTESIAN_POINT('Ctrl Pts',(-6.75523938559687,-0.457925516237051,
0.));
#6186=CARTESIAN_POINT('Ctrl Pts',(-6.77521935566245,-0.44642800708899,0.));
#6187=CARTESIAN_POINT('Ctrl Pts',(-6.79517323329033,-0.434782949656782,
0.));
#6188=CARTESIAN_POINT('Ctrl Pts',(-6.81510031215831,-0.422991118845141,
0.));
#6189=CARTESIAN_POINT('Ctrl Pts',(-6.834999799595,-0.411053325626466,0.));
#6190=CARTESIAN_POINT('Ctrl Pts',(-6.8548708826084,-0.398970383755374,0.));
#6191=CARTESIAN_POINT('Ctrl Pts',(-6.87471278366857,-0.38674308374163,0.));
#6192=CARTESIAN_POINT('Ctrl Pts',(-6.89452481934089,-0.374372165228841,
0.));
#6193=CARTESIAN_POINT('Ctrl Pts',(-6.91430646122988,-0.361858290589759,
0.));
#6194=CARTESIAN_POINT('Ctrl Pts',(-6.93405738710469,-0.349202020343611,
0.));
#6195=CARTESIAN_POINT('Ctrl Pts',(-6.95377742756404,-0.336403804942237,
0.));
#6196=CARTESIAN_POINT('Ctrl Pts',(-6.96952870286459,-0.326051941655986,
0.));
#6197=CARTESIAN_POINT('Ctrl Pts',(-6.98132823355252,-0.31822441011759,0.));
#6198=CARTESIAN_POINT('Ctrl Pts',(-6.98918840017086,-0.312977783341402,
0.));
#6199=CARTESIAN_POINT('Ctrl Pts',(-6.99311693668607,-0.310347401848985,
0.));
#6200=CARTESIAN_POINT('',(-6.99311693668607,-0.310347401848979,5.));
#6201=CARTESIAN_POINT('Ctrl Pts',(-6.99311693668607,-0.310347401848985,
5.));
#6202=CARTESIAN_POINT('Ctrl Pts',(-6.98918840017086,-0.312977783341402,
5.));
#6203=CARTESIAN_POINT('Ctrl Pts',(-6.98132823355252,-0.31822441011759,5.));
#6204=CARTESIAN_POINT('Ctrl Pts',(-6.96952870286459,-0.326051941655986,
5.));
#6205=CARTESIAN_POINT('Ctrl Pts',(-6.95377742756404,-0.336403804942237,
5.));
#6206=CARTESIAN_POINT('Ctrl Pts',(-6.93405738710469,-0.349202020343611,
5.));
#6207=CARTESIAN_POINT('Ctrl Pts',(-6.91430646122988,-0.361858290589759,
5.));
#6208=CARTESIAN_POINT('Ctrl Pts',(-6.89452481934089,-0.374372165228841,
5.));
#6209=CARTESIAN_POINT('Ctrl Pts',(-6.87471278366857,-0.38674308374163,5.));
#6210=CARTESIAN_POINT('Ctrl Pts',(-6.8548708826084,-0.398970383755374,5.));
#6211=CARTESIAN_POINT('Ctrl Pts',(-6.834999799595,-0.411053325626466,5.));
#6212=CARTESIAN_POINT('Ctrl Pts',(-6.81510031215831,-0.422991118845141,
5.));
#6213=CARTESIAN_POINT('Ctrl Pts',(-6.79517323329033,-0.434782949656782,
5.));
#6214=CARTESIAN_POINT('Ctrl Pts',(-6.77521935566245,-0.44642800708899,5.));
#6215=CARTESIAN_POINT('Ctrl Pts',(-6.75523938559687,-0.457925516237051,
5.));
#6216=CARTESIAN_POINT('Ctrl Pts',(-6.73523395716086,-0.469274724621551,
5.));
#6217=CARTESIAN_POINT('Ctrl Pts',(-6.71520366346005,-0.480474879357798,
5.));
#6218=CARTESIAN_POINT('Ctrl Pts',(-6.6951490830299,-0.491525207721729,5.));
#6219=CARTESIAN_POINT('Ctrl Pts',(-6.67507080638353,-0.502424899195247,
5.));
#6220=CARTESIAN_POINT('Ctrl Pts',(-6.65496946794747,-0.513173083276487,
5.));
#6221=CARTESIAN_POINT('Ctrl Pts',(-6.63484574263792,-0.523768839268972,
5.));
#6222=CARTESIAN_POINT('Ctrl Pts',(-6.61470033066004,-0.534211216520254,
5.));
#6223=CARTESIAN_POINT('Ctrl Pts',(-6.59453394594868,-0.544499253810596,
5.));
#6224=CARTESIAN_POINT('Ctrl Pts',(-6.57434730432729,-0.554631996591847,
5.));
#6225=CARTESIAN_POINT('Ctrl Pts',(-6.55414110928313,-0.564608525426856,
5.));
#6226=CARTESIAN_POINT('Ctrl Pts',(-6.53391605340814,-0.574427931694609,
5.));
#6227=CARTESIAN_POINT('Ctrl Pts',(-6.51367282688466,-0.584089272060832,
5.));
#6228=CARTESIAN_POINT('Ctrl Pts',(-6.49341212418248,-0.593591527623447,
5.));
#6229=CARTESIAN_POINT('Ctrl Pts',(-6.47313465085531,-0.60293356924835,5.));
#6230=CARTESIAN_POINT('Ctrl Pts',(-6.45284113240692,-0.612114103596272,
5.));
#6231=CARTESIAN_POINT('Ctrl Pts',(-6.43253231266763,-0.621131715331238,
5.));
#6232=CARTESIAN_POINT('Ctrl Pts',(-6.41220894672401,-0.629984956762122,
5.));
#6233=CARTESIAN_POINT('Ctrl Pts',(-6.39187179522475,-0.638672431603214,
5.));
#6234=CARTESIAN_POINT('Ctrl Pts',(-6.37152161922486,-0.647192865028191,
5.));
#6235=CARTESIAN_POINT('Ctrl Pts',(-6.35115917243481,-0.655545224349948,
5.));
#6236=CARTESIAN_POINT('Ctrl Pts',(-6.33078520630017,-0.663728615861257,
5.));
#6237=CARTESIAN_POINT('Ctrl Pts',(-6.31040048232009,-0.67174205881729,5.));
#6238=CARTESIAN_POINT('Ctrl Pts',(-6.2900057831365,-0.679584280163762,5.));
#6239=CARTESIAN_POINT('Ctrl Pts',(-6.26960192225705,-0.687253541119408,
5.));
#6240=CARTESIAN_POINT('Ctrl Pts',(-6.24918975941261,-0.694747352412055,
5.));
#6241=CARTESIAN_POINT('Ctrl Pts',(-6.22877019081928,-0.702062692152893,
5.));
#6242=CARTESIAN_POINT('Ctrl Pts',(-6.20834412507508,-0.709196510817024,
5.));
#6243=CARTESIAN_POINT('Ctrl Pts',(-6.18791246143866,-0.716146192598135,
5.));
#6244=CARTESIAN_POINT('Ctrl Pts',(-6.16747607170195,-0.722909942759135,
5.));
#6245=CARTESIAN_POINT('Ctrl Pts',(-6.14703576923518,-0.729487442834607,
5.));
#6246=CARTESIAN_POINT('Ctrl Pts',(-6.12659233646376,-0.735879298687638,
5.));
#6247=CARTESIAN_POINT('Ctrl Pts',(-6.10614658473831,-0.742085821204915,
5.));
#6248=CARTESIAN_POINT('Ctrl Pts',(-6.085699408979,-0.748105914982599,5.));
#6249=CARTESIAN_POINT('Ctrl Pts',(-6.06525183437937,-0.753936136567169,
5.));
#6250=CARTESIAN_POINT('Ctrl Pts',(-6.04480509225936,-0.759569141918688,
5.));
#6251=CARTESIAN_POINT('Ctrl Pts',(-6.02436055840348,-0.764995021955823,
5.));
#6252=CARTESIAN_POINT('Ctrl Pts',(-6.00391962318757,-0.770204072941481,
5.));
#6253=CARTESIAN_POINT('Ctrl Pts',(-5.98348357232752,-0.775189341748853,
5.));
#6254=CARTESIAN_POINT('Ctrl Pts',(-5.96305348668376,-0.779948780572082,
5.));
#6255=CARTESIAN_POINT('Ctrl Pts',(-5.94263007414211,-0.784488808203703,
5.));
#6256=CARTESIAN_POINT('Ctrl Pts',(-5.92221384788795,-0.788820702145177,
5.));
#6257=CARTESIAN_POINT('Ctrl Pts',(-5.90180544812962,-0.792954025865177,
5.));
#6258=CARTESIAN_POINT('Ctrl Pts',(-5.88140594005921,-0.796890541761076,
5.));
#6259=CARTESIAN_POINT('Ctrl Pts',(-5.86101707287446,-0.800618948690396,
5.));
#6260=CARTESIAN_POINT('Ctrl Pts',(-5.84064168190975,-0.80410661362544,5.));
#6261=CARTESIAN_POINT('Ctrl Pts',(-5.82028325496887,-0.807308884627317,
5.));
#6262=CARTESIAN_POINT('Ctrl Pts',(-5.79994524055244,-0.81018389173167,5.));
#6263=CARTESIAN_POINT('Ctrl Pts',(-5.77963039369005,-0.812706437630232,
5.));
#6264=CARTESIAN_POINT('Ctrl Pts',(-5.75934021287988,-0.814880253014957,
5.));
#6265=CARTESIAN_POINT('Ctrl Pts',(-5.73907405661381,-0.816756280297279,
5.));
#6266=CARTESIAN_POINT('Ctrl Pts',(-5.71883064239729,-0.818405845176577,
5.));
#6267=CARTESIAN_POINT('Ctrl Pts',(-5.69861004180534,-0.819884338972279,
5.));
#6268=CARTESIAN_POINT('Ctrl Pts',(-5.67841557229104,-0.821197069046023,
5.));
#6269=CARTESIAN_POINT('Ctrl Pts',(-5.65825558536965,-0.822266614146113,
5.));
#6270=CARTESIAN_POINT('Ctrl Pts',(-5.63814570714672,-0.822892842967061,
5.));
#6271=CARTESIAN_POINT('Ctrl Pts',(-5.61810530202398,-0.822807648942147,
5.));
#6272=CARTESIAN_POINT('Ctrl Pts',(-5.60214371102085,-0.821953460546365,
5.));
#6273=CARTESIAN_POINT('Ctrl Pts',(-5.59021886985926,-0.820774876712851,
5.));
#6274=CARTESIAN_POINT('Ctrl Pts',(-5.58229040258206,-0.819737842254424,
5.));
#6275=CARTESIAN_POINT('Ctrl Pts',(-5.57833152568884,-0.81915649643252,5.));
#6276=CARTESIAN_POINT('',(-6.99311693668607,-0.310347401848979,0.));
#6277=CARTESIAN_POINT('Origin',(-8.91509088774001E-13,1.26217744835362E-28,
0.));
#6278=CARTESIAN_POINT('',(-6.99311693668607,0.310347401848986,0.));
#6279=CARTESIAN_POINT('Origin',(-8.91509088774001E-13,1.26217744835362E-28,
0.));
#6280=CARTESIAN_POINT('',(-6.99311693668607,0.310347401848986,5.));
#6281=CARTESIAN_POINT('Origin',(-8.91509088774001E-13,1.26217744835362E-28,
5.));
#6282=CARTESIAN_POINT('',(-6.99311693668607,0.310347401848986,0.));
#6283=CARTESIAN_POINT('Ctrl Pts',(-5.57833152568884,0.819156496432522,0.));
#6284=CARTESIAN_POINT('Ctrl Pts',(-5.57833152568884,0.819156496432522,5.));
#6285=CARTESIAN_POINT('Ctrl Pts',(-5.58229040258206,0.819737842254425,0.));
#6286=CARTESIAN_POINT('Ctrl Pts',(-5.58229040258206,0.819737842254425,5.));
#6287=CARTESIAN_POINT('Ctrl Pts',(-5.59021886985926,0.820774876712852,0.));
#6288=CARTESIAN_POINT('Ctrl Pts',(-5.59021886985926,0.820774876712852,5.));
#6289=CARTESIAN_POINT('Ctrl Pts',(-5.60214371102085,0.821953460546366,0.));
#6290=CARTESIAN_POINT('Ctrl Pts',(-5.60214371102085,0.821953460546366,5.));
#6291=CARTESIAN_POINT('Ctrl Pts',(-5.61810530202398,0.822807648942148,0.));
#6292=CARTESIAN_POINT('Ctrl Pts',(-5.61810530202398,0.822807648942148,5.));
#6293=CARTESIAN_POINT('Ctrl Pts',(-5.63814570714672,0.822892842967062,0.));
#6294=CARTESIAN_POINT('Ctrl Pts',(-5.63814570714672,0.822892842967062,5.));
#6295=CARTESIAN_POINT('Ctrl Pts',(-5.65825558536965,0.822266614146114,0.));
#6296=CARTESIAN_POINT('Ctrl Pts',(-5.65825558536965,0.822266614146114,5.));
#6297=CARTESIAN_POINT('Ctrl Pts',(-5.67841557229104,0.821197069046024,0.));
#6298=CARTESIAN_POINT('Ctrl Pts',(-5.67841557229104,0.821197069046024,5.));
#6299=CARTESIAN_POINT('Ctrl Pts',(-5.69861004180534,0.819884338972281,0.));
#6300=CARTESIAN_POINT('Ctrl Pts',(-5.69861004180534,0.819884338972281,5.));
#6301=CARTESIAN_POINT('Ctrl Pts',(-5.71883064239729,0.818405845176579,0.));
#6302=CARTESIAN_POINT('Ctrl Pts',(-5.71883064239729,0.818405845176579,5.));
#6303=CARTESIAN_POINT('Ctrl Pts',(-5.73907405661381,0.81675628029728,0.));
#6304=CARTESIAN_POINT('Ctrl Pts',(-5.73907405661381,0.81675628029728,5.));
#6305=CARTESIAN_POINT('Ctrl Pts',(-5.75934021287988,0.814880253014959,0.));
#6306=CARTESIAN_POINT('Ctrl Pts',(-5.75934021287988,0.814880253014959,5.));
#6307=CARTESIAN_POINT('Ctrl Pts',(-5.77963039369005,0.812706437630234,0.));
#6308=CARTESIAN_POINT('Ctrl Pts',(-5.77963039369005,0.812706437630234,5.));
#6309=CARTESIAN_POINT('Ctrl Pts',(-5.79994524055244,0.810183891731672,0.));
#6310=CARTESIAN_POINT('Ctrl Pts',(-5.79994524055244,0.810183891731672,5.));
#6311=CARTESIAN_POINT('Ctrl Pts',(-5.82028325496887,0.807308884627318,0.));
#6312=CARTESIAN_POINT('Ctrl Pts',(-5.82028325496887,0.807308884627318,5.));
#6313=CARTESIAN_POINT('Ctrl Pts',(-5.84064168190975,0.804106613625442,0.));
#6314=CARTESIAN_POINT('Ctrl Pts',(-5.84064168190975,0.804106613625442,5.));
#6315=CARTESIAN_POINT('Ctrl Pts',(-5.86101707287446,0.800618948690398,0.));
#6316=CARTESIAN_POINT('Ctrl Pts',(-5.86101707287446,0.800618948690398,5.));
#6317=CARTESIAN_POINT('Ctrl Pts',(-5.88140594005921,0.796890541761077,0.));
#6318=CARTESIAN_POINT('Ctrl Pts',(-5.88140594005921,0.796890541761077,5.));
#6319=CARTESIAN_POINT('Ctrl Pts',(-5.90180544812962,0.792954025865179,0.));
#6320=CARTESIAN_POINT('Ctrl Pts',(-5.90180544812962,0.792954025865179,5.));
#6321=CARTESIAN_POINT('Ctrl Pts',(-5.92221384788795,0.788820702145179,0.));
#6322=CARTESIAN_POINT('Ctrl Pts',(-5.92221384788795,0.788820702145179,5.));
#6323=CARTESIAN_POINT('Ctrl Pts',(-5.94263007414211,0.784488808203705,0.));
#6324=CARTESIAN_POINT('Ctrl Pts',(-5.94263007414211,0.784488808203705,5.));
#6325=CARTESIAN_POINT('Ctrl Pts',(-5.96305348668376,0.779948780572083,0.));
#6326=CARTESIAN_POINT('Ctrl Pts',(-5.96305348668376,0.779948780572083,5.));
#6327=CARTESIAN_POINT('Ctrl Pts',(-5.98348357232752,0.775189341748854,0.));
#6328=CARTESIAN_POINT('Ctrl Pts',(-5.98348357232752,0.775189341748854,5.));
#6329=CARTESIAN_POINT('Ctrl Pts',(-6.00391962318757,0.770204072941482,0.));
#6330=CARTESIAN_POINT('Ctrl Pts',(-6.00391962318757,0.770204072941482,5.));
#6331=CARTESIAN_POINT('Ctrl Pts',(-6.02436055840348,0.764995021955825,0.));
#6332=CARTESIAN_POINT('Ctrl Pts',(-6.02436055840348,0.764995021955825,5.));
#6333=CARTESIAN_POINT('Ctrl Pts',(-6.04480509225936,0.75956914191869,0.));
#6334=CARTESIAN_POINT('Ctrl Pts',(-6.04480509225936,0.75956914191869,5.));
#6335=CARTESIAN_POINT('Ctrl Pts',(-6.06525183437937,0.75393613656717,0.));
#6336=CARTESIAN_POINT('Ctrl Pts',(-6.06525183437937,0.75393613656717,5.));
#6337=CARTESIAN_POINT('Ctrl Pts',(-6.085699408979,0.748105914982601,0.));
#6338=CARTESIAN_POINT('Ctrl Pts',(-6.085699408979,0.748105914982601,5.));
#6339=CARTESIAN_POINT('Ctrl Pts',(-6.10614658473831,0.742085821204917,0.));
#6340=CARTESIAN_POINT('Ctrl Pts',(-6.10614658473831,0.742085821204917,5.));
#6341=CARTESIAN_POINT('Ctrl Pts',(-6.12659233646376,0.73587929868764,0.));
#6342=CARTESIAN_POINT('Ctrl Pts',(-6.12659233646376,0.73587929868764,5.));
#6343=CARTESIAN_POINT('Ctrl Pts',(-6.14703576923518,0.729487442834608,0.));
#6344=CARTESIAN_POINT('Ctrl Pts',(-6.14703576923518,0.729487442834608,5.));
#6345=CARTESIAN_POINT('Ctrl Pts',(-6.16747607170195,0.722909942759137,0.));
#6346=CARTESIAN_POINT('Ctrl Pts',(-6.16747607170195,0.722909942759137,5.));
#6347=CARTESIAN_POINT('Ctrl Pts',(-6.18791246143866,0.716146192598137,0.));
#6348=CARTESIAN_POINT('Ctrl Pts',(-6.18791246143866,0.716146192598137,5.));
#6349=CARTESIAN_POINT('Ctrl Pts',(-6.20834412507508,0.709196510817027,0.));
#6350=CARTESIAN_POINT('Ctrl Pts',(-6.20834412507508,0.709196510817027,5.));
#6351=CARTESIAN_POINT('Ctrl Pts',(-6.22877019081928,0.702062692152896,0.));
#6352=CARTESIAN_POINT('Ctrl Pts',(-6.22877019081928,0.702062692152896,5.));
#6353=CARTESIAN_POINT('Ctrl Pts',(-6.24918975941261,0.694747352412056,0.));
#6354=CARTESIAN_POINT('Ctrl Pts',(-6.24918975941261,0.694747352412056,5.));
#6355=CARTESIAN_POINT('Ctrl Pts',(-6.26960192225705,0.687253541119409,0.));
#6356=CARTESIAN_POINT('Ctrl Pts',(-6.26960192225705,0.687253541119409,5.));
#6357=CARTESIAN_POINT('Ctrl Pts',(-6.2900057831365,0.679584280163763,0.));
#6358=CARTESIAN_POINT('Ctrl Pts',(-6.2900057831365,0.679584280163763,5.));
#6359=CARTESIAN_POINT('Ctrl Pts',(-6.31040048232009,0.671742058817291,0.));
#6360=CARTESIAN_POINT('Ctrl Pts',(-6.31040048232009,0.671742058817291,5.));
#6361=CARTESIAN_POINT('Ctrl Pts',(-6.33078520630017,0.663728615861259,0.));
#6362=CARTESIAN_POINT('Ctrl Pts',(-6.33078520630017,0.663728615861259,5.));
#6363=CARTESIAN_POINT('Ctrl Pts',(-6.35115917243481,0.65554522434995,0.));
#6364=CARTESIAN_POINT('Ctrl Pts',(-6.35115917243481,0.65554522434995,5.));
#6365=CARTESIAN_POINT('Ctrl Pts',(-6.37152161922486,0.647192865028193,0.));
#6366=CARTESIAN_POINT('Ctrl Pts',(-6.37152161922486,0.647192865028193,5.));
#6367=CARTESIAN_POINT('Ctrl Pts',(-6.39187179522475,0.638672431603216,0.));
#6368=CARTESIAN_POINT('Ctrl Pts',(-6.39187179522475,0.638672431603216,5.));
#6369=CARTESIAN_POINT('Ctrl Pts',(-6.41220894672401,0.629984956762125,0.));
#6370=CARTESIAN_POINT('Ctrl Pts',(-6.41220894672401,0.629984956762125,5.));
#6371=CARTESIAN_POINT('Ctrl Pts',(-6.43253231266763,0.62113171533124,0.));
#6372=CARTESIAN_POINT('Ctrl Pts',(-6.43253231266763,0.62113171533124,5.));
#6373=CARTESIAN_POINT('Ctrl Pts',(-6.45284113240692,0.612114103596273,0.));
#6374=CARTESIAN_POINT('Ctrl Pts',(-6.45284113240692,0.612114103596273,5.));
#6375=CARTESIAN_POINT('Ctrl Pts',(-6.47313465085531,0.602933569248352,0.));
#6376=CARTESIAN_POINT('Ctrl Pts',(-6.47313465085531,0.602933569248352,5.));
#6377=CARTESIAN_POINT('Ctrl Pts',(-6.49341212418248,0.593591527623448,0.));
#6378=CARTESIAN_POINT('Ctrl Pts',(-6.49341212418248,0.593591527623448,5.));
#6379=CARTESIAN_POINT('Ctrl Pts',(-6.51367282688466,0.584089272060834,0.));
#6380=CARTESIAN_POINT('Ctrl Pts',(-6.51367282688466,0.584089272060834,5.));
#6381=CARTESIAN_POINT('Ctrl Pts',(-6.53391605340814,0.57442793169461,0.));
#6382=CARTESIAN_POINT('Ctrl Pts',(-6.53391605340814,0.57442793169461,5.));
#6383=CARTESIAN_POINT('Ctrl Pts',(-6.55414110928313,0.564608525426858,0.));
#6384=CARTESIAN_POINT('Ctrl Pts',(-6.55414110928313,0.564608525426858,5.));
#6385=CARTESIAN_POINT('Ctrl Pts',(-6.57434730432729,0.554631996591849,0.));
#6386=CARTESIAN_POINT('Ctrl Pts',(-6.57434730432729,0.554631996591849,5.));
#6387=CARTESIAN_POINT('Ctrl Pts',(-6.59453394594868,0.544499253810597,0.));
#6388=CARTESIAN_POINT('Ctrl Pts',(-6.59453394594868,0.544499253810597,5.));
#6389=CARTESIAN_POINT('Ctrl Pts',(-6.61470033066004,0.534211216520256,0.));
#6390=CARTESIAN_POINT('Ctrl Pts',(-6.61470033066004,0.534211216520256,5.));
#6391=CARTESIAN_POINT('Ctrl Pts',(-6.63484574263792,0.523768839268973,0.));
#6392=CARTESIAN_POINT('Ctrl Pts',(-6.63484574263792,0.523768839268973,5.));
#6393=CARTESIAN_POINT('Ctrl Pts',(-6.65496946794747,0.513173083276489,0.));
#6394=CARTESIAN_POINT('Ctrl Pts',(-6.65496946794747,0.513173083276489,5.));
#6395=CARTESIAN_POINT('Ctrl Pts',(-6.67507080638353,0.502424899195248,0.));
#6396=CARTESIAN_POINT('Ctrl Pts',(-6.67507080638353,0.502424899195248,5.));
#6397=CARTESIAN_POINT('Ctrl Pts',(-6.6951490830299,0.49152520772173,0.));
#6398=CARTESIAN_POINT('Ctrl Pts',(-6.6951490830299,0.49152520772173,5.));
#6399=CARTESIAN_POINT('Ctrl Pts',(-6.71520366346005,0.4804748793578,0.));
#6400=CARTESIAN_POINT('Ctrl Pts',(-6.71520366346005,0.4804748793578,5.));
#6401=CARTESIAN_POINT('Ctrl Pts',(-6.73523395716086,0.469274724621552,0.));
#6402=CARTESIAN_POINT('Ctrl Pts',(-6.73523395716086,0.469274724621552,5.));
#6403=CARTESIAN_POINT('Ctrl Pts',(-6.75523938559687,0.457925516237053,0.));
#6404=CARTESIAN_POINT('Ctrl Pts',(-6.75523938559687,0.457925516237053,5.));
#6405=CARTESIAN_POINT('Ctrl Pts',(-6.77521935566245,0.446428007088991,0.));
#6406=CARTESIAN_POINT('Ctrl Pts',(-6.77521935566245,0.446428007088991,5.));
#6407=CARTESIAN_POINT('Ctrl Pts',(-6.79517323329033,0.434782949656783,0.));
#6408=CARTESIAN_POINT('Ctrl Pts',(-6.79517323329033,0.434782949656783,5.));
#6409=CARTESIAN_POINT('Ctrl Pts',(-6.81510031215831,0.422991118845143,0.));
#6410=CARTESIAN_POINT('Ctrl Pts',(-6.81510031215831,0.422991118845143,5.));
#6411=CARTESIAN_POINT('Ctrl Pts',(-6.834999799595,0.411053325626468,0.));
#6412=CARTESIAN_POINT('Ctrl Pts',(-6.834999799595,0.411053325626468,5.));
#6413=CARTESIAN_POINT('Ctrl Pts',(-6.8548708826084,0.398970383755377,0.));
#6414=CARTESIAN_POINT('Ctrl Pts',(-6.8548708826084,0.398970383755377,5.));
#6415=CARTESIAN_POINT('Ctrl Pts',(-6.87471278366857,0.386743083741632,0.));
#6416=CARTESIAN_POINT('Ctrl Pts',(-6.87471278366857,0.386743083741632,5.));
#6417=CARTESIAN_POINT('Ctrl Pts',(-6.89452481934089,0.374372165228844,0.));
#6418=CARTESIAN_POINT('Ctrl Pts',(-6.89452481934089,0.374372165228844,5.));
#6419=CARTESIAN_POINT('Ctrl Pts',(-6.91430646122988,0.361858290589761,0.));
#6420=CARTESIAN_POINT('Ctrl Pts',(-6.91430646122988,0.361858290589761,5.));
#6421=CARTESIAN_POINT('Ctrl Pts',(-6.93405738710469,0.349202020343614,0.));
#6422=CARTESIAN_POINT('Ctrl Pts',(-6.93405738710469,0.349202020343614,5.));
#6423=CARTESIAN_POINT('Ctrl Pts',(-6.95377742756404,0.336403804942239,0.));
#6424=CARTESIAN_POINT('Ctrl Pts',(-6.95377742756404,0.336403804942239,5.));
#6425=CARTESIAN_POINT('Ctrl Pts',(-6.96952870286459,0.326051941655988,0.));
#6426=CARTESIAN_POINT('Ctrl Pts',(-6.96952870286459,0.326051941655988,5.));
#6427=CARTESIAN_POINT('Ctrl Pts',(-6.98132823355252,0.318224410117592,0.));
#6428=CARTESIAN_POINT('Ctrl Pts',(-6.98132823355252,0.318224410117592,5.));
#6429=CARTESIAN_POINT('Ctrl Pts',(-6.98918840017086,0.312977783341404,0.));
#6430=CARTESIAN_POINT('Ctrl Pts',(-6.98918840017086,0.312977783341404,5.));
#6431=CARTESIAN_POINT('Ctrl Pts',(-6.99311693668607,0.310347401848986,0.));
#6432=CARTESIAN_POINT('Ctrl Pts',(-6.99311693668607,0.310347401848986,5.));
#6433=CARTESIAN_POINT('Ctrl Pts',(-5.57833152568884,0.819156496432522,0.));
#6434=CARTESIAN_POINT('Ctrl Pts',(-5.58229040258206,0.819737842254425,0.));
#6435=CARTESIAN_POINT('Ctrl Pts',(-5.59021886985926,0.820774876712852,0.));
#6436=CARTESIAN_POINT('Ctrl Pts',(-5.60214371102085,0.821953460546366,0.));
#6437=CARTESIAN_POINT('Ctrl Pts',(-5.61810530202398,0.822807648942148,0.));
#6438=CARTESIAN_POINT('Ctrl Pts',(-5.63814570714672,0.822892842967062,0.));
#6439=CARTESIAN_POINT('Ctrl Pts',(-5.65825558536965,0.822266614146114,0.));
#6440=CARTESIAN_POINT('Ctrl Pts',(-5.67841557229104,0.821197069046024,0.));
#6441=CARTESIAN_POINT('Ctrl Pts',(-5.69861004180534,0.819884338972281,0.));
#6442=CARTESIAN_POINT('Ctrl Pts',(-5.71883064239729,0.818405845176579,0.));
#6443=CARTESIAN_POINT('Ctrl Pts',(-5.73907405661381,0.81675628029728,0.));
#6444=CARTESIAN_POINT('Ctrl Pts',(-5.75934021287988,0.814880253014959,0.));
#6445=CARTESIAN_POINT('Ctrl Pts',(-5.77963039369005,0.812706437630234,0.));
#6446=CARTESIAN_POINT('Ctrl Pts',(-5.79994524055244,0.810183891731672,0.));
#6447=CARTESIAN_POINT('Ctrl Pts',(-5.82028325496887,0.807308884627318,0.));
#6448=CARTESIAN_POINT('Ctrl Pts',(-5.84064168190975,0.804106613625442,0.));
#6449=CARTESIAN_POINT('Ctrl Pts',(-5.86101707287446,0.800618948690398,0.));
#6450=CARTESIAN_POINT('Ctrl Pts',(-5.88140594005921,0.796890541761077,0.));
#6451=CARTESIAN_POINT('Ctrl Pts',(-5.90180544812962,0.792954025865179,0.));
#6452=CARTESIAN_POINT('Ctrl Pts',(-5.92221384788795,0.788820702145179,0.));
#6453=CARTESIAN_POINT('Ctrl Pts',(-5.94263007414211,0.784488808203705,0.));
#6454=CARTESIAN_POINT('Ctrl Pts',(-5.96305348668376,0.779948780572083,0.));
#6455=CARTESIAN_POINT('Ctrl Pts',(-5.98348357232752,0.775189341748854,0.));
#6456=CARTESIAN_POINT('Ctrl Pts',(-6.00391962318757,0.770204072941482,0.));
#6457=CARTESIAN_POINT('Ctrl Pts',(-6.02436055840348,0.764995021955825,0.));
#6458=CARTESIAN_POINT('Ctrl Pts',(-6.04480509225936,0.75956914191869,0.));
#6459=CARTESIAN_POINT('Ctrl Pts',(-6.06525183437937,0.75393613656717,0.));
#6460=CARTESIAN_POINT('Ctrl Pts',(-6.085699408979,0.748105914982601,0.));
#6461=CARTESIAN_POINT('Ctrl Pts',(-6.10614658473831,0.742085821204917,0.));
#6462=CARTESIAN_POINT('Ctrl Pts',(-6.12659233646376,0.73587929868764,0.));
#6463=CARTESIAN_POINT('Ctrl Pts',(-6.14703576923518,0.729487442834608,0.));
#6464=CARTESIAN_POINT('Ctrl Pts',(-6.16747607170195,0.722909942759137,0.));
#6465=CARTESIAN_POINT('Ctrl Pts',(-6.18791246143866,0.716146192598137,0.));
#6466=CARTESIAN_POINT('Ctrl Pts',(-6.20834412507508,0.709196510817027,0.));
#6467=CARTESIAN_POINT('Ctrl Pts',(-6.22877019081928,0.702062692152896,0.));
#6468=CARTESIAN_POINT('Ctrl Pts',(-6.24918975941261,0.694747352412056,0.));
#6469=CARTESIAN_POINT('Ctrl Pts',(-6.26960192225705,0.687253541119409,0.));
#6470=CARTESIAN_POINT('Ctrl Pts',(-6.2900057831365,0.679584280163763,0.));
#6471=CARTESIAN_POINT('Ctrl Pts',(-6.31040048232009,0.671742058817291,0.));
#6472=CARTESIAN_POINT('Ctrl Pts',(-6.33078520630017,0.663728615861259,0.));
#6473=CARTESIAN_POINT('Ctrl Pts',(-6.35115917243481,0.65554522434995,0.));
#6474=CARTESIAN_POINT('Ctrl Pts',(-6.37152161922486,0.647192865028193,0.));
#6475=CARTESIAN_POINT('Ctrl Pts',(-6.39187179522475,0.638672431603216,0.));
#6476=CARTESIAN_POINT('Ctrl Pts',(-6.41220894672401,0.629984956762125,0.));
#6477=CARTESIAN_POINT('Ctrl Pts',(-6.43253231266763,0.62113171533124,0.));
#6478=CARTESIAN_POINT('Ctrl Pts',(-6.45284113240692,0.612114103596273,0.));
#6479=CARTESIAN_POINT('Ctrl Pts',(-6.47313465085531,0.602933569248352,0.));
#6480=CARTESIAN_POINT('Ctrl Pts',(-6.49341212418248,0.593591527623448,0.));
#6481=CARTESIAN_POINT('Ctrl Pts',(-6.51367282688466,0.584089272060834,0.));
#6482=CARTESIAN_POINT('Ctrl Pts',(-6.53391605340814,0.57442793169461,0.));
#6483=CARTESIAN_POINT('Ctrl Pts',(-6.55414110928313,0.564608525426858,0.));
#6484=CARTESIAN_POINT('Ctrl Pts',(-6.57434730432729,0.554631996591849,0.));
#6485=CARTESIAN_POINT('Ctrl Pts',(-6.59453394594868,0.544499253810597,0.));
#6486=CARTESIAN_POINT('Ctrl Pts',(-6.61470033066004,0.534211216520256,0.));
#6487=CARTESIAN_POINT('Ctrl Pts',(-6.63484574263792,0.523768839268973,0.));
#6488=CARTESIAN_POINT('Ctrl Pts',(-6.65496946794747,0.513173083276489,0.));
#6489=CARTESIAN_POINT('Ctrl Pts',(-6.67507080638353,0.502424899195248,0.));
#6490=CARTESIAN_POINT('Ctrl Pts',(-6.6951490830299,0.49152520772173,0.));
#6491=CARTESIAN_POINT('Ctrl Pts',(-6.71520366346005,0.4804748793578,0.));
#6492=CARTESIAN_POINT('Ctrl Pts',(-6.73523395716086,0.469274724621552,0.));
#6493=CARTESIAN_POINT('Ctrl Pts',(-6.75523938559687,0.457925516237053,0.));
#6494=CARTESIAN_POINT('Ctrl Pts',(-6.77521935566245,0.446428007088991,0.));
#6495=CARTESIAN_POINT('Ctrl Pts',(-6.79517323329033,0.434782949656783,0.));
#6496=CARTESIAN_POINT('Ctrl Pts',(-6.81510031215831,0.422991118845143,0.));
#6497=CARTESIAN_POINT('Ctrl Pts',(-6.834999799595,0.411053325626468,0.));
#6498=CARTESIAN_POINT('Ctrl Pts',(-6.8548708826084,0.398970383755377,0.));
#6499=CARTESIAN_POINT('Ctrl Pts',(-6.87471278366857,0.386743083741632,0.));
#6500=CARTESIAN_POINT('Ctrl Pts',(-6.89452481934089,0.374372165228844,0.));
#6501=CARTESIAN_POINT('Ctrl Pts',(-6.91430646122988,0.361858290589761,0.));
#6502=CARTESIAN_POINT('Ctrl Pts',(-6.93405738710469,0.349202020343614,0.));
#6503=CARTESIAN_POINT('Ctrl Pts',(-6.95377742756404,0.336403804942239,0.));
#6504=CARTESIAN_POINT('Ctrl Pts',(-6.96952870286459,0.326051941655988,0.));
#6505=CARTESIAN_POINT('Ctrl Pts',(-6.98132823355252,0.318224410117592,0.));
#6506=CARTESIAN_POINT('Ctrl Pts',(-6.98918840017086,0.312977783341404,0.));
#6507=CARTESIAN_POINT('Ctrl Pts',(-6.99311693668607,0.310347401848986,0.));
#6508=CARTESIAN_POINT('Ctrl Pts',(-5.57833152568884,0.819156496432522,5.));
#6509=CARTESIAN_POINT('Ctrl Pts',(-5.58229040258206,0.819737842254425,5.));
#6510=CARTESIAN_POINT('Ctrl Pts',(-5.59021886985926,0.820774876712852,5.));
#6511=CARTESIAN_POINT('Ctrl Pts',(-5.60214371102085,0.821953460546366,5.));
#6512=CARTESIAN_POINT('Ctrl Pts',(-5.61810530202398,0.822807648942148,5.));
#6513=CARTESIAN_POINT('Ctrl Pts',(-5.63814570714672,0.822892842967062,5.));
#6514=CARTESIAN_POINT('Ctrl Pts',(-5.65825558536965,0.822266614146114,5.));
#6515=CARTESIAN_POINT('Ctrl Pts',(-5.67841557229104,0.821197069046024,5.));
#6516=CARTESIAN_POINT('Ctrl Pts',(-5.69861004180534,0.819884338972281,5.));
#6517=CARTESIAN_POINT('Ctrl Pts',(-5.71883064239729,0.818405845176579,5.));
#6518=CARTESIAN_POINT('Ctrl Pts',(-5.73907405661381,0.81675628029728,5.));
#6519=CARTESIAN_POINT('Ctrl Pts',(-5.75934021287988,0.814880253014959,5.));
#6520=CARTESIAN_POINT('Ctrl Pts',(-5.77963039369005,0.812706437630234,5.));
#6521=CARTESIAN_POINT('Ctrl Pts',(-5.79994524055244,0.810183891731672,5.));
#6522=CARTESIAN_POINT('Ctrl Pts',(-5.82028325496887,0.807308884627318,5.));
#6523=CARTESIAN_POINT('Ctrl Pts',(-5.84064168190975,0.804106613625442,5.));
#6524=CARTESIAN_POINT('Ctrl Pts',(-5.86101707287446,0.800618948690398,5.));
#6525=CARTESIAN_POINT('Ctrl Pts',(-5.88140594005921,0.796890541761077,5.));
#6526=CARTESIAN_POINT('Ctrl Pts',(-5.90180544812962,0.792954025865179,5.));
#6527=CARTESIAN_POINT('Ctrl Pts',(-5.92221384788795,0.788820702145179,5.));
#6528=CARTESIAN_POINT('Ctrl Pts',(-5.94263007414211,0.784488808203705,5.));
#6529=CARTESIAN_POINT('Ctrl Pts',(-5.96305348668376,0.779948780572083,5.));
#6530=CARTESIAN_POINT('Ctrl Pts',(-5.98348357232752,0.775189341748854,5.));
#6531=CARTESIAN_POINT('Ctrl Pts',(-6.00391962318757,0.770204072941482,5.));
#6532=CARTESIAN_POINT('Ctrl Pts',(-6.02436055840348,0.764995021955825,5.));
#6533=CARTESIAN_POINT('Ctrl Pts',(-6.04480509225936,0.75956914191869,5.));
#6534=CARTESIAN_POINT('Ctrl Pts',(-6.06525183437937,0.75393613656717,5.));
#6535=CARTESIAN_POINT('Ctrl Pts',(-6.085699408979,0.748105914982601,5.));
#6536=CARTESIAN_POINT('Ctrl Pts',(-6.10614658473831,0.742085821204917,5.));
#6537=CARTESIAN_POINT('Ctrl Pts',(-6.12659233646376,0.73587929868764,5.));
#6538=CARTESIAN_POINT('Ctrl Pts',(-6.14703576923518,0.729487442834608,5.));
#6539=CARTESIAN_POINT('Ctrl Pts',(-6.16747607170195,0.722909942759137,5.));
#6540=CARTESIAN_POINT('Ctrl Pts',(-6.18791246143866,0.716146192598137,5.));
#6541=CARTESIAN_POINT('Ctrl Pts',(-6.20834412507508,0.709196510817027,5.));
#6542=CARTESIAN_POINT('Ctrl Pts',(-6.22877019081928,0.702062692152896,5.));
#6543=CARTESIAN_POINT('Ctrl Pts',(-6.24918975941261,0.694747352412056,5.));
#6544=CARTESIAN_POINT('Ctrl Pts',(-6.26960192225705,0.687253541119409,5.));
#6545=CARTESIAN_POINT('Ctrl Pts',(-6.2900057831365,0.679584280163763,5.));
#6546=CARTESIAN_POINT('Ctrl Pts',(-6.31040048232009,0.671742058817291,5.));
#6547=CARTESIAN_POINT('Ctrl Pts',(-6.33078520630017,0.663728615861259,5.));
#6548=CARTESIAN_POINT('Ctrl Pts',(-6.35115917243481,0.65554522434995,5.));
#6549=CARTESIAN_POINT('Ctrl Pts',(-6.37152161922486,0.647192865028193,5.));
#6550=CARTESIAN_POINT('Ctrl Pts',(-6.39187179522475,0.638672431603216,5.));
#6551=CARTESIAN_POINT('Ctrl Pts',(-6.41220894672401,0.629984956762125,5.));
#6552=CARTESIAN_POINT('Ctrl Pts',(-6.43253231266763,0.62113171533124,5.));
#6553=CARTESIAN_POINT('Ctrl Pts',(-6.45284113240692,0.612114103596273,5.));
#6554=CARTESIAN_POINT('Ctrl Pts',(-6.47313465085531,0.602933569248352,5.));
#6555=CARTESIAN_POINT('Ctrl Pts',(-6.49341212418248,0.593591527623448,5.));
#6556=CARTESIAN_POINT('Ctrl Pts',(-6.51367282688466,0.584089272060834,5.));
#6557=CARTESIAN_POINT('Ctrl Pts',(-6.53391605340814,0.57442793169461,5.));
#6558=CARTESIAN_POINT('Ctrl Pts',(-6.55414110928313,0.564608525426858,5.));
#6559=CARTESIAN_POINT('Ctrl Pts',(-6.57434730432729,0.554631996591849,5.));
#6560=CARTESIAN_POINT('Ctrl Pts',(-6.59453394594868,0.544499253810597,5.));
#6561=CARTESIAN_POINT('Ctrl Pts',(-6.61470033066004,0.534211216520256,5.));
#6562=CARTESIAN_POINT('Ctrl Pts',(-6.63484574263792,0.523768839268973,5.));
#6563=CARTESIAN_POINT('Ctrl Pts',(-6.65496946794747,0.513173083276489,5.));
#6564=CARTESIAN_POINT('Ctrl Pts',(-6.67507080638353,0.502424899195248,5.));
#6565=CARTESIAN_POINT('Ctrl Pts',(-6.6951490830299,0.49152520772173,5.));
#6566=CARTESIAN_POINT('Ctrl Pts',(-6.71520366346005,0.4804748793578,5.));
#6567=CARTESIAN_POINT('Ctrl Pts',(-6.73523395716086,0.469274724621552,5.));
#6568=CARTESIAN_POINT('Ctrl Pts',(-6.75523938559687,0.457925516237053,5.));
#6569=CARTESIAN_POINT('Ctrl Pts',(-6.77521935566245,0.446428007088991,5.));
#6570=CARTESIAN_POINT('Ctrl Pts',(-6.79517323329033,0.434782949656783,5.));
#6571=CARTESIAN_POINT('Ctrl Pts',(-6.81510031215831,0.422991118845143,5.));
#6572=CARTESIAN_POINT('Ctrl Pts',(-6.834999799595,0.411053325626468,5.));
#6573=CARTESIAN_POINT('Ctrl Pts',(-6.8548708826084,0.398970383755377,5.));
#6574=CARTESIAN_POINT('Ctrl Pts',(-6.87471278366857,0.386743083741632,5.));
#6575=CARTESIAN_POINT('Ctrl Pts',(-6.89452481934089,0.374372165228844,5.));
#6576=CARTESIAN_POINT('Ctrl Pts',(-6.91430646122988,0.361858290589761,5.));
#6577=CARTESIAN_POINT('Ctrl Pts',(-6.93405738710469,0.349202020343614,5.));
#6578=CARTESIAN_POINT('Ctrl Pts',(-6.95377742756404,0.336403804942239,5.));
#6579=CARTESIAN_POINT('Ctrl Pts',(-6.96952870286459,0.326051941655988,5.));
#6580=CARTESIAN_POINT('Ctrl Pts',(-6.98132823355252,0.318224410117592,5.));
#6581=CARTESIAN_POINT('Ctrl Pts',(-6.98918840017086,0.312977783341404,5.));
#6582=CARTESIAN_POINT('Ctrl Pts',(-6.99311693668607,0.310347401848986,5.));
#6583=CARTESIAN_POINT('Ctrl Pts',(-6.21139061972984,3.22778973434332,0.));
#6584=CARTESIAN_POINT('Ctrl Pts',(-6.21139061972984,3.22778973434332,5.));
#6585=CARTESIAN_POINT('Ctrl Pts',(-6.20930359805418,3.22354748889163,0.));
#6586=CARTESIAN_POINT('Ctrl Pts',(-6.20930359805418,3.22354748889163,5.));
#6587=CARTESIAN_POINT('Ctrl Pts',(-6.20511980747282,3.21507369351011,0.));
#6588=CARTESIAN_POINT('Ctrl Pts',(-6.20511980747282,3.21507369351011,5.));
#6589=CARTESIAN_POINT('Ctrl Pts',(-6.19881487991354,3.20239508700497,0.));
#6590=CARTESIAN_POINT('Ctrl Pts',(-6.19881487991354,3.20239508700497,5.));
#6591=CARTESIAN_POINT('Ctrl Pts',(-6.19034980700438,3.1855544727723,0.));
#6592=CARTESIAN_POINT('Ctrl Pts',(-6.19034980700438,3.1855544727723,5.));
#6593=CARTESIAN_POINT('Ctrl Pts',(-6.17967085870361,3.16461087288193,0.));
#6594=CARTESIAN_POINT('Ctrl Pts',(-6.17967085870361,3.16461087288193,5.));
#6595=CARTESIAN_POINT('Ctrl Pts',(-6.16889419027084,3.1437747583942,0.));
#6596=CARTESIAN_POINT('Ctrl Pts',(-6.16889419027084,3.1437747583942,5.));
#6597=CARTESIAN_POINT('Ctrl Pts',(-6.15801972318595,3.12304660411248,0.));
#6598=CARTESIAN_POINT('Ctrl Pts',(-6.15801972318595,3.12304660411248,5.));
#6599=CARTESIAN_POINT('Ctrl Pts',(-6.14704745624943,3.1024270565761,0.));
#6600=CARTESIAN_POINT('Ctrl Pts',(-6.14704745624943,3.1024270565761,5.));
#6601=CARTESIAN_POINT('Ctrl Pts',(-6.13597751587882,3.08191695361442,0.));
#6602=CARTESIAN_POINT('Ctrl Pts',(-6.13597751587882,3.08191695361442,5.));
#6603=CARTESIAN_POINT('Ctrl Pts',(-6.12481012412405,3.06151727749491,0.));
#6604=CARTESIAN_POINT('Ctrl Pts',(-6.12481012412405,3.06151727749491,5.));
#6605=CARTESIAN_POINT('Ctrl Pts',(-6.11354555909092,3.04122910158406,0.));
#6606=CARTESIAN_POINT('Ctrl Pts',(-6.11354555909092,3.04122910158406,5.));
#6607=CARTESIAN_POINT('Ctrl Pts',(-6.10218411797386,3.02105353711006,0.));
#6608=CARTESIAN_POINT('Ctrl Pts',(-6.10218411797386,3.02105353711006,5.));
#6609=CARTESIAN_POINT('Ctrl Pts',(-6.09072608176022,3.0009916827313,0.));
#6610=CARTESIAN_POINT('Ctrl Pts',(-6.09072608176022,3.0009916827313,5.));
#6611=CARTESIAN_POINT('Ctrl Pts',(-6.0791716746906,2.98104456269605,0.));
#6612=CARTESIAN_POINT('Ctrl Pts',(-6.0791716746906,2.98104456269605,5.));
#6613=CARTESIAN_POINT('Ctrl Pts',(-6.06752106964367,2.96121314570422,0.));
#6614=CARTESIAN_POINT('Ctrl Pts',(-6.06752106964367,2.96121314570422,5.));
#6615=CARTESIAN_POINT('Ctrl Pts',(-6.05577440382163,2.94149838032591,0.));
#6616=CARTESIAN_POINT('Ctrl Pts',(-6.05577440382163,2.94149838032591,5.));
#6617=CARTESIAN_POINT('Ctrl Pts',(-6.04393179188884,2.92190122502751,0.));
#6618=CARTESIAN_POINT('Ctrl Pts',(-6.04393179188884,2.92190122502751,5.));
#6619=CARTESIAN_POINT('Ctrl Pts',(-6.03199333998564,2.90242267699485,0.));
#6620=CARTESIAN_POINT('Ctrl Pts',(-6.03199333998564,2.90242267699485,5.));
#6621=CARTESIAN_POINT('Ctrl Pts',(-6.01995916229056,2.88306380731791,0.));
#6622=CARTESIAN_POINT('Ctrl Pts',(-6.01995916229056,2.88306380731791,5.));
#6623=CARTESIAN_POINT('Ctrl Pts',(-6.00782938294996,2.86382575080134,0.));
#6624=CARTESIAN_POINT('Ctrl Pts',(-6.00782938294996,2.86382575080134,5.));
#6625=CARTESIAN_POINT('Ctrl Pts',(-5.99560413303305,2.84470968083689,0.));
#6626=CARTESIAN_POINT('Ctrl Pts',(-5.99560413303305,2.84470968083689,5.));
#6627=CARTESIAN_POINT('Ctrl Pts',(-5.98328355021569,2.8257167868327,0.));
#6628=CARTESIAN_POINT('Ctrl Pts',(-5.98328355021569,2.8257167868327,5.));
#6629=CARTESIAN_POINT('Ctrl Pts',(-5.9708677771451,2.80684825336343,0.));
#6630=CARTESIAN_POINT('Ctrl Pts',(-5.9708677771451,2.80684825336343,5.));
#6631=CARTESIAN_POINT('Ctrl Pts',(-5.95835696334054,2.78810522842863,0.));
#6632=CARTESIAN_POINT('Ctrl Pts',(-5.95835696334054,2.78810522842863,5.));
#6633=CARTESIAN_POINT('Ctrl Pts',(-5.94575125429371,2.76948884521319,0.));
#6634=CARTESIAN_POINT('Ctrl Pts',(-5.94575125429371,2.76948884521319,5.));
#6635=CARTESIAN_POINT('Ctrl Pts',(-5.93305077605293,2.75100026575969,0.));
#6636=CARTESIAN_POINT('Ctrl Pts',(-5.93305077605293,2.75100026575969,5.));
#6637=CARTESIAN_POINT('Ctrl Pts',(-5.92025562059562,2.73264071969812,0.));
#6638=CARTESIAN_POINT('Ctrl Pts',(-5.92025562059562,2.73264071969812,5.));
#6639=CARTESIAN_POINT('Ctrl Pts',(-5.90736583438219,2.71441153766416,0.));
#6640=CARTESIAN_POINT('Ctrl Pts',(-5.90736583438219,2.71441153766416,5.));
#6641=CARTESIAN_POINT('Ctrl Pts',(-5.89438139904767,2.69631420247435,0.));
#6642=CARTESIAN_POINT('Ctrl Pts',(-5.89438139904767,2.69631420247435,5.));
#6643=CARTESIAN_POINT('Ctrl Pts',(-5.88130225110005,2.67835031176076,0.));
#6644=CARTESIAN_POINT('Ctrl Pts',(-5.88130225110005,2.67835031176076,5.));
#6645=CARTESIAN_POINT('Ctrl Pts',(-5.86812832061791,2.66052149680397,0.));
#6646=CARTESIAN_POINT('Ctrl Pts',(-5.86812832061791,2.66052149680397,5.));
#6647=CARTESIAN_POINT('Ctrl Pts',(-5.85485956819948,2.64282934714721,0.));
#6648=CARTESIAN_POINT('Ctrl Pts',(-5.85485956819948,2.64282934714721,5.));
#6649=CARTESIAN_POINT('Ctrl Pts',(-5.84149601552459,2.62527534734999,0.));
#6650=CARTESIAN_POINT('Ctrl Pts',(-5.84149601552459,2.62527534734999,5.));
#6651=CARTESIAN_POINT('Ctrl Pts',(-5.82803779898207,2.60786076860078,0.));
#6652=CARTESIAN_POINT('Ctrl Pts',(-5.82803779898207,2.60786076860078,5.));
#6653=CARTESIAN_POINT('Ctrl Pts',(-5.81448512248929,2.59058676059556,0.));
#6654=CARTESIAN_POINT('Ctrl Pts',(-5.81448512248929,2.59058676059556,5.));
#6655=CARTESIAN_POINT('Ctrl Pts',(-5.80083815515141,2.57345455343381,0.));
#6656=CARTESIAN_POINT('Ctrl Pts',(-5.80083815515141,2.57345455343381,5.));
#6657=CARTESIAN_POINT('Ctrl Pts',(-5.78709693822912,2.55646564093388,0.));
#6658=CARTESIAN_POINT('Ctrl Pts',(-5.78709693822912,2.55646564093388,5.));
#6659=CARTESIAN_POINT('Ctrl Pts',(-5.77326130685006,2.53962193567831,0.));
#6660=CARTESIAN_POINT('Ctrl Pts',(-5.77326130685006,2.53962193567831,5.));
#6661=CARTESIAN_POINT('Ctrl Pts',(-5.75933076092691,2.52292602330549,0.));
#6662=CARTESIAN_POINT('Ctrl Pts',(-5.75933076092691,2.52292602330549,5.));
#6663=CARTESIAN_POINT('Ctrl Pts',(-5.74530456566119,2.50638096895594,0.));
#6664=CARTESIAN_POINT('Ctrl Pts',(-5.74530456566119,2.50638096895594,5.));
#6665=CARTESIAN_POINT('Ctrl Pts',(-5.73118198315941,2.48998986789471,0.));
#6666=CARTESIAN_POINT('Ctrl Pts',(-5.73118198315941,2.48998986789471,5.));
#6667=CARTESIAN_POINT('Ctrl Pts',(-5.71696248429925,2.47375543510585,0.));
#6668=CARTESIAN_POINT('Ctrl Pts',(-5.71696248429925,2.47375543510585,5.));
#6669=CARTESIAN_POINT('Ctrl Pts',(-5.70264592670612,2.45767966077321,0.));
#6670=CARTESIAN_POINT('Ctrl Pts',(-5.70264592670612,2.45767966077321,5.));
#6671=CARTESIAN_POINT('Ctrl Pts',(-5.68823285554658,2.44176322738107,0.));
#6672=CARTESIAN_POINT('Ctrl Pts',(-5.68823285554658,2.44176322738107,5.));
#6673=CARTESIAN_POINT('Ctrl Pts',(-5.67372425135249,2.42600600144931,0.));
#6674=CARTESIAN_POINT('Ctrl Pts',(-5.67372425135249,2.42600600144931,5.));
#6675=CARTESIAN_POINT('Ctrl Pts',(-5.65912097221742,2.41040811941746,0.));
#6676=CARTESIAN_POINT('Ctrl Pts',(-5.65912097221742,2.41040811941746,5.));
#6677=CARTESIAN_POINT('Ctrl Pts',(-5.64442324546306,2.39497097739317,0.));
#6678=CARTESIAN_POINT('Ctrl Pts',(-5.64442324546306,2.39497097739317,5.));
#6679=CARTESIAN_POINT('Ctrl Pts',(-5.62963023720628,2.37969807009142,0.));
#6680=CARTESIAN_POINT('Ctrl Pts',(-5.62963023720628,2.37969807009142,5.));
#6681=CARTESIAN_POINT('Ctrl Pts',(-5.61473934178149,2.36459637329735,0.));
#6682=CARTESIAN_POINT('Ctrl Pts',(-5.61473934178149,2.36459637329735,5.));
#6683=CARTESIAN_POINT('Ctrl Pts',(-5.59974679611233,2.34967515641936,0.));
#6684=CARTESIAN_POINT('Ctrl Pts',(-5.59974679611233,2.34967515641936,5.));
#6685=CARTESIAN_POINT('Ctrl Pts',(-5.58464895243107,2.33494351832822,0.));
#6686=CARTESIAN_POINT('Ctrl Pts',(-5.58464895243107,2.33494351832822,5.));
#6687=CARTESIAN_POINT('Ctrl Pts',(-5.56944344763693,2.32040812346632,0.));
#6688=CARTESIAN_POINT('Ctrl Pts',(-5.56944344763693,2.32040812346632,5.));
#6689=CARTESIAN_POINT('Ctrl Pts',(-5.55413019387955,2.30607128571576,0.));
#6690=CARTESIAN_POINT('Ctrl Pts',(-5.55413019387955,2.30607128571576,5.));
#6691=CARTESIAN_POINT('Ctrl Pts',(-5.53871301360232,2.29192780018207,0.));
#6692=CARTESIAN_POINT('Ctrl Pts',(-5.53871301360232,2.29192780018207,5.));
#6693=CARTESIAN_POINT('Ctrl Pts',(-5.52319798998755,2.27796815685518,0.));
#6694=CARTESIAN_POINT('Ctrl Pts',(-5.52319798998755,2.27796815685518,5.));
#6695=CARTESIAN_POINT('Ctrl Pts',(-5.50759045920624,2.26418439363243,0.));
#6696=CARTESIAN_POINT('Ctrl Pts',(-5.50759045920624,2.26418439363243,5.));
#6697=CARTESIAN_POINT('Ctrl Pts',(-5.49189222494051,2.25057551682897,0.));
#6698=CARTESIAN_POINT('Ctrl Pts',(-5.49189222494051,2.25057551682897,5.));
#6699=CARTESIAN_POINT('Ctrl Pts',(-5.47609915146879,2.23715218812016,0.));
#6700=CARTESIAN_POINT('Ctrl Pts',(-5.47609915146879,2.23715218812016,5.));
#6701=CARTESIAN_POINT('Ctrl Pts',(-5.46019737774884,2.22394408620417,0.));
#6702=CARTESIAN_POINT('Ctrl Pts',(-5.46019737774884,2.22394408620417,5.));
#6703=CARTESIAN_POINT('Ctrl Pts',(-5.44416759833788,2.2109916246963,0.));
#6704=CARTESIAN_POINT('Ctrl Pts',(-5.44416759833788,2.2109916246963,5.));
#6705=CARTESIAN_POINT('Ctrl Pts',(-5.4279918647429,2.19833278829966,0.));
#6706=CARTESIAN_POINT('Ctrl Pts',(-5.4279918647429,2.19833278829966,5.));
#6707=CARTESIAN_POINT('Ctrl Pts',(-5.41165996423536,2.18599077603809,0.));
#6708=CARTESIAN_POINT('Ctrl Pts',(-5.41165996423536,2.18599077603809,5.));
#6709=CARTESIAN_POINT('Ctrl Pts',(-5.39517505989873,2.1739631062867,0.));
#6710=CARTESIAN_POINT('Ctrl Pts',(-5.39517505989873,2.1739631062867,5.));
#6711=CARTESIAN_POINT('Ctrl Pts',(-5.37856206737641,2.16220534086898,0.));
#6712=CARTESIAN_POINT('Ctrl Pts',(-5.37856206737641,2.16220534086898,5.));
#6713=CARTESIAN_POINT('Ctrl Pts',(-5.36185553884522,2.15065506867006,0.));
#6714=CARTESIAN_POINT('Ctrl Pts',(-5.36185553884522,2.15065506867006,5.));
#6715=CARTESIAN_POINT('Ctrl Pts',(-5.34508323195066,2.13926435518766,0.));
#6716=CARTESIAN_POINT('Ctrl Pts',(-5.34508323195066,2.13926435518766,5.));
#6717=CARTESIAN_POINT('Ctrl Pts',(-5.32825067337221,2.12803026283834,0.));
#6718=CARTESIAN_POINT('Ctrl Pts',(-5.32825067337221,2.12803026283834,5.));
#6719=CARTESIAN_POINT('Ctrl Pts',(-5.31132638510836,2.11702401615047,0.));
#6720=CARTESIAN_POINT('Ctrl Pts',(-5.31132638510836,2.11702401615047,5.));
#6721=CARTESIAN_POINT('Ctrl Pts',(-5.29422383411077,2.10642674697149,0.));
#6722=CARTESIAN_POINT('Ctrl Pts',(-5.29422383411077,2.10642674697149,5.));
#6723=CARTESIAN_POINT('Ctrl Pts',(-5.27682573715989,2.09648032459994,0.));
#6724=CARTESIAN_POINT('Ctrl Pts',(-5.27682573715989,2.09648032459994,5.));
#6725=CARTESIAN_POINT('Ctrl Pts',(-5.26257549966847,2.08923927794874,0.));
#6726=CARTESIAN_POINT('Ctrl Pts',(-5.26257549966847,2.08923927794874,5.));
#6727=CARTESIAN_POINT('Ctrl Pts',(-5.25165899236968,2.08429754090826,0.));
#6728=CARTESIAN_POINT('Ctrl Pts',(-5.25165899236968,2.08429754090826,5.));
#6729=CARTESIAN_POINT('Ctrl Pts',(-5.24427422106533,2.08123140545526,0.));
#6730=CARTESIAN_POINT('Ctrl Pts',(-5.24427422106533,2.08123140545526,5.));
#6731=CARTESIAN_POINT('Ctrl Pts',(-5.2405550601944,2.0797554272588,0.));
#6732=CARTESIAN_POINT('Ctrl Pts',(-5.2405550601944,2.0797554272588,5.));
#6733=CARTESIAN_POINT('',(-6.21139061972984,3.22778973434332,0.));
#6734=CARTESIAN_POINT('Ctrl Pts',(-5.2405550601944,2.0797554272588,0.));
#6735=CARTESIAN_POINT('Ctrl Pts',(-5.24427422106533,2.08123140545526,0.));
#6736=CARTESIAN_POINT('Ctrl Pts',(-5.25165899236968,2.08429754090826,0.));
#6737=CARTESIAN_POINT('Ctrl Pts',(-5.26257549966847,2.08923927794874,0.));
#6738=CARTESIAN_POINT('Ctrl Pts',(-5.27682573715989,2.09648032459994,0.));
#6739=CARTESIAN_POINT('Ctrl Pts',(-5.29422383411077,2.10642674697149,0.));
#6740=CARTESIAN_POINT('Ctrl Pts',(-5.31132638510836,2.11702401615047,0.));
#6741=CARTESIAN_POINT('Ctrl Pts',(-5.32825067337221,2.12803026283834,0.));
#6742=CARTESIAN_POINT('Ctrl Pts',(-5.34508323195066,2.13926435518766,0.));
#6743=CARTESIAN_POINT('Ctrl Pts',(-5.36185553884522,2.15065506867006,0.));
#6744=CARTESIAN_POINT('Ctrl Pts',(-5.37856206737641,2.16220534086898,0.));
#6745=CARTESIAN_POINT('Ctrl Pts',(-5.39517505989873,2.1739631062867,0.));
#6746=CARTESIAN_POINT('Ctrl Pts',(-5.41165996423536,2.18599077603809,0.));
#6747=CARTESIAN_POINT('Ctrl Pts',(-5.4279918647429,2.19833278829966,0.));
#6748=CARTESIAN_POINT('Ctrl Pts',(-5.44416759833788,2.2109916246963,0.));
#6749=CARTESIAN_POINT('Ctrl Pts',(-5.46019737774884,2.22394408620417,0.));
#6750=CARTESIAN_POINT('Ctrl Pts',(-5.47609915146879,2.23715218812016,0.));
#6751=CARTESIAN_POINT('Ctrl Pts',(-5.49189222494051,2.25057551682897,0.));
#6752=CARTESIAN_POINT('Ctrl Pts',(-5.50759045920624,2.26418439363243,0.));
#6753=CARTESIAN_POINT('Ctrl Pts',(-5.52319798998755,2.27796815685518,0.));
#6754=CARTESIAN_POINT('Ctrl Pts',(-5.53871301360232,2.29192780018207,0.));
#6755=CARTESIAN_POINT('Ctrl Pts',(-5.55413019387955,2.30607128571576,0.));
#6756=CARTESIAN_POINT('Ctrl Pts',(-5.56944344763693,2.32040812346632,0.));
#6757=CARTESIAN_POINT('Ctrl Pts',(-5.58464895243107,2.33494351832822,0.));
#6758=CARTESIAN_POINT('Ctrl Pts',(-5.59974679611233,2.34967515641936,0.));
#6759=CARTESIAN_POINT('Ctrl Pts',(-5.61473934178149,2.36459637329735,0.));
#6760=CARTESIAN_POINT('Ctrl Pts',(-5.62963023720628,2.37969807009142,0.));
#6761=CARTESIAN_POINT('Ctrl Pts',(-5.64442324546306,2.39497097739317,0.));
#6762=CARTESIAN_POINT('Ctrl Pts',(-5.65912097221742,2.41040811941746,0.));
#6763=CARTESIAN_POINT('Ctrl Pts',(-5.67372425135249,2.42600600144931,0.));
#6764=CARTESIAN_POINT('Ctrl Pts',(-5.68823285554658,2.44176322738107,0.));
#6765=CARTESIAN_POINT('Ctrl Pts',(-5.70264592670612,2.45767966077321,0.));
#6766=CARTESIAN_POINT('Ctrl Pts',(-5.71696248429925,2.47375543510585,0.));
#6767=CARTESIAN_POINT('Ctrl Pts',(-5.73118198315941,2.48998986789471,0.));
#6768=CARTESIAN_POINT('Ctrl Pts',(-5.74530456566119,2.50638096895594,0.));
#6769=CARTESIAN_POINT('Ctrl Pts',(-5.75933076092691,2.52292602330549,0.));
#6770=CARTESIAN_POINT('Ctrl Pts',(-5.77326130685006,2.53962193567831,0.));
#6771=CARTESIAN_POINT('Ctrl Pts',(-5.78709693822912,2.55646564093388,0.));
#6772=CARTESIAN_POINT('Ctrl Pts',(-5.80083815515141,2.57345455343381,0.));
#6773=CARTESIAN_POINT('Ctrl Pts',(-5.81448512248929,2.59058676059556,0.));
#6774=CARTESIAN_POINT('Ctrl Pts',(-5.82803779898207,2.60786076860078,0.));
#6775=CARTESIAN_POINT('Ctrl Pts',(-5.84149601552459,2.62527534734999,0.));
#6776=CARTESIAN_POINT('Ctrl Pts',(-5.85485956819948,2.64282934714721,0.));
#6777=CARTESIAN_POINT('Ctrl Pts',(-5.86812832061791,2.66052149680397,0.));
#6778=CARTESIAN_POINT('Ctrl Pts',(-5.88130225110005,2.67835031176076,0.));
#6779=CARTESIAN_POINT('Ctrl Pts',(-5.89438139904767,2.69631420247435,0.));
#6780=CARTESIAN_POINT('Ctrl Pts',(-5.90736583438219,2.71441153766416,0.));
#6781=CARTESIAN_POINT('Ctrl Pts',(-5.92025562059562,2.73264071969812,0.));
#6782=CARTESIAN_POINT('Ctrl Pts',(-5.93305077605293,2.75100026575969,0.));
#6783=CARTESIAN_POINT('Ctrl Pts',(-5.94575125429371,2.76948884521319,0.));
#6784=CARTESIAN_POINT('Ctrl Pts',(-5.95835696334054,2.78810522842863,0.));
#6785=CARTESIAN_POINT('Ctrl Pts',(-5.9708677771451,2.80684825336343,0.));
#6786=CARTESIAN_POINT('Ctrl Pts',(-5.98328355021569,2.8257167868327,0.));
#6787=CARTESIAN_POINT('Ctrl Pts',(-5.99560413303305,2.84470968083689,0.));
#6788=CARTESIAN_POINT('Ctrl Pts',(-6.00782938294996,2.86382575080134,0.));
#6789=CARTESIAN_POINT('Ctrl Pts',(-6.01995916229056,2.88306380731791,0.));
#6790=CARTESIAN_POINT('Ctrl Pts',(-6.03199333998564,2.90242267699485,0.));
#6791=CARTESIAN_POINT('Ctrl Pts',(-6.04393179188884,2.92190122502751,0.));
#6792=CARTESIAN_POINT('Ctrl Pts',(-6.05577440382163,2.94149838032591,0.));
#6793=CARTESIAN_POINT('Ctrl Pts',(-6.06752106964367,2.96121314570422,0.));
#6794=CARTESIAN_POINT('Ctrl Pts',(-6.0791716746906,2.98104456269605,0.));
#6795=CARTESIAN_POINT('Ctrl Pts',(-6.09072608176022,3.0009916827313,0.));
#6796=CARTESIAN_POINT('Ctrl Pts',(-6.10218411797386,3.02105353711006,0.));
#6797=CARTESIAN_POINT('Ctrl Pts',(-6.11354555909092,3.04122910158406,0.));
#6798=CARTESIAN_POINT('Ctrl Pts',(-6.12481012412405,3.06151727749491,0.));
#6799=CARTESIAN_POINT('Ctrl Pts',(-6.13597751587882,3.08191695361442,0.));
#6800=CARTESIAN_POINT('Ctrl Pts',(-6.14704745624943,3.1024270565761,0.));
#6801=CARTESIAN_POINT('Ctrl Pts',(-6.15801972318595,3.12304660411248,0.));
#6802=CARTESIAN_POINT('Ctrl Pts',(-6.16889419027084,3.1437747583942,0.));
#6803=CARTESIAN_POINT('Ctrl Pts',(-6.17967085870361,3.16461087288193,0.));
#6804=CARTESIAN_POINT('Ctrl Pts',(-6.19034980700438,3.1855544727723,0.));
#6805=CARTESIAN_POINT('Ctrl Pts',(-6.19881487991354,3.20239508700497,0.));
#6806=CARTESIAN_POINT('Ctrl Pts',(-6.20511980747282,3.21507369351011,0.));
#6807=CARTESIAN_POINT('Ctrl Pts',(-6.20930359805418,3.22354748889163,0.));
#6808=CARTESIAN_POINT('Ctrl Pts',(-6.21139061972984,3.22778973434332,0.));
#6809=CARTESIAN_POINT('',(-6.21139061972984,3.22778973434332,5.));
#6810=CARTESIAN_POINT('Ctrl Pts',(-6.21139061972984,3.22778973434332,5.));
#6811=CARTESIAN_POINT('Ctrl Pts',(-6.20930359805418,3.22354748889163,5.));
#6812=CARTESIAN_POINT('Ctrl Pts',(-6.20511980747282,3.21507369351011,5.));
#6813=CARTESIAN_POINT('Ctrl Pts',(-6.19881487991354,3.20239508700497,5.));
#6814=CARTESIAN_POINT('Ctrl Pts',(-6.19034980700438,3.1855544727723,5.));
#6815=CARTESIAN_POINT('Ctrl Pts',(-6.17967085870361,3.16461087288193,5.));
#6816=CARTESIAN_POINT('Ctrl Pts',(-6.16889419027084,3.1437747583942,5.));
#6817=CARTESIAN_POINT('Ctrl Pts',(-6.15801972318595,3.12304660411248,5.));
#6818=CARTESIAN_POINT('Ctrl Pts',(-6.14704745624943,3.1024270565761,5.));
#6819=CARTESIAN_POINT('Ctrl Pts',(-6.13597751587882,3.08191695361442,5.));
#6820=CARTESIAN_POINT('Ctrl Pts',(-6.12481012412405,3.06151727749491,5.));
#6821=CARTESIAN_POINT('Ctrl Pts',(-6.11354555909092,3.04122910158406,5.));
#6822=CARTESIAN_POINT('Ctrl Pts',(-6.10218411797386,3.02105353711006,5.));
#6823=CARTESIAN_POINT('Ctrl Pts',(-6.09072608176022,3.0009916827313,5.));
#6824=CARTESIAN_POINT('Ctrl Pts',(-6.0791716746906,2.98104456269605,5.));
#6825=CARTESIAN_POINT('Ctrl Pts',(-6.06752106964367,2.96121314570422,5.));
#6826=CARTESIAN_POINT('Ctrl Pts',(-6.05577440382163,2.94149838032591,5.));
#6827=CARTESIAN_POINT('Ctrl Pts',(-6.04393179188884,2.92190122502751,5.));
#6828=CARTESIAN_POINT('Ctrl Pts',(-6.03199333998564,2.90242267699485,5.));
#6829=CARTESIAN_POINT('Ctrl Pts',(-6.01995916229056,2.88306380731791,5.));
#6830=CARTESIAN_POINT('Ctrl Pts',(-6.00782938294996,2.86382575080134,5.));
#6831=CARTESIAN_POINT('Ctrl Pts',(-5.99560413303305,2.84470968083689,5.));
#6832=CARTESIAN_POINT('Ctrl Pts',(-5.98328355021569,2.8257167868327,5.));
#6833=CARTESIAN_POINT('Ctrl Pts',(-5.9708677771451,2.80684825336343,5.));
#6834=CARTESIAN_POINT('Ctrl Pts',(-5.95835696334054,2.78810522842863,5.));
#6835=CARTESIAN_POINT('Ctrl Pts',(-5.94575125429371,2.76948884521319,5.));
#6836=CARTESIAN_POINT('Ctrl Pts',(-5.93305077605293,2.75100026575969,5.));
#6837=CARTESIAN_POINT('Ctrl Pts',(-5.92025562059562,2.73264071969812,5.));
#6838=CARTESIAN_POINT('Ctrl Pts',(-5.90736583438219,2.71441153766416,5.));
#6839=CARTESIAN_POINT('Ctrl Pts',(-5.89438139904767,2.69631420247435,5.));
#6840=CARTESIAN_POINT('Ctrl Pts',(-5.88130225110005,2.67835031176076,5.));
#6841=CARTESIAN_POINT('Ctrl Pts',(-5.86812832061791,2.66052149680397,5.));
#6842=CARTESIAN_POINT('Ctrl Pts',(-5.85485956819948,2.64282934714721,5.));
#6843=CARTESIAN_POINT('Ctrl Pts',(-5.84149601552459,2.62527534734999,5.));
#6844=CARTESIAN_POINT('Ctrl Pts',(-5.82803779898207,2.60786076860078,5.));
#6845=CARTESIAN_POINT('Ctrl Pts',(-5.81448512248929,2.59058676059556,5.));
#6846=CARTESIAN_POINT('Ctrl Pts',(-5.80083815515141,2.57345455343381,5.));
#6847=CARTESIAN_POINT('Ctrl Pts',(-5.78709693822912,2.55646564093388,5.));
#6848=CARTESIAN_POINT('Ctrl Pts',(-5.77326130685006,2.53962193567831,5.));
#6849=CARTESIAN_POINT('Ctrl Pts',(-5.75933076092691,2.52292602330549,5.));
#6850=CARTESIAN_POINT('Ctrl Pts',(-5.74530456566119,2.50638096895594,5.));
#6851=CARTESIAN_POINT('Ctrl Pts',(-5.73118198315941,2.48998986789471,5.));
#6852=CARTESIAN_POINT('Ctrl Pts',(-5.71696248429925,2.47375543510585,5.));
#6853=CARTESIAN_POINT('Ctrl Pts',(-5.70264592670612,2.45767966077321,5.));
#6854=CARTESIAN_POINT('Ctrl Pts',(-5.68823285554658,2.44176322738107,5.));
#6855=CARTESIAN_POINT('Ctrl Pts',(-5.67372425135249,2.42600600144931,5.));
#6856=CARTESIAN_POINT('Ctrl Pts',(-5.65912097221742,2.41040811941746,5.));
#6857=CARTESIAN_POINT('Ctrl Pts',(-5.64442324546306,2.39497097739317,5.));
#6858=CARTESIAN_POINT('Ctrl Pts',(-5.62963023720628,2.37969807009142,5.));
#6859=CARTESIAN_POINT('Ctrl Pts',(-5.61473934178149,2.36459637329735,5.));
#6860=CARTESIAN_POINT('Ctrl Pts',(-5.59974679611233,2.34967515641936,5.));
#6861=CARTESIAN_POINT('Ctrl Pts',(-5.58464895243107,2.33494351832822,5.));
#6862=CARTESIAN_POINT('Ctrl Pts',(-5.56944344763693,2.32040812346632,5.));
#6863=CARTESIAN_POINT('Ctrl Pts',(-5.55413019387955,2.30607128571576,5.));
#6864=CARTESIAN_POINT('Ctrl Pts',(-5.53871301360232,2.29192780018207,5.));
#6865=CARTESIAN_POINT('Ctrl Pts',(-5.52319798998755,2.27796815685518,5.));
#6866=CARTESIAN_POINT('Ctrl Pts',(-5.50759045920624,2.26418439363243,5.));
#6867=CARTESIAN_POINT('Ctrl Pts',(-5.49189222494051,2.25057551682897,5.));
#6868=CARTESIAN_POINT('Ctrl Pts',(-5.47609915146879,2.23715218812016,5.));
#6869=CARTESIAN_POINT('Ctrl Pts',(-5.46019737774884,2.22394408620417,5.));
#6870=CARTESIAN_POINT('Ctrl Pts',(-5.44416759833788,2.2109916246963,5.));
#6871=CARTESIAN_POINT('Ctrl Pts',(-5.4279918647429,2.19833278829966,5.));
#6872=CARTESIAN_POINT('Ctrl Pts',(-5.41165996423536,2.18599077603809,5.));
#6873=CARTESIAN_POINT('Ctrl Pts',(-5.39517505989873,2.1739631062867,5.));
#6874=CARTESIAN_POINT('Ctrl Pts',(-5.37856206737641,2.16220534086898,5.));
#6875=CARTESIAN_POINT('Ctrl Pts',(-5.36185553884522,2.15065506867006,5.));
#6876=CARTESIAN_POINT('Ctrl Pts',(-5.34508323195066,2.13926435518766,5.));
#6877=CARTESIAN_POINT('Ctrl Pts',(-5.32825067337221,2.12803026283834,5.));
#6878=CARTESIAN_POINT('Ctrl Pts',(-5.31132638510836,2.11702401615047,5.));
#6879=CARTESIAN_POINT('Ctrl Pts',(-5.29422383411077,2.10642674697149,5.));
#6880=CARTESIAN_POINT('Ctrl Pts',(-5.27682573715989,2.09648032459994,5.));
#6881=CARTESIAN_POINT('Ctrl Pts',(-5.26257549966847,2.08923927794874,5.));
#6882=CARTESIAN_POINT('Ctrl Pts',(-5.25165899236968,2.08429754090826,5.));
#6883=CARTESIAN_POINT('Ctrl Pts',(-5.24427422106533,2.08123140545526,5.));
#6884=CARTESIAN_POINT('Ctrl Pts',(-5.2405550601944,2.0797554272588,5.));
#6885=CARTESIAN_POINT('',(-6.21139061972984,3.22778973434332,0.));
#6886=CARTESIAN_POINT('Origin',(-7.72069518583001E-13,4.45754544387001E-13,
0.));
#6887=CARTESIAN_POINT('',(-5.90104321788086,3.76532720234276,0.));
#6888=CARTESIAN_POINT('Origin',(-7.72069518583001E-13,4.45754544387001E-13,
0.));
#6889=CARTESIAN_POINT('',(-5.90104321788086,3.76532720234276,5.));
#6890=CARTESIAN_POINT('Origin',(-7.72069518583001E-13,4.45754544387001E-13,
5.));
#6891=CARTESIAN_POINT('',(-5.90104321788086,3.76532720234276,0.));
#6892=CARTESIAN_POINT('Ctrl Pts',(-4.42139856376188,3.49857609843004,0.));
#6893=CARTESIAN_POINT('Ctrl Pts',(-4.42139856376188,3.49857609843004,5.));
#6894=CARTESIAN_POINT('Ctrl Pts',(-4.42453637881091,3.5010589971268,0.));
#6895=CARTESIAN_POINT('Ctrl Pts',(-4.42453637881091,3.5010589971268,5.));
#6896=CARTESIAN_POINT('Ctrl Pts',(-4.43088411565683,3.505921328951,0.));
#6897=CARTESIAN_POINT('Ctrl Pts',(-4.43088411565683,3.505921328951,5.));
#6898=CARTESIAN_POINT('Ctrl Pts',(-4.4406220391221,3.51290443307211,0.));
#6899=CARTESIAN_POINT('Ctrl Pts',(-4.4406220391221,3.51290443307211,5.));
#6900=CARTESIAN_POINT('Ctrl Pts',(-4.45401808821774,3.52162497742404,0.));
#6901=CARTESIAN_POINT('Ctrl Pts',(-4.45401808821774,3.52162497742404,5.));
#6902=CARTESIAN_POINT('Ctrl Pts',(-4.4713309911437,3.53171896017524,0.));
#6903=CARTESIAN_POINT('Ctrl Pts',(-4.4713309911437,3.53171896017524,5.));
#6904=CARTESIAN_POINT('Ctrl Pts',(-4.48905977096225,3.54123156921918,0.));
#6905=CARTESIAN_POINT('Ctrl Pts',(-4.48905977096225,3.54123156921918,5.));
#6906=CARTESIAN_POINT('Ctrl Pts',(-4.50705360432618,3.5503853094527,0.));
#6907=CARTESIAN_POINT('Ctrl Pts',(-4.50705360432618,3.5503853094527,5.));
#6908=CARTESIAN_POINT('Ctrl Pts',(-4.52519889297838,3.55934568661768,0.));
#6909=CARTESIAN_POINT('Ctrl Pts',(-4.52519889297838,3.55934568661768,5.));
#6910=CARTESIAN_POINT('Ctrl Pts',(-4.54344969366864,3.56817557372724,0.));
#6911=CARTESIAN_POINT('Ctrl Pts',(-4.54344969366864,3.56817557372724,5.));
#6912=CARTESIAN_POINT('Ctrl Pts',(-4.56180578707913,3.57686871574484,0.));
#6913=CARTESIAN_POINT('Ctrl Pts',(-4.56180578707913,3.57686871574484,5.));
#6914=CARTESIAN_POINT('Ctrl Pts',(-4.58029480688377,3.58537710659319,0.));
#6915=CARTESIAN_POINT('Ctrl Pts',(-4.58029480688377,3.58537710659319,5.));
#6916=CARTESIAN_POINT('Ctrl Pts',(-4.59895352660512,3.59363961765196,0.));
#6917=CARTESIAN_POINT('Ctrl Pts',(-4.59895352660512,3.59363961765196,5.));
#6918=CARTESIAN_POINT('Ctrl Pts',(-4.61780797301123,3.60161245225279,0.));
#6919=CARTESIAN_POINT('Ctrl Pts',(-4.61780797301123,3.60161245225279,5.));
#6920=CARTESIAN_POINT('Ctrl Pts',(-4.63685871371056,3.60929163027257,0.));
#6921=CARTESIAN_POINT('Ctrl Pts',(-4.63685871371056,3.60929163027257,5.));
#6922=CARTESIAN_POINT('Ctrl Pts',(-4.65609076412339,3.61669759570559,0.));
#6923=CARTESIAN_POINT('Ctrl Pts',(-4.65609076412339,3.61669759570559,5.));
#6924=CARTESIAN_POINT('Ctrl Pts',(-4.67548020277839,3.6238648847543,0.));
#6925=CARTESIAN_POINT('Ctrl Pts',(-4.67548020277839,3.6238648847543,5.));
#6926=CARTESIAN_POINT('Ctrl Pts',(-4.69500168317944,3.63083042323024,0.));
#6927=CARTESIAN_POINT('Ctrl Pts',(-4.69500168317944,3.63083042323024,5.));
#6928=CARTESIAN_POINT('Ctrl Pts',(-4.71463643334106,3.6376210544972,0.));
#6929=CARTESIAN_POINT('Ctrl Pts',(-4.71463643334106,3.6376210544972,5.));
#6930=CARTESIAN_POINT('Ctrl Pts',(-4.73437728784237,3.64424569103278,0.));
#6931=CARTESIAN_POINT('Ctrl Pts',(-4.73437728784237,3.64424569103278,5.));
#6932=CARTESIAN_POINT('Ctrl Pts',(-4.75422420539861,3.65070227396004,0.));
#6933=CARTESIAN_POINT('Ctrl Pts',(-4.75422420539861,3.65070227396004,5.));
#6934=CARTESIAN_POINT('Ctrl Pts',(-4.77418141330747,3.656982200968,0.));
#6935=CARTESIAN_POINT('Ctrl Pts',(-4.77418141330747,3.656982200968,5.));
#6936=CARTESIAN_POINT('Ctrl Pts',(-4.79425410588807,3.66307544886121,0.));
#6937=CARTESIAN_POINT('Ctrl Pts',(-4.79425410588807,3.66307544886121,5.));
#6938=CARTESIAN_POINT('Ctrl Pts',(-4.81444487948959,3.66897610485935,0.));
#6939=CARTESIAN_POINT('Ctrl Pts',(-4.81444487948959,3.66897610485935,5.));
#6940=CARTESIAN_POINT('Ctrl Pts',(-4.8347517741565,3.67468540198412,0.));
#6941=CARTESIAN_POINT('Ctrl Pts',(-4.8347517741565,3.67468540198412,5.));
#6942=CARTESIAN_POINT('Ctrl Pts',(-4.8551701998628,3.68020871896202,0.));
#6943=CARTESIAN_POINT('Ctrl Pts',(-4.8551701998628,3.68020871896202,5.));
#6944=CARTESIAN_POINT('Ctrl Pts',(-4.87569410063911,3.68555376428795,0.));
#6945=CARTESIAN_POINT('Ctrl Pts',(-4.87569410063911,3.68555376428795,5.));
#6946=CARTESIAN_POINT('Ctrl Pts',(-4.89631733048046,3.69072843158584,0.));
#6947=CARTESIAN_POINT('Ctrl Pts',(-4.89631733048046,3.69072843158584,5.));
#6948=CARTESIAN_POINT('Ctrl Pts',(-4.9170351510125,3.69573846532085,0.));
#6949=CARTESIAN_POINT('Ctrl Pts',(-4.9170351510125,3.69573846532085,5.));
#6950=CARTESIAN_POINT('Ctrl Pts',(-4.93784495266485,3.70058633501445,0.));
#6951=CARTESIAN_POINT('Ctrl Pts',(-4.93784495266485,3.70058633501445,5.));
#6952=CARTESIAN_POINT('Ctrl Pts',(-4.95874541271198,3.70527254185411,0.));
#6953=CARTESIAN_POINT('Ctrl Pts',(-4.95874541271198,3.70527254185411,5.));
#6954=CARTESIAN_POINT('Ctrl Pts',(-4.97973598394698,3.70979641092874,0.));
#6955=CARTESIAN_POINT('Ctrl Pts',(-4.97973598394698,3.70979641092874,5.));
#6956=CARTESIAN_POINT('Ctrl Pts',(-5.00081629170111,3.71415702633282,0.));
#6957=CARTESIAN_POINT('Ctrl Pts',(-5.00081629170111,3.71415702633282,5.));
#6958=CARTESIAN_POINT('Ctrl Pts',(-5.02198547234238,3.71835425718037,0.));
#6959=CARTESIAN_POINT('Ctrl Pts',(-5.02198547234238,3.71835425718037,5.));
#6960=CARTESIAN_POINT('Ctrl Pts',(-5.04324187350829,3.72238922186334,0.));
#6961=CARTESIAN_POINT('Ctrl Pts',(-5.04324187350829,3.72238922186334,5.));
#6962=CARTESIAN_POINT('Ctrl Pts',(-5.06458340851486,3.72626373610713,0.));
#6963=CARTESIAN_POINT('Ctrl Pts',(-5.06458340851486,3.72626373610713,5.));
#6964=CARTESIAN_POINT('Ctrl Pts',(-5.08600776573065,3.72997998657875,0.));
#6965=CARTESIAN_POINT('Ctrl Pts',(-5.08600776573065,3.72997998657875,5.));
#6966=CARTESIAN_POINT('Ctrl Pts',(-5.10751265806536,3.73354014220263,0.));
#6967=CARTESIAN_POINT('Ctrl Pts',(-5.10751265806536,3.73354014220263,5.));
#6968=CARTESIAN_POINT('Ctrl Pts',(-5.12909609633412,3.73694592888628,0.));
#6969=CARTESIAN_POINT('Ctrl Pts',(-5.12909609633412,3.73694592888628,5.));
#6970=CARTESIAN_POINT('Ctrl Pts',(-5.15075650662803,3.74019844570462,0.));
#6971=CARTESIAN_POINT('Ctrl Pts',(-5.15075650662803,3.74019844570462,5.));
#6972=CARTESIAN_POINT('Ctrl Pts',(-5.17249257463212,3.74329840383403,0.));
#6973=CARTESIAN_POINT('Ctrl Pts',(-5.17249257463212,3.74329840383403,5.));
#6974=CARTESIAN_POINT('Ctrl Pts',(-5.19430315049639,3.74624627187488,0.));
#6975=CARTESIAN_POINT('Ctrl Pts',(-5.19430315049639,3.74624627187488,5.));
#6976=CARTESIAN_POINT('Ctrl Pts',(-5.21618713659627,3.74904244807754,0.));
#6977=CARTESIAN_POINT('Ctrl Pts',(-5.21618713659627,3.74904244807754,5.));
#6978=CARTESIAN_POINT('Ctrl Pts',(-5.23814336385579,3.75168744992005,0.));
#6979=CARTESIAN_POINT('Ctrl Pts',(-5.23814336385579,3.75168744992005,5.));
#6980=CARTESIAN_POINT('Ctrl Pts',(-5.26017053576881,3.75418200090687,0.));
#6981=CARTESIAN_POINT('Ctrl Pts',(-5.26017053576881,3.75418200090687,5.));
#6982=CARTESIAN_POINT('Ctrl Pts',(-5.28226729545139,3.75652692993257,0.));
#6983=CARTESIAN_POINT('Ctrl Pts',(-5.28226729545139,3.75652692993257,5.));
#6984=CARTESIAN_POINT('Ctrl Pts',(-5.30443226513383,3.75872311319115,0.));
#6985=CARTESIAN_POINT('Ctrl Pts',(-5.30443226513383,3.75872311319115,5.));
#6986=CARTESIAN_POINT('Ctrl Pts',(-5.32666409297217,3.76077140448436,0.));
#6987=CARTESIAN_POINT('Ctrl Pts',(-5.32666409297217,3.76077140448436,5.));
#6988=CARTESIAN_POINT('Ctrl Pts',(-5.3489615039921,3.76267256112498,0.));
#6989=CARTESIAN_POINT('Ctrl Pts',(-5.3489615039921,3.76267256112498,5.));
#6990=CARTESIAN_POINT('Ctrl Pts',(-5.3713233225991,3.76442720819496,0.));
#6991=CARTESIAN_POINT('Ctrl Pts',(-5.3713233225991,3.76442720819496,5.));
#6992=CARTESIAN_POINT('Ctrl Pts',(-5.39374843791368,3.7660358808545,0.));
#6993=CARTESIAN_POINT('Ctrl Pts',(-5.39374843791368,3.7660358808545,5.));
#6994=CARTESIAN_POINT('Ctrl Pts',(-5.41623578055326,3.76749905096387,0.));
#6995=CARTESIAN_POINT('Ctrl Pts',(-5.41623578055326,3.76749905096387,5.));
#6996=CARTESIAN_POINT('Ctrl Pts',(-5.4387842964051,3.76881715911599,0.));
#6997=CARTESIAN_POINT('Ctrl Pts',(-5.4387842964051,3.76881715911599,5.));
#6998=CARTESIAN_POINT('Ctrl Pts',(-5.46139291651279,3.76999064982316,0.));
#6999=CARTESIAN_POINT('Ctrl Pts',(-5.46139291651279,3.76999064982316,5.));
#7000=CARTESIAN_POINT('Ctrl Pts',(-5.48406054368098,3.77101999183658,0.));
#7001=CARTESIAN_POINT('Ctrl Pts',(-5.48406054368098,3.77101999183658,5.));
#7002=CARTESIAN_POINT('Ctrl Pts',(-5.50678607901407,3.77190566062956,0.));
#7003=CARTESIAN_POINT('Ctrl Pts',(-5.50678607901407,3.77190566062956,5.));
#7004=CARTESIAN_POINT('Ctrl Pts',(-5.52956844079039,3.77264812938869,0.));
#7005=CARTESIAN_POINT('Ctrl Pts',(-5.52956844079039,3.77264812938869,5.));
#7006=CARTESIAN_POINT('Ctrl Pts',(-5.55240658416711,3.77324785800239,0.));
#7007=CARTESIAN_POINT('Ctrl Pts',(-5.55240658416711,3.77324785800239,5.));
#7008=CARTESIAN_POINT('Ctrl Pts',(-5.57529952446383,3.77370528313415,0.));
#7009=CARTESIAN_POINT('Ctrl Pts',(-5.57529952446383,3.77370528313415,5.));
#7010=CARTESIAN_POINT('Ctrl Pts',(-5.59824634502212,3.77402081145664,0.));
#7011=CARTESIAN_POINT('Ctrl Pts',(-5.59824634502212,3.77402081145664,5.));
#7012=CARTESIAN_POINT('Ctrl Pts',(-5.62124615845354,3.77419482290083,0.));
#7013=CARTESIAN_POINT('Ctrl Pts',(-5.62124615845354,3.77419482290083,5.));
#7014=CARTESIAN_POINT('Ctrl Pts',(-5.64429807467122,3.77422767293115,0.));
#7015=CARTESIAN_POINT('Ctrl Pts',(-5.64429807467122,3.77422767293115,5.));
#7016=CARTESIAN_POINT('Ctrl Pts',(-5.66740116831708,3.77411969618027,0.));
#7017=CARTESIAN_POINT('Ctrl Pts',(-5.66740116831708,3.77411969618027,5.));
#7018=CARTESIAN_POINT('Ctrl Pts',(-5.69055444024578,3.77387121057425,0.));
#7019=CARTESIAN_POINT('Ctrl Pts',(-5.69055444024578,3.77387121057425,5.));
#7020=CARTESIAN_POINT('Ctrl Pts',(-5.71375679849758,3.7734825221001,0.));
#7021=CARTESIAN_POINT('Ctrl Pts',(-5.71375679849758,3.7734825221001,5.));
#7022=CARTESIAN_POINT('Ctrl Pts',(-5.73700713212344,3.77295392899399,0.));
#7023=CARTESIAN_POINT('Ctrl Pts',(-5.73700713212344,3.77295392899399,5.));
#7024=CARTESIAN_POINT('Ctrl Pts',(-5.7603043725078,3.77228572709247,0.));
#7025=CARTESIAN_POINT('Ctrl Pts',(-5.7603043725078,3.77228572709247,5.));
#7026=CARTESIAN_POINT('Ctrl Pts',(-5.7836475579571,3.77147821522841,0.));
#7027=CARTESIAN_POINT('Ctrl Pts',(-5.7836475579571,3.77147821522841,5.));
#7028=CARTESIAN_POINT('Ctrl Pts',(-5.80703589968108,3.77053170283569,0.));
#7029=CARTESIAN_POINT('Ctrl Pts',(-5.80703589968108,3.77053170283569,5.));
#7030=CARTESIAN_POINT('Ctrl Pts',(-5.83046883836,3.76944651422277,0.));
#7031=CARTESIAN_POINT('Ctrl Pts',(-5.83046883836,3.76944651422277,5.));
#7032=CARTESIAN_POINT('Ctrl Pts',(-5.85394600206214,3.76822295479174,0.));
#7033=CARTESIAN_POINT('Ctrl Pts',(-5.85394600206214,3.76822295479174,5.));
#7034=CARTESIAN_POINT('Ctrl Pts',(-5.87276293825755,3.76713361585962,0.));
#7035=CARTESIAN_POINT('Ctrl Pts',(-5.87276293825755,3.76713361585962,5.));
#7036=CARTESIAN_POINT('Ctrl Pts',(-5.88689539735523,3.76625454004241,0.));
#7037=CARTESIAN_POINT('Ctrl Pts',(-5.88689539735523,3.76625454004241,5.));
#7038=CARTESIAN_POINT('Ctrl Pts',(-5.89632581471278,3.76564091127923,0.));
#7039=CARTESIAN_POINT('Ctrl Pts',(-5.89632581471278,3.76564091127923,5.));
#7040=CARTESIAN_POINT('Ctrl Pts',(-5.90104321788086,3.76532720234276,0.));
#7041=CARTESIAN_POINT('Ctrl Pts',(-5.90104321788086,3.76532720234276,5.));
#7042=CARTESIAN_POINT('Ctrl Pts',(-4.42139856376188,3.49857609843004,0.));
#7043=CARTESIAN_POINT('Ctrl Pts',(-4.42453637881091,3.5010589971268,0.));
#7044=CARTESIAN_POINT('Ctrl Pts',(-4.43088411565683,3.505921328951,0.));
#7045=CARTESIAN_POINT('Ctrl Pts',(-4.4406220391221,3.51290443307211,0.));
#7046=CARTESIAN_POINT('Ctrl Pts',(-4.45401808821774,3.52162497742404,0.));
#7047=CARTESIAN_POINT('Ctrl Pts',(-4.4713309911437,3.53171896017524,0.));
#7048=CARTESIAN_POINT('Ctrl Pts',(-4.48905977096225,3.54123156921918,0.));
#7049=CARTESIAN_POINT('Ctrl Pts',(-4.50705360432618,3.5503853094527,0.));
#7050=CARTESIAN_POINT('Ctrl Pts',(-4.52519889297838,3.55934568661768,0.));
#7051=CARTESIAN_POINT('Ctrl Pts',(-4.54344969366864,3.56817557372724,0.));
#7052=CARTESIAN_POINT('Ctrl Pts',(-4.56180578707913,3.57686871574484,0.));
#7053=CARTESIAN_POINT('Ctrl Pts',(-4.58029480688377,3.58537710659319,0.));
#7054=CARTESIAN_POINT('Ctrl Pts',(-4.59895352660512,3.59363961765196,0.));
#7055=CARTESIAN_POINT('Ctrl Pts',(-4.61780797301123,3.60161245225279,0.));
#7056=CARTESIAN_POINT('Ctrl Pts',(-4.63685871371056,3.60929163027257,0.));
#7057=CARTESIAN_POINT('Ctrl Pts',(-4.65609076412339,3.61669759570559,0.));
#7058=CARTESIAN_POINT('Ctrl Pts',(-4.67548020277839,3.6238648847543,0.));
#7059=CARTESIAN_POINT('Ctrl Pts',(-4.69500168317944,3.63083042323024,0.));
#7060=CARTESIAN_POINT('Ctrl Pts',(-4.71463643334106,3.6376210544972,0.));
#7061=CARTESIAN_POINT('Ctrl Pts',(-4.73437728784237,3.64424569103278,0.));
#7062=CARTESIAN_POINT('Ctrl Pts',(-4.75422420539861,3.65070227396004,0.));
#7063=CARTESIAN_POINT('Ctrl Pts',(-4.77418141330747,3.656982200968,0.));
#7064=CARTESIAN_POINT('Ctrl Pts',(-4.79425410588807,3.66307544886121,0.));
#7065=CARTESIAN_POINT('Ctrl Pts',(-4.81444487948959,3.66897610485935,0.));
#7066=CARTESIAN_POINT('Ctrl Pts',(-4.8347517741565,3.67468540198412,0.));
#7067=CARTESIAN_POINT('Ctrl Pts',(-4.8551701998628,3.68020871896202,0.));
#7068=CARTESIAN_POINT('Ctrl Pts',(-4.87569410063911,3.68555376428795,0.));
#7069=CARTESIAN_POINT('Ctrl Pts',(-4.89631733048046,3.69072843158584,0.));
#7070=CARTESIAN_POINT('Ctrl Pts',(-4.9170351510125,3.69573846532085,0.));
#7071=CARTESIAN_POINT('Ctrl Pts',(-4.93784495266485,3.70058633501445,0.));
#7072=CARTESIAN_POINT('Ctrl Pts',(-4.95874541271198,3.70527254185411,0.));
#7073=CARTESIAN_POINT('Ctrl Pts',(-4.97973598394698,3.70979641092874,0.));
#7074=CARTESIAN_POINT('Ctrl Pts',(-5.00081629170111,3.71415702633282,0.));
#7075=CARTESIAN_POINT('Ctrl Pts',(-5.02198547234238,3.71835425718037,0.));
#7076=CARTESIAN_POINT('Ctrl Pts',(-5.04324187350829,3.72238922186334,0.));
#7077=CARTESIAN_POINT('Ctrl Pts',(-5.06458340851486,3.72626373610713,0.));
#7078=CARTESIAN_POINT('Ctrl Pts',(-5.08600776573065,3.72997998657875,0.));
#7079=CARTESIAN_POINT('Ctrl Pts',(-5.10751265806536,3.73354014220263,0.));
#7080=CARTESIAN_POINT('Ctrl Pts',(-5.12909609633412,3.73694592888628,0.));
#7081=CARTESIAN_POINT('Ctrl Pts',(-5.15075650662803,3.74019844570462,0.));
#7082=CARTESIAN_POINT('Ctrl Pts',(-5.17249257463212,3.74329840383403,0.));
#7083=CARTESIAN_POINT('Ctrl Pts',(-5.19430315049639,3.74624627187488,0.));
#7084=CARTESIAN_POINT('Ctrl Pts',(-5.21618713659627,3.74904244807754,0.));
#7085=CARTESIAN_POINT('Ctrl Pts',(-5.23814336385579,3.75168744992005,0.));
#7086=CARTESIAN_POINT('Ctrl Pts',(-5.26017053576881,3.75418200090687,0.));
#7087=CARTESIAN_POINT('Ctrl Pts',(-5.28226729545139,3.75652692993257,0.));
#7088=CARTESIAN_POINT('Ctrl Pts',(-5.30443226513383,3.75872311319115,0.));
#7089=CARTESIAN_POINT('Ctrl Pts',(-5.32666409297217,3.76077140448436,0.));
#7090=CARTESIAN_POINT('Ctrl Pts',(-5.3489615039921,3.76267256112498,0.));
#7091=CARTESIAN_POINT('Ctrl Pts',(-5.3713233225991,3.76442720819496,0.));
#7092=CARTESIAN_POINT('Ctrl Pts',(-5.39374843791368,3.7660358808545,0.));
#7093=CARTESIAN_POINT('Ctrl Pts',(-5.41623578055326,3.76749905096387,0.));
#7094=CARTESIAN_POINT('Ctrl Pts',(-5.4387842964051,3.76881715911599,0.));
#7095=CARTESIAN_POINT('Ctrl Pts',(-5.46139291651279,3.76999064982316,0.));
#7096=CARTESIAN_POINT('Ctrl Pts',(-5.48406054368098,3.77101999183658,0.));
#7097=CARTESIAN_POINT('Ctrl Pts',(-5.50678607901407,3.77190566062956,0.));
#7098=CARTESIAN_POINT('Ctrl Pts',(-5.52956844079039,3.77264812938869,0.));
#7099=CARTESIAN_POINT('Ctrl Pts',(-5.55240658416711,3.77324785800239,0.));
#7100=CARTESIAN_POINT('Ctrl Pts',(-5.57529952446383,3.77370528313415,0.));
#7101=CARTESIAN_POINT('Ctrl Pts',(-5.59824634502212,3.77402081145664,0.));
#7102=CARTESIAN_POINT('Ctrl Pts',(-5.62124615845354,3.77419482290083,0.));
#7103=CARTESIAN_POINT('Ctrl Pts',(-5.64429807467122,3.77422767293115,0.));
#7104=CARTESIAN_POINT('Ctrl Pts',(-5.66740116831708,3.77411969618027,0.));
#7105=CARTESIAN_POINT('Ctrl Pts',(-5.69055444024578,3.77387121057425,0.));
#7106=CARTESIAN_POINT('Ctrl Pts',(-5.71375679849758,3.7734825221001,0.));
#7107=CARTESIAN_POINT('Ctrl Pts',(-5.73700713212344,3.77295392899399,0.));
#7108=CARTESIAN_POINT('Ctrl Pts',(-5.7603043725078,3.77228572709247,0.));
#7109=CARTESIAN_POINT('Ctrl Pts',(-5.7836475579571,3.77147821522841,0.));
#7110=CARTESIAN_POINT('Ctrl Pts',(-5.80703589968108,3.77053170283569,0.));
#7111=CARTESIAN_POINT('Ctrl Pts',(-5.83046883836,3.76944651422277,0.));
#7112=CARTESIAN_POINT('Ctrl Pts',(-5.85394600206214,3.76822295479174,0.));
#7113=CARTESIAN_POINT('Ctrl Pts',(-5.87276293825755,3.76713361585962,0.));
#7114=CARTESIAN_POINT('Ctrl Pts',(-5.88689539735523,3.76625454004241,0.));
#7115=CARTESIAN_POINT('Ctrl Pts',(-5.89632581471278,3.76564091127923,0.));
#7116=CARTESIAN_POINT('Ctrl Pts',(-5.90104321788086,3.76532720234276,0.));
#7117=CARTESIAN_POINT('Ctrl Pts',(-4.42139856376188,3.49857609843004,5.));
#7118=CARTESIAN_POINT('Ctrl Pts',(-4.42453637881091,3.5010589971268,5.));
#7119=CARTESIAN_POINT('Ctrl Pts',(-4.43088411565683,3.505921328951,5.));
#7120=CARTESIAN_POINT('Ctrl Pts',(-4.4406220391221,3.51290443307211,5.));
#7121=CARTESIAN_POINT('Ctrl Pts',(-4.45401808821774,3.52162497742404,5.));
#7122=CARTESIAN_POINT('Ctrl Pts',(-4.4713309911437,3.53171896017524,5.));
#7123=CARTESIAN_POINT('Ctrl Pts',(-4.48905977096225,3.54123156921918,5.));
#7124=CARTESIAN_POINT('Ctrl Pts',(-4.50705360432618,3.5503853094527,5.));
#7125=CARTESIAN_POINT('Ctrl Pts',(-4.52519889297838,3.55934568661768,5.));
#7126=CARTESIAN_POINT('Ctrl Pts',(-4.54344969366864,3.56817557372724,5.));
#7127=CARTESIAN_POINT('Ctrl Pts',(-4.56180578707913,3.57686871574484,5.));
#7128=CARTESIAN_POINT('Ctrl Pts',(-4.58029480688377,3.58537710659319,5.));
#7129=CARTESIAN_POINT('Ctrl Pts',(-4.59895352660512,3.59363961765196,5.));
#7130=CARTESIAN_POINT('Ctrl Pts',(-4.61780797301123,3.60161245225279,5.));
#7131=CARTESIAN_POINT('Ctrl Pts',(-4.63685871371056,3.60929163027257,5.));
#7132=CARTESIAN_POINT('Ctrl Pts',(-4.65609076412339,3.61669759570559,5.));
#7133=CARTESIAN_POINT('Ctrl Pts',(-4.67548020277839,3.6238648847543,5.));
#7134=CARTESIAN_POINT('Ctrl Pts',(-4.69500168317944,3.63083042323024,5.));
#7135=CARTESIAN_POINT('Ctrl Pts',(-4.71463643334106,3.6376210544972,5.));
#7136=CARTESIAN_POINT('Ctrl Pts',(-4.73437728784237,3.64424569103278,5.));
#7137=CARTESIAN_POINT('Ctrl Pts',(-4.75422420539861,3.65070227396004,5.));
#7138=CARTESIAN_POINT('Ctrl Pts',(-4.77418141330747,3.656982200968,5.));
#7139=CARTESIAN_POINT('Ctrl Pts',(-4.79425410588807,3.66307544886121,5.));
#7140=CARTESIAN_POINT('Ctrl Pts',(-4.81444487948959,3.66897610485935,5.));
#7141=CARTESIAN_POINT('Ctrl Pts',(-4.8347517741565,3.67468540198412,5.));
#7142=CARTESIAN_POINT('Ctrl Pts',(-4.8551701998628,3.68020871896202,5.));
#7143=CARTESIAN_POINT('Ctrl Pts',(-4.87569410063911,3.68555376428795,5.));
#7144=CARTESIAN_POINT('Ctrl Pts',(-4.89631733048046,3.69072843158584,5.));
#7145=CARTESIAN_POINT('Ctrl Pts',(-4.9170351510125,3.69573846532085,5.));
#7146=CARTESIAN_POINT('Ctrl Pts',(-4.93784495266485,3.70058633501445,5.));
#7147=CARTESIAN_POINT('Ctrl Pts',(-4.95874541271198,3.70527254185411,5.));
#7148=CARTESIAN_POINT('Ctrl Pts',(-4.97973598394698,3.70979641092874,5.));
#7149=CARTESIAN_POINT('Ctrl Pts',(-5.00081629170111,3.71415702633282,5.));
#7150=CARTESIAN_POINT('Ctrl Pts',(-5.02198547234238,3.71835425718037,5.));
#7151=CARTESIAN_POINT('Ctrl Pts',(-5.04324187350829,3.72238922186334,5.));
#7152=CARTESIAN_POINT('Ctrl Pts',(-5.06458340851486,3.72626373610713,5.));
#7153=CARTESIAN_POINT('Ctrl Pts',(-5.08600776573065,3.72997998657875,5.));
#7154=CARTESIAN_POINT('Ctrl Pts',(-5.10751265806536,3.73354014220263,5.));
#7155=CARTESIAN_POINT('Ctrl Pts',(-5.12909609633412,3.73694592888628,5.));
#7156=CARTESIAN_POINT('Ctrl Pts',(-5.15075650662803,3.74019844570462,5.));
#7157=CARTESIAN_POINT('Ctrl Pts',(-5.17249257463212,3.74329840383403,5.));
#7158=CARTESIAN_POINT('Ctrl Pts',(-5.19430315049639,3.74624627187488,5.));
#7159=CARTESIAN_POINT('Ctrl Pts',(-5.21618713659627,3.74904244807754,5.));
#7160=CARTESIAN_POINT('Ctrl Pts',(-5.23814336385579,3.75168744992005,5.));
#7161=CARTESIAN_POINT('Ctrl Pts',(-5.26017053576881,3.75418200090687,5.));
#7162=CARTESIAN_POINT('Ctrl Pts',(-5.28226729545139,3.75652692993257,5.));
#7163=CARTESIAN_POINT('Ctrl Pts',(-5.30443226513383,3.75872311319115,5.));
#7164=CARTESIAN_POINT('Ctrl Pts',(-5.32666409297217,3.76077140448436,5.));
#7165=CARTESIAN_POINT('Ctrl Pts',(-5.3489615039921,3.76267256112498,5.));
#7166=CARTESIAN_POINT('Ctrl Pts',(-5.3713233225991,3.76442720819496,5.));
#7167=CARTESIAN_POINT('Ctrl Pts',(-5.39374843791368,3.7660358808545,5.));
#7168=CARTESIAN_POINT('Ctrl Pts',(-5.41623578055326,3.76749905096387,5.));
#7169=CARTESIAN_POINT('Ctrl Pts',(-5.4387842964051,3.76881715911599,5.));
#7170=CARTESIAN_POINT('Ctrl Pts',(-5.46139291651279,3.76999064982316,5.));
#7171=CARTESIAN_POINT('Ctrl Pts',(-5.48406054368098,3.77101999183658,5.));
#7172=CARTESIAN_POINT('Ctrl Pts',(-5.50678607901407,3.77190566062956,5.));
#7173=CARTESIAN_POINT('Ctrl Pts',(-5.52956844079039,3.77264812938869,5.));
#7174=CARTESIAN_POINT('Ctrl Pts',(-5.55240658416711,3.77324785800239,5.));
#7175=CARTESIAN_POINT('Ctrl Pts',(-5.57529952446383,3.77370528313415,5.));
#7176=CARTESIAN_POINT('Ctrl Pts',(-5.59824634502212,3.77402081145664,5.));
#7177=CARTESIAN_POINT('Ctrl Pts',(-5.62124615845354,3.77419482290083,5.));
#7178=CARTESIAN_POINT('Ctrl Pts',(-5.64429807467122,3.77422767293115,5.));
#7179=CARTESIAN_POINT('Ctrl Pts',(-5.66740116831708,3.77411969618027,5.));
#7180=CARTESIAN_POINT('Ctrl Pts',(-5.69055444024578,3.77387121057425,5.));
#7181=CARTESIAN_POINT('Ctrl Pts',(-5.71375679849758,3.7734825221001,5.));
#7182=CARTESIAN_POINT('Ctrl Pts',(-5.73700713212344,3.77295392899399,5.));
#7183=CARTESIAN_POINT('Ctrl Pts',(-5.7603043725078,3.77228572709247,5.));
#7184=CARTESIAN_POINT('Ctrl Pts',(-5.7836475579571,3.77147821522841,5.));
#7185=CARTESIAN_POINT('Ctrl Pts',(-5.80703589968108,3.77053170283569,5.));
#7186=CARTESIAN_POINT('Ctrl Pts',(-5.83046883836,3.76944651422277,5.));
#7187=CARTESIAN_POINT('Ctrl Pts',(-5.85394600206214,3.76822295479174,5.));
#7188=CARTESIAN_POINT('Ctrl Pts',(-5.87276293825755,3.76713361585962,5.));
#7189=CARTESIAN_POINT('Ctrl Pts',(-5.88689539735523,3.76625454004241,5.));
#7190=CARTESIAN_POINT('Ctrl Pts',(-5.89632581471278,3.76564091127923,5.));
#7191=CARTESIAN_POINT('Ctrl Pts',(-5.90104321788086,3.76532720234276,5.));
#7192=CARTESIAN_POINT('Ctrl Pts',(-3.76532720234275,5.90104321788086,0.));
#7193=CARTESIAN_POINT('Ctrl Pts',(-3.76532720234275,5.90104321788086,5.));
#7194=CARTESIAN_POINT('Ctrl Pts',(-3.76564091127922,5.89632581471278,0.));
#7195=CARTESIAN_POINT('Ctrl Pts',(-3.76564091127922,5.89632581471278,5.));
#7196=CARTESIAN_POINT('Ctrl Pts',(-3.76625454004241,5.88689539735523,0.));
#7197=CARTESIAN_POINT('Ctrl Pts',(-3.76625454004241,5.88689539735523,5.));
#7198=CARTESIAN_POINT('Ctrl Pts',(-3.76713361585962,5.87276293825755,0.));
#7199=CARTESIAN_POINT('Ctrl Pts',(-3.76713361585962,5.87276293825755,5.));
#7200=CARTESIAN_POINT('Ctrl Pts',(-3.76822295479174,5.85394600206214,0.));
#7201=CARTESIAN_POINT('Ctrl Pts',(-3.76822295479174,5.85394600206214,5.));
#7202=CARTESIAN_POINT('Ctrl Pts',(-3.76944651422276,5.83046883836001,0.));
#7203=CARTESIAN_POINT('Ctrl Pts',(-3.76944651422276,5.83046883836001,5.));
#7204=CARTESIAN_POINT('Ctrl Pts',(-3.77053170283568,5.80703589968108,0.));
#7205=CARTESIAN_POINT('Ctrl Pts',(-3.77053170283568,5.80703589968108,5.));
#7206=CARTESIAN_POINT('Ctrl Pts',(-3.77147821522841,5.78364755795711,0.));
#7207=CARTESIAN_POINT('Ctrl Pts',(-3.77147821522841,5.78364755795711,5.));
#7208=CARTESIAN_POINT('Ctrl Pts',(-3.77228572709247,5.7603043725078,0.));
#7209=CARTESIAN_POINT('Ctrl Pts',(-3.77228572709247,5.7603043725078,5.));
#7210=CARTESIAN_POINT('Ctrl Pts',(-3.77295392899398,5.73700713212345,0.));
#7211=CARTESIAN_POINT('Ctrl Pts',(-3.77295392899398,5.73700713212345,5.));
#7212=CARTESIAN_POINT('Ctrl Pts',(-3.7734825221001,5.71375679849758,0.));
#7213=CARTESIAN_POINT('Ctrl Pts',(-3.7734825221001,5.71375679849758,5.));
#7214=CARTESIAN_POINT('Ctrl Pts',(-3.77387121057425,5.69055444024578,0.));
#7215=CARTESIAN_POINT('Ctrl Pts',(-3.77387121057425,5.69055444024578,5.));
#7216=CARTESIAN_POINT('Ctrl Pts',(-3.77411969618027,5.66740116831708,0.));
#7217=CARTESIAN_POINT('Ctrl Pts',(-3.77411969618027,5.66740116831708,5.));
#7218=CARTESIAN_POINT('Ctrl Pts',(-3.77422767293115,5.64429807467123,0.));
#7219=CARTESIAN_POINT('Ctrl Pts',(-3.77422767293115,5.64429807467123,5.));
#7220=CARTESIAN_POINT('Ctrl Pts',(-3.77419482290082,5.62124615845354,0.));
#7221=CARTESIAN_POINT('Ctrl Pts',(-3.77419482290082,5.62124615845354,5.));
#7222=CARTESIAN_POINT('Ctrl Pts',(-3.77402081145664,5.59824634502212,0.));
#7223=CARTESIAN_POINT('Ctrl Pts',(-3.77402081145664,5.59824634502212,5.));
#7224=CARTESIAN_POINT('Ctrl Pts',(-3.77370528313414,5.57529952446384,0.));
#7225=CARTESIAN_POINT('Ctrl Pts',(-3.77370528313414,5.57529952446384,5.));
#7226=CARTESIAN_POINT('Ctrl Pts',(-3.77324785800239,5.55240658416712,0.));
#7227=CARTESIAN_POINT('Ctrl Pts',(-3.77324785800239,5.55240658416712,5.));
#7228=CARTESIAN_POINT('Ctrl Pts',(-3.77264812938869,5.5295684407904,0.));
#7229=CARTESIAN_POINT('Ctrl Pts',(-3.77264812938869,5.5295684407904,5.));
#7230=CARTESIAN_POINT('Ctrl Pts',(-3.77190566062956,5.50678607901408,0.));
#7231=CARTESIAN_POINT('Ctrl Pts',(-3.77190566062956,5.50678607901408,5.));
#7232=CARTESIAN_POINT('Ctrl Pts',(-3.77101999183658,5.48406054368099,0.));
#7233=CARTESIAN_POINT('Ctrl Pts',(-3.77101999183658,5.48406054368099,5.));
#7234=CARTESIAN_POINT('Ctrl Pts',(-3.76999064982315,5.4613929165128,0.));
#7235=CARTESIAN_POINT('Ctrl Pts',(-3.76999064982315,5.4613929165128,5.));
#7236=CARTESIAN_POINT('Ctrl Pts',(-3.76881715911599,5.4387842964051,0.));
#7237=CARTESIAN_POINT('Ctrl Pts',(-3.76881715911599,5.4387842964051,5.));
#7238=CARTESIAN_POINT('Ctrl Pts',(-3.76749905096387,5.41623578055326,0.));
#7239=CARTESIAN_POINT('Ctrl Pts',(-3.76749905096387,5.41623578055326,5.));
#7240=CARTESIAN_POINT('Ctrl Pts',(-3.76603588085449,5.39374843791368,0.));
#7241=CARTESIAN_POINT('Ctrl Pts',(-3.76603588085449,5.39374843791368,5.));
#7242=CARTESIAN_POINT('Ctrl Pts',(-3.76442720819495,5.3713233225991,0.));
#7243=CARTESIAN_POINT('Ctrl Pts',(-3.76442720819495,5.3713233225991,5.));
#7244=CARTESIAN_POINT('Ctrl Pts',(-3.76267256112497,5.3489615039921,0.));
#7245=CARTESIAN_POINT('Ctrl Pts',(-3.76267256112497,5.3489615039921,5.));
#7246=CARTESIAN_POINT('Ctrl Pts',(-3.76077140448436,5.32666409297218,0.));
#7247=CARTESIAN_POINT('Ctrl Pts',(-3.76077140448436,5.32666409297218,5.));
#7248=CARTESIAN_POINT('Ctrl Pts',(-3.75872311319115,5.30443226513384,0.));
#7249=CARTESIAN_POINT('Ctrl Pts',(-3.75872311319115,5.30443226513384,5.));
#7250=CARTESIAN_POINT('Ctrl Pts',(-3.75652692993257,5.2822672954514,0.));
#7251=CARTESIAN_POINT('Ctrl Pts',(-3.75652692993257,5.2822672954514,5.));
#7252=CARTESIAN_POINT('Ctrl Pts',(-3.75418200090687,5.26017053576881,0.));
#7253=CARTESIAN_POINT('Ctrl Pts',(-3.75418200090687,5.26017053576881,5.));
#7254=CARTESIAN_POINT('Ctrl Pts',(-3.75168744992004,5.23814336385579,0.));
#7255=CARTESIAN_POINT('Ctrl Pts',(-3.75168744992004,5.23814336385579,5.));
#7256=CARTESIAN_POINT('Ctrl Pts',(-3.74904244807754,5.21618713659627,0.));
#7257=CARTESIAN_POINT('Ctrl Pts',(-3.74904244807754,5.21618713659627,5.));
#7258=CARTESIAN_POINT('Ctrl Pts',(-3.74624627187488,5.1943031504964,0.));
#7259=CARTESIAN_POINT('Ctrl Pts',(-3.74624627187488,5.1943031504964,5.));
#7260=CARTESIAN_POINT('Ctrl Pts',(-3.74329840383403,5.17249257463212,0.));
#7261=CARTESIAN_POINT('Ctrl Pts',(-3.74329840383403,5.17249257463212,5.));
#7262=CARTESIAN_POINT('Ctrl Pts',(-3.74019844570462,5.15075650662803,0.));
#7263=CARTESIAN_POINT('Ctrl Pts',(-3.74019844570462,5.15075650662803,5.));
#7264=CARTESIAN_POINT('Ctrl Pts',(-3.73694592888628,5.12909609633413,0.));
#7265=CARTESIAN_POINT('Ctrl Pts',(-3.73694592888628,5.12909609633413,5.));
#7266=CARTESIAN_POINT('Ctrl Pts',(-3.73354014220263,5.10751265806536,0.));
#7267=CARTESIAN_POINT('Ctrl Pts',(-3.73354014220263,5.10751265806536,5.));
#7268=CARTESIAN_POINT('Ctrl Pts',(-3.72997998657875,5.08600776573065,0.));
#7269=CARTESIAN_POINT('Ctrl Pts',(-3.72997998657875,5.08600776573065,5.));
#7270=CARTESIAN_POINT('Ctrl Pts',(-3.72626373610712,5.06458340851486,0.));
#7271=CARTESIAN_POINT('Ctrl Pts',(-3.72626373610712,5.06458340851486,5.));
#7272=CARTESIAN_POINT('Ctrl Pts',(-3.72238922186334,5.04324187350829,0.));
#7273=CARTESIAN_POINT('Ctrl Pts',(-3.72238922186334,5.04324187350829,5.));
#7274=CARTESIAN_POINT('Ctrl Pts',(-3.71835425718037,5.02198547234238,0.));
#7275=CARTESIAN_POINT('Ctrl Pts',(-3.71835425718037,5.02198547234238,5.));
#7276=CARTESIAN_POINT('Ctrl Pts',(-3.71415702633282,5.00081629170111,0.));
#7277=CARTESIAN_POINT('Ctrl Pts',(-3.71415702633282,5.00081629170111,5.));
#7278=CARTESIAN_POINT('Ctrl Pts',(-3.70979641092874,4.97973598394698,0.));
#7279=CARTESIAN_POINT('Ctrl Pts',(-3.70979641092874,4.97973598394698,5.));
#7280=CARTESIAN_POINT('Ctrl Pts',(-3.70527254185411,4.95874541271198,0.));
#7281=CARTESIAN_POINT('Ctrl Pts',(-3.70527254185411,4.95874541271198,5.));
#7282=CARTESIAN_POINT('Ctrl Pts',(-3.70058633501445,4.93784495266485,0.));
#7283=CARTESIAN_POINT('Ctrl Pts',(-3.70058633501445,4.93784495266485,5.));
#7284=CARTESIAN_POINT('Ctrl Pts',(-3.69573846532085,4.91703515101251,0.));
#7285=CARTESIAN_POINT('Ctrl Pts',(-3.69573846532085,4.91703515101251,5.));
#7286=CARTESIAN_POINT('Ctrl Pts',(-3.69072843158583,4.89631733048046,0.));
#7287=CARTESIAN_POINT('Ctrl Pts',(-3.69072843158583,4.89631733048046,5.));
#7288=CARTESIAN_POINT('Ctrl Pts',(-3.68555376428795,4.87569410063912,0.));
#7289=CARTESIAN_POINT('Ctrl Pts',(-3.68555376428795,4.87569410063912,5.));
#7290=CARTESIAN_POINT('Ctrl Pts',(-3.68020871896201,4.8551701998628,0.));
#7291=CARTESIAN_POINT('Ctrl Pts',(-3.68020871896201,4.8551701998628,5.));
#7292=CARTESIAN_POINT('Ctrl Pts',(-3.67468540198412,4.83475177415651,0.));
#7293=CARTESIAN_POINT('Ctrl Pts',(-3.67468540198412,4.83475177415651,5.));
#7294=CARTESIAN_POINT('Ctrl Pts',(-3.66897610485935,4.81444487948959,0.));
#7295=CARTESIAN_POINT('Ctrl Pts',(-3.66897610485935,4.81444487948959,5.));
#7296=CARTESIAN_POINT('Ctrl Pts',(-3.66307544886121,4.79425410588807,0.));
#7297=CARTESIAN_POINT('Ctrl Pts',(-3.66307544886121,4.79425410588807,5.));
#7298=CARTESIAN_POINT('Ctrl Pts',(-3.656982200968,4.77418141330747,0.));
#7299=CARTESIAN_POINT('Ctrl Pts',(-3.656982200968,4.77418141330747,5.));
#7300=CARTESIAN_POINT('Ctrl Pts',(-3.65070227396004,4.75422420539862,0.));
#7301=CARTESIAN_POINT('Ctrl Pts',(-3.65070227396004,4.75422420539862,5.));
#7302=CARTESIAN_POINT('Ctrl Pts',(-3.64424569103278,4.73437728784237,0.));
#7303=CARTESIAN_POINT('Ctrl Pts',(-3.64424569103278,4.73437728784237,5.));
#7304=CARTESIAN_POINT('Ctrl Pts',(-3.6376210544972,4.71463643334107,0.));
#7305=CARTESIAN_POINT('Ctrl Pts',(-3.6376210544972,4.71463643334107,5.));
#7306=CARTESIAN_POINT('Ctrl Pts',(-3.63083042323024,4.69500168317944,0.));
#7307=CARTESIAN_POINT('Ctrl Pts',(-3.63083042323024,4.69500168317944,5.));
#7308=CARTESIAN_POINT('Ctrl Pts',(-3.6238648847543,4.67548020277839,0.));
#7309=CARTESIAN_POINT('Ctrl Pts',(-3.6238648847543,4.67548020277839,5.));
#7310=CARTESIAN_POINT('Ctrl Pts',(-3.61669759570559,4.6560907641234,0.));
#7311=CARTESIAN_POINT('Ctrl Pts',(-3.61669759570559,4.6560907641234,5.));
#7312=CARTESIAN_POINT('Ctrl Pts',(-3.60929163027257,4.63685871371056,0.));
#7313=CARTESIAN_POINT('Ctrl Pts',(-3.60929163027257,4.63685871371056,5.));
#7314=CARTESIAN_POINT('Ctrl Pts',(-3.60161245225279,4.61780797301123,0.));
#7315=CARTESIAN_POINT('Ctrl Pts',(-3.60161245225279,4.61780797301123,5.));
#7316=CARTESIAN_POINT('Ctrl Pts',(-3.59363961765196,4.59895352660513,0.));
#7317=CARTESIAN_POINT('Ctrl Pts',(-3.59363961765196,4.59895352660513,5.));
#7318=CARTESIAN_POINT('Ctrl Pts',(-3.58537710659318,4.58029480688377,0.));
#7319=CARTESIAN_POINT('Ctrl Pts',(-3.58537710659318,4.58029480688377,5.));
#7320=CARTESIAN_POINT('Ctrl Pts',(-3.57686871574483,4.56180578707914,0.));
#7321=CARTESIAN_POINT('Ctrl Pts',(-3.57686871574483,4.56180578707914,5.));
#7322=CARTESIAN_POINT('Ctrl Pts',(-3.56817557372724,4.54344969366865,0.));
#7323=CARTESIAN_POINT('Ctrl Pts',(-3.56817557372724,4.54344969366865,5.));
#7324=CARTESIAN_POINT('Ctrl Pts',(-3.55934568661767,4.52519889297839,0.));
#7325=CARTESIAN_POINT('Ctrl Pts',(-3.55934568661767,4.52519889297839,5.));
#7326=CARTESIAN_POINT('Ctrl Pts',(-3.5503853094527,4.50705360432618,0.));
#7327=CARTESIAN_POINT('Ctrl Pts',(-3.5503853094527,4.50705360432618,5.));
#7328=CARTESIAN_POINT('Ctrl Pts',(-3.54123156921917,4.48905977096225,0.));
#7329=CARTESIAN_POINT('Ctrl Pts',(-3.54123156921917,4.48905977096225,5.));
#7330=CARTESIAN_POINT('Ctrl Pts',(-3.53171896017523,4.47133099114371,0.));
#7331=CARTESIAN_POINT('Ctrl Pts',(-3.53171896017523,4.47133099114371,5.));
#7332=CARTESIAN_POINT('Ctrl Pts',(-3.52162497742404,4.45401808821774,0.));
#7333=CARTESIAN_POINT('Ctrl Pts',(-3.52162497742404,4.45401808821774,5.));
#7334=CARTESIAN_POINT('Ctrl Pts',(-3.51290443307211,4.4406220391221,0.));
#7335=CARTESIAN_POINT('Ctrl Pts',(-3.51290443307211,4.4406220391221,5.));
#7336=CARTESIAN_POINT('Ctrl Pts',(-3.505921328951,4.43088411565683,0.));
#7337=CARTESIAN_POINT('Ctrl Pts',(-3.505921328951,4.43088411565683,5.));
#7338=CARTESIAN_POINT('Ctrl Pts',(-3.5010589971268,4.42453637881091,0.));
#7339=CARTESIAN_POINT('Ctrl Pts',(-3.5010589971268,4.42453637881091,5.));
#7340=CARTESIAN_POINT('Ctrl Pts',(-3.49857609843004,4.42139856376188,0.));
#7341=CARTESIAN_POINT('Ctrl Pts',(-3.49857609843004,4.42139856376188,5.));
#7342=CARTESIAN_POINT('',(-3.76532720234275,5.90104321788086,0.));
#7343=CARTESIAN_POINT('Ctrl Pts',(-3.49857609843004,4.42139856376188,0.));
#7344=CARTESIAN_POINT('Ctrl Pts',(-3.5010589971268,4.42453637881091,0.));
#7345=CARTESIAN_POINT('Ctrl Pts',(-3.505921328951,4.43088411565683,0.));
#7346=CARTESIAN_POINT('Ctrl Pts',(-3.51290443307211,4.4406220391221,0.));
#7347=CARTESIAN_POINT('Ctrl Pts',(-3.52162497742404,4.45401808821774,0.));
#7348=CARTESIAN_POINT('Ctrl Pts',(-3.53171896017523,4.47133099114371,0.));
#7349=CARTESIAN_POINT('Ctrl Pts',(-3.54123156921917,4.48905977096225,0.));
#7350=CARTESIAN_POINT('Ctrl Pts',(-3.5503853094527,4.50705360432618,0.));
#7351=CARTESIAN_POINT('Ctrl Pts',(-3.55934568661767,4.52519889297839,0.));
#7352=CARTESIAN_POINT('Ctrl Pts',(-3.56817557372724,4.54344969366865,0.));
#7353=CARTESIAN_POINT('Ctrl Pts',(-3.57686871574483,4.56180578707914,0.));
#7354=CARTESIAN_POINT('Ctrl Pts',(-3.58537710659318,4.58029480688377,0.));
#7355=CARTESIAN_POINT('Ctrl Pts',(-3.59363961765196,4.59895352660513,0.));
#7356=CARTESIAN_POINT('Ctrl Pts',(-3.60161245225279,4.61780797301123,0.));
#7357=CARTESIAN_POINT('Ctrl Pts',(-3.60929163027257,4.63685871371056,0.));
#7358=CARTESIAN_POINT('Ctrl Pts',(-3.61669759570559,4.6560907641234,0.));
#7359=CARTESIAN_POINT('Ctrl Pts',(-3.6238648847543,4.67548020277839,0.));
#7360=CARTESIAN_POINT('Ctrl Pts',(-3.63083042323024,4.69500168317944,0.));
#7361=CARTESIAN_POINT('Ctrl Pts',(-3.6376210544972,4.71463643334107,0.));
#7362=CARTESIAN_POINT('Ctrl Pts',(-3.64424569103278,4.73437728784237,0.));
#7363=CARTESIAN_POINT('Ctrl Pts',(-3.65070227396004,4.75422420539862,0.));
#7364=CARTESIAN_POINT('Ctrl Pts',(-3.656982200968,4.77418141330747,0.));
#7365=CARTESIAN_POINT('Ctrl Pts',(-3.66307544886121,4.79425410588807,0.));
#7366=CARTESIAN_POINT('Ctrl Pts',(-3.66897610485935,4.81444487948959,0.));
#7367=CARTESIAN_POINT('Ctrl Pts',(-3.67468540198412,4.83475177415651,0.));
#7368=CARTESIAN_POINT('Ctrl Pts',(-3.68020871896201,4.8551701998628,0.));
#7369=CARTESIAN_POINT('Ctrl Pts',(-3.68555376428795,4.87569410063912,0.));
#7370=CARTESIAN_POINT('Ctrl Pts',(-3.69072843158583,4.89631733048046,0.));
#7371=CARTESIAN_POINT('Ctrl Pts',(-3.69573846532085,4.91703515101251,0.));
#7372=CARTESIAN_POINT('Ctrl Pts',(-3.70058633501445,4.93784495266485,0.));
#7373=CARTESIAN_POINT('Ctrl Pts',(-3.70527254185411,4.95874541271198,0.));
#7374=CARTESIAN_POINT('Ctrl Pts',(-3.70979641092874,4.97973598394698,0.));
#7375=CARTESIAN_POINT('Ctrl Pts',(-3.71415702633282,5.00081629170111,0.));
#7376=CARTESIAN_POINT('Ctrl Pts',(-3.71835425718037,5.02198547234238,0.));
#7377=CARTESIAN_POINT('Ctrl Pts',(-3.72238922186334,5.04324187350829,0.));
#7378=CARTESIAN_POINT('Ctrl Pts',(-3.72626373610712,5.06458340851486,0.));
#7379=CARTESIAN_POINT('Ctrl Pts',(-3.72997998657875,5.08600776573065,0.));
#7380=CARTESIAN_POINT('Ctrl Pts',(-3.73354014220263,5.10751265806536,0.));
#7381=CARTESIAN_POINT('Ctrl Pts',(-3.73694592888628,5.12909609633413,0.));
#7382=CARTESIAN_POINT('Ctrl Pts',(-3.74019844570462,5.15075650662803,0.));
#7383=CARTESIAN_POINT('Ctrl Pts',(-3.74329840383403,5.17249257463212,0.));
#7384=CARTESIAN_POINT('Ctrl Pts',(-3.74624627187488,5.1943031504964,0.));
#7385=CARTESIAN_POINT('Ctrl Pts',(-3.74904244807754,5.21618713659627,0.));
#7386=CARTESIAN_POINT('Ctrl Pts',(-3.75168744992004,5.23814336385579,0.));
#7387=CARTESIAN_POINT('Ctrl Pts',(-3.75418200090687,5.26017053576881,0.));
#7388=CARTESIAN_POINT('Ctrl Pts',(-3.75652692993257,5.2822672954514,0.));
#7389=CARTESIAN_POINT('Ctrl Pts',(-3.75872311319115,5.30443226513384,0.));
#7390=CARTESIAN_POINT('Ctrl Pts',(-3.76077140448436,5.32666409297218,0.));
#7391=CARTESIAN_POINT('Ctrl Pts',(-3.76267256112497,5.3489615039921,0.));
#7392=CARTESIAN_POINT('Ctrl Pts',(-3.76442720819495,5.3713233225991,0.));
#7393=CARTESIAN_POINT('Ctrl Pts',(-3.76603588085449,5.39374843791368,0.));
#7394=CARTESIAN_POINT('Ctrl Pts',(-3.76749905096387,5.41623578055326,0.));
#7395=CARTESIAN_POINT('Ctrl Pts',(-3.76881715911599,5.4387842964051,0.));
#7396=CARTESIAN_POINT('Ctrl Pts',(-3.76999064982315,5.4613929165128,0.));
#7397=CARTESIAN_POINT('Ctrl Pts',(-3.77101999183658,5.48406054368099,0.));
#7398=CARTESIAN_POINT('Ctrl Pts',(-3.77190566062956,5.50678607901408,0.));
#7399=CARTESIAN_POINT('Ctrl Pts',(-3.77264812938869,5.5295684407904,0.));
#7400=CARTESIAN_POINT('Ctrl Pts',(-3.77324785800239,5.55240658416712,0.));
#7401=CARTESIAN_POINT('Ctrl Pts',(-3.77370528313414,5.57529952446384,0.));
#7402=CARTESIAN_POINT('Ctrl Pts',(-3.77402081145664,5.59824634502212,0.));
#7403=CARTESIAN_POINT('Ctrl Pts',(-3.77419482290082,5.62124615845354,0.));
#7404=CARTESIAN_POINT('Ctrl Pts',(-3.77422767293115,5.64429807467123,0.));
#7405=CARTESIAN_POINT('Ctrl Pts',(-3.77411969618027,5.66740116831708,0.));
#7406=CARTESIAN_POINT('Ctrl Pts',(-3.77387121057425,5.69055444024578,0.));
#7407=CARTESIAN_POINT('Ctrl Pts',(-3.7734825221001,5.71375679849758,0.));
#7408=CARTESIAN_POINT('Ctrl Pts',(-3.77295392899398,5.73700713212345,0.));
#7409=CARTESIAN_POINT('Ctrl Pts',(-3.77228572709247,5.7603043725078,0.));
#7410=CARTESIAN_POINT('Ctrl Pts',(-3.77147821522841,5.78364755795711,0.));
#7411=CARTESIAN_POINT('Ctrl Pts',(-3.77053170283568,5.80703589968108,0.));
#7412=CARTESIAN_POINT('Ctrl Pts',(-3.76944651422276,5.83046883836001,0.));
#7413=CARTESIAN_POINT('Ctrl Pts',(-3.76822295479174,5.85394600206214,0.));
#7414=CARTESIAN_POINT('Ctrl Pts',(-3.76713361585962,5.87276293825755,0.));
#7415=CARTESIAN_POINT('Ctrl Pts',(-3.76625454004241,5.88689539735523,0.));
#7416=CARTESIAN_POINT('Ctrl Pts',(-3.76564091127922,5.89632581471278,0.));
#7417=CARTESIAN_POINT('Ctrl Pts',(-3.76532720234275,5.90104321788086,0.));
#7418=CARTESIAN_POINT('',(-3.76532720234275,5.90104321788086,5.));
#7419=CARTESIAN_POINT('Ctrl Pts',(-3.76532720234275,5.90104321788086,5.));
#7420=CARTESIAN_POINT('Ctrl Pts',(-3.76564091127922,5.89632581471278,5.));
#7421=CARTESIAN_POINT('Ctrl Pts',(-3.76625454004241,5.88689539735523,5.));
#7422=CARTESIAN_POINT('Ctrl Pts',(-3.76713361585962,5.87276293825755,5.));
#7423=CARTESIAN_POINT('Ctrl Pts',(-3.76822295479174,5.85394600206214,5.));
#7424=CARTESIAN_POINT('Ctrl Pts',(-3.76944651422276,5.83046883836001,5.));
#7425=CARTESIAN_POINT('Ctrl Pts',(-3.77053170283568,5.80703589968108,5.));
#7426=CARTESIAN_POINT('Ctrl Pts',(-3.77147821522841,5.78364755795711,5.));
#7427=CARTESIAN_POINT('Ctrl Pts',(-3.77228572709247,5.7603043725078,5.));
#7428=CARTESIAN_POINT('Ctrl Pts',(-3.77295392899398,5.73700713212345,5.));
#7429=CARTESIAN_POINT('Ctrl Pts',(-3.7734825221001,5.71375679849758,5.));
#7430=CARTESIAN_POINT('Ctrl Pts',(-3.77387121057425,5.69055444024578,5.));
#7431=CARTESIAN_POINT('Ctrl Pts',(-3.77411969618027,5.66740116831708,5.));
#7432=CARTESIAN_POINT('Ctrl Pts',(-3.77422767293115,5.64429807467123,5.));
#7433=CARTESIAN_POINT('Ctrl Pts',(-3.77419482290082,5.62124615845354,5.));
#7434=CARTESIAN_POINT('Ctrl Pts',(-3.77402081145664,5.59824634502212,5.));
#7435=CARTESIAN_POINT('Ctrl Pts',(-3.77370528313414,5.57529952446384,5.));
#7436=CARTESIAN_POINT('Ctrl Pts',(-3.77324785800239,5.55240658416712,5.));
#7437=CARTESIAN_POINT('Ctrl Pts',(-3.77264812938869,5.5295684407904,5.));
#7438=CARTESIAN_POINT('Ctrl Pts',(-3.77190566062956,5.50678607901408,5.));
#7439=CARTESIAN_POINT('Ctrl Pts',(-3.77101999183658,5.48406054368099,5.));
#7440=CARTESIAN_POINT('Ctrl Pts',(-3.76999064982315,5.4613929165128,5.));
#7441=CARTESIAN_POINT('Ctrl Pts',(-3.76881715911599,5.4387842964051,5.));
#7442=CARTESIAN_POINT('Ctrl Pts',(-3.76749905096387,5.41623578055326,5.));
#7443=CARTESIAN_POINT('Ctrl Pts',(-3.76603588085449,5.39374843791368,5.));
#7444=CARTESIAN_POINT('Ctrl Pts',(-3.76442720819495,5.3713233225991,5.));
#7445=CARTESIAN_POINT('Ctrl Pts',(-3.76267256112497,5.3489615039921,5.));
#7446=CARTESIAN_POINT('Ctrl Pts',(-3.76077140448436,5.32666409297218,5.));
#7447=CARTESIAN_POINT('Ctrl Pts',(-3.75872311319115,5.30443226513384,5.));
#7448=CARTESIAN_POINT('Ctrl Pts',(-3.75652692993257,5.2822672954514,5.));
#7449=CARTESIAN_POINT('Ctrl Pts',(-3.75418200090687,5.26017053576881,5.));
#7450=CARTESIAN_POINT('Ctrl Pts',(-3.75168744992004,5.23814336385579,5.));
#7451=CARTESIAN_POINT('Ctrl Pts',(-3.74904244807754,5.21618713659627,5.));
#7452=CARTESIAN_POINT('Ctrl Pts',(-3.74624627187488,5.1943031504964,5.));
#7453=CARTESIAN_POINT('Ctrl Pts',(-3.74329840383403,5.17249257463212,5.));
#7454=CARTESIAN_POINT('Ctrl Pts',(-3.74019844570462,5.15075650662803,5.));
#7455=CARTESIAN_POINT('Ctrl Pts',(-3.73694592888628,5.12909609633413,5.));
#7456=CARTESIAN_POINT('Ctrl Pts',(-3.73354014220263,5.10751265806536,5.));
#7457=CARTESIAN_POINT('Ctrl Pts',(-3.72997998657875,5.08600776573065,5.));
#7458=CARTESIAN_POINT('Ctrl Pts',(-3.72626373610712,5.06458340851486,5.));
#7459=CARTESIAN_POINT('Ctrl Pts',(-3.72238922186334,5.04324187350829,5.));
#7460=CARTESIAN_POINT('Ctrl Pts',(-3.71835425718037,5.02198547234238,5.));
#7461=CARTESIAN_POINT('Ctrl Pts',(-3.71415702633282,5.00081629170111,5.));
#7462=CARTESIAN_POINT('Ctrl Pts',(-3.70979641092874,4.97973598394698,5.));
#7463=CARTESIAN_POINT('Ctrl Pts',(-3.70527254185411,4.95874541271198,5.));
#7464=CARTESIAN_POINT('Ctrl Pts',(-3.70058633501445,4.93784495266485,5.));
#7465=CARTESIAN_POINT('Ctrl Pts',(-3.69573846532085,4.91703515101251,5.));
#7466=CARTESIAN_POINT('Ctrl Pts',(-3.69072843158583,4.89631733048046,5.));
#7467=CARTESIAN_POINT('Ctrl Pts',(-3.68555376428795,4.87569410063912,5.));
#7468=CARTESIAN_POINT('Ctrl Pts',(-3.68020871896201,4.8551701998628,5.));
#7469=CARTESIAN_POINT('Ctrl Pts',(-3.67468540198412,4.83475177415651,5.));
#7470=CARTESIAN_POINT('Ctrl Pts',(-3.66897610485935,4.81444487948959,5.));
#7471=CARTESIAN_POINT('Ctrl Pts',(-3.66307544886121,4.79425410588807,5.));
#7472=CARTESIAN_POINT('Ctrl Pts',(-3.656982200968,4.77418141330747,5.));
#7473=CARTESIAN_POINT('Ctrl Pts',(-3.65070227396004,4.75422420539862,5.));
#7474=CARTESIAN_POINT('Ctrl Pts',(-3.64424569103278,4.73437728784237,5.));
#7475=CARTESIAN_POINT('Ctrl Pts',(-3.6376210544972,4.71463643334107,5.));
#7476=CARTESIAN_POINT('Ctrl Pts',(-3.63083042323024,4.69500168317944,5.));
#7477=CARTESIAN_POINT('Ctrl Pts',(-3.6238648847543,4.67548020277839,5.));
#7478=CARTESIAN_POINT('Ctrl Pts',(-3.61669759570559,4.6560907641234,5.));
#7479=CARTESIAN_POINT('Ctrl Pts',(-3.60929163027257,4.63685871371056,5.));
#7480=CARTESIAN_POINT('Ctrl Pts',(-3.60161245225279,4.61780797301123,5.));
#7481=CARTESIAN_POINT('Ctrl Pts',(-3.59363961765196,4.59895352660513,5.));
#7482=CARTESIAN_POINT('Ctrl Pts',(-3.58537710659318,4.58029480688377,5.));
#7483=CARTESIAN_POINT('Ctrl Pts',(-3.57686871574483,4.56180578707914,5.));
#7484=CARTESIAN_POINT('Ctrl Pts',(-3.56817557372724,4.54344969366865,5.));
#7485=CARTESIAN_POINT('Ctrl Pts',(-3.55934568661767,4.52519889297839,5.));
#7486=CARTESIAN_POINT('Ctrl Pts',(-3.5503853094527,4.50705360432618,5.));
#7487=CARTESIAN_POINT('Ctrl Pts',(-3.54123156921917,4.48905977096225,5.));
#7488=CARTESIAN_POINT('Ctrl Pts',(-3.53171896017523,4.47133099114371,5.));
#7489=CARTESIAN_POINT('Ctrl Pts',(-3.52162497742404,4.45401808821774,5.));
#7490=CARTESIAN_POINT('Ctrl Pts',(-3.51290443307211,4.4406220391221,5.));
#7491=CARTESIAN_POINT('Ctrl Pts',(-3.505921328951,4.43088411565683,5.));
#7492=CARTESIAN_POINT('Ctrl Pts',(-3.5010589971268,4.42453637881091,5.));
#7493=CARTESIAN_POINT('Ctrl Pts',(-3.49857609843004,4.42139856376188,5.));
#7494=CARTESIAN_POINT('',(-3.76532720234275,5.90104321788086,0.));
#7495=CARTESIAN_POINT('Origin',(-4.45754544387E-13,7.72069518583001E-13,
0.));
#7496=CARTESIAN_POINT('',(-3.22778973434331,6.21139061972984,0.));
#7497=CARTESIAN_POINT('Origin',(-4.45754544387E-13,7.72069518583001E-13,
0.));
#7498=CARTESIAN_POINT('',(-3.22778973434331,6.21139061972984,5.));
#7499=CARTESIAN_POINT('Origin',(-4.45754544387E-13,7.72069518583001E-13,
5.));
#7500=CARTESIAN_POINT('',(-3.22778973434331,6.21139061972984,0.));
#7501=CARTESIAN_POINT('Ctrl Pts',(-2.0797554272588,5.2405550601944,0.));
#7502=CARTESIAN_POINT('Ctrl Pts',(-2.0797554272588,5.2405550601944,5.));
#7503=CARTESIAN_POINT('Ctrl Pts',(-2.08123140545525,5.24427422106534,0.));
#7504=CARTESIAN_POINT('Ctrl Pts',(-2.08123140545525,5.24427422106534,5.));
#7505=CARTESIAN_POINT('Ctrl Pts',(-2.08429754090826,5.25165899236968,0.));
#7506=CARTESIAN_POINT('Ctrl Pts',(-2.08429754090826,5.25165899236968,5.));
#7507=CARTESIAN_POINT('Ctrl Pts',(-2.08923927794874,5.26257549966847,0.));
#7508=CARTESIAN_POINT('Ctrl Pts',(-2.08923927794874,5.26257549966847,5.));
#7509=CARTESIAN_POINT('Ctrl Pts',(-2.09648032459994,5.27682573715989,0.));
#7510=CARTESIAN_POINT('Ctrl Pts',(-2.09648032459994,5.27682573715989,5.));
#7511=CARTESIAN_POINT('Ctrl Pts',(-2.10642674697148,5.29422383411077,0.));
#7512=CARTESIAN_POINT('Ctrl Pts',(-2.10642674697148,5.29422383411077,5.));
#7513=CARTESIAN_POINT('Ctrl Pts',(-2.11702401615047,5.31132638510836,0.));
#7514=CARTESIAN_POINT('Ctrl Pts',(-2.11702401615047,5.31132638510836,5.));
#7515=CARTESIAN_POINT('Ctrl Pts',(-2.12803026283834,5.32825067337221,0.));
#7516=CARTESIAN_POINT('Ctrl Pts',(-2.12803026283834,5.32825067337221,5.));
#7517=CARTESIAN_POINT('Ctrl Pts',(-2.13926435518766,5.34508323195067,0.));
#7518=CARTESIAN_POINT('Ctrl Pts',(-2.13926435518766,5.34508323195067,5.));
#7519=CARTESIAN_POINT('Ctrl Pts',(-2.15065506867005,5.36185553884522,0.));
#7520=CARTESIAN_POINT('Ctrl Pts',(-2.15065506867005,5.36185553884522,5.));
#7521=CARTESIAN_POINT('Ctrl Pts',(-2.16220534086898,5.37856206737642,0.));
#7522=CARTESIAN_POINT('Ctrl Pts',(-2.16220534086898,5.37856206737642,5.));
#7523=CARTESIAN_POINT('Ctrl Pts',(-2.17396310628669,5.39517505989873,0.));
#7524=CARTESIAN_POINT('Ctrl Pts',(-2.17396310628669,5.39517505989873,5.));
#7525=CARTESIAN_POINT('Ctrl Pts',(-2.18599077603809,5.41165996423536,0.));
#7526=CARTESIAN_POINT('Ctrl Pts',(-2.18599077603809,5.41165996423536,5.));
#7527=CARTESIAN_POINT('Ctrl Pts',(-2.19833278829965,5.4279918647429,0.));
#7528=CARTESIAN_POINT('Ctrl Pts',(-2.19833278829965,5.4279918647429,5.));
#7529=CARTESIAN_POINT('Ctrl Pts',(-2.2109916246963,5.44416759833788,0.));
#7530=CARTESIAN_POINT('Ctrl Pts',(-2.2109916246963,5.44416759833788,5.));
#7531=CARTESIAN_POINT('Ctrl Pts',(-2.22394408620417,5.46019737774884,0.));
#7532=CARTESIAN_POINT('Ctrl Pts',(-2.22394408620417,5.46019737774884,5.));
#7533=CARTESIAN_POINT('Ctrl Pts',(-2.23715218812015,5.47609915146879,0.));
#7534=CARTESIAN_POINT('Ctrl Pts',(-2.23715218812015,5.47609915146879,5.));
#7535=CARTESIAN_POINT('Ctrl Pts',(-2.25057551682897,5.49189222494051,0.));
#7536=CARTESIAN_POINT('Ctrl Pts',(-2.25057551682897,5.49189222494051,5.));
#7537=CARTESIAN_POINT('Ctrl Pts',(-2.26418439363242,5.50759045920624,0.));
#7538=CARTESIAN_POINT('Ctrl Pts',(-2.26418439363242,5.50759045920624,5.));
#7539=CARTESIAN_POINT('Ctrl Pts',(-2.27796815685517,5.52319798998755,0.));
#7540=CARTESIAN_POINT('Ctrl Pts',(-2.27796815685517,5.52319798998755,5.));
#7541=CARTESIAN_POINT('Ctrl Pts',(-2.29192780018207,5.53871301360232,0.));
#7542=CARTESIAN_POINT('Ctrl Pts',(-2.29192780018207,5.53871301360232,5.));
#7543=CARTESIAN_POINT('Ctrl Pts',(-2.30607128571576,5.55413019387955,0.));
#7544=CARTESIAN_POINT('Ctrl Pts',(-2.30607128571576,5.55413019387955,5.));
#7545=CARTESIAN_POINT('Ctrl Pts',(-2.32040812346632,5.56944344763693,0.));
#7546=CARTESIAN_POINT('Ctrl Pts',(-2.32040812346632,5.56944344763693,5.));
#7547=CARTESIAN_POINT('Ctrl Pts',(-2.33494351832822,5.58464895243107,0.));
#7548=CARTESIAN_POINT('Ctrl Pts',(-2.33494351832822,5.58464895243107,5.));
#7549=CARTESIAN_POINT('Ctrl Pts',(-2.34967515641936,5.59974679611233,0.));
#7550=CARTESIAN_POINT('Ctrl Pts',(-2.34967515641936,5.59974679611233,5.));
#7551=CARTESIAN_POINT('Ctrl Pts',(-2.36459637329735,5.61473934178149,0.));
#7552=CARTESIAN_POINT('Ctrl Pts',(-2.36459637329735,5.61473934178149,5.));
#7553=CARTESIAN_POINT('Ctrl Pts',(-2.37969807009142,5.62963023720629,0.));
#7554=CARTESIAN_POINT('Ctrl Pts',(-2.37969807009142,5.62963023720629,5.));
#7555=CARTESIAN_POINT('Ctrl Pts',(-2.39497097739317,5.64442324546306,0.));
#7556=CARTESIAN_POINT('Ctrl Pts',(-2.39497097739317,5.64442324546306,5.));
#7557=CARTESIAN_POINT('Ctrl Pts',(-2.41040811941746,5.65912097221742,0.));
#7558=CARTESIAN_POINT('Ctrl Pts',(-2.41040811941746,5.65912097221742,5.));
#7559=CARTESIAN_POINT('Ctrl Pts',(-2.4260060014493,5.67372425135249,0.));
#7560=CARTESIAN_POINT('Ctrl Pts',(-2.4260060014493,5.67372425135249,5.));
#7561=CARTESIAN_POINT('Ctrl Pts',(-2.44176322738107,5.68823285554659,0.));
#7562=CARTESIAN_POINT('Ctrl Pts',(-2.44176322738107,5.68823285554659,5.));
#7563=CARTESIAN_POINT('Ctrl Pts',(-2.45767966077321,5.70264592670612,0.));
#7564=CARTESIAN_POINT('Ctrl Pts',(-2.45767966077321,5.70264592670612,5.));
#7565=CARTESIAN_POINT('Ctrl Pts',(-2.47375543510584,5.71696248429925,0.));
#7566=CARTESIAN_POINT('Ctrl Pts',(-2.47375543510584,5.71696248429925,5.));
#7567=CARTESIAN_POINT('Ctrl Pts',(-2.48998986789471,5.73118198315941,0.));
#7568=CARTESIAN_POINT('Ctrl Pts',(-2.48998986789471,5.73118198315941,5.));
#7569=CARTESIAN_POINT('Ctrl Pts',(-2.50638096895594,5.74530456566119,0.));
#7570=CARTESIAN_POINT('Ctrl Pts',(-2.50638096895594,5.74530456566119,5.));
#7571=CARTESIAN_POINT('Ctrl Pts',(-2.52292602330548,5.75933076092691,0.));
#7572=CARTESIAN_POINT('Ctrl Pts',(-2.52292602330548,5.75933076092691,5.));
#7573=CARTESIAN_POINT('Ctrl Pts',(-2.5396219356783,5.77326130685006,0.));
#7574=CARTESIAN_POINT('Ctrl Pts',(-2.5396219356783,5.77326130685006,5.));
#7575=CARTESIAN_POINT('Ctrl Pts',(-2.55646564093387,5.78709693822913,0.));
#7576=CARTESIAN_POINT('Ctrl Pts',(-2.55646564093387,5.78709693822913,5.));
#7577=CARTESIAN_POINT('Ctrl Pts',(-2.57345455343381,5.80083815515142,0.));
#7578=CARTESIAN_POINT('Ctrl Pts',(-2.57345455343381,5.80083815515142,5.));
#7579=CARTESIAN_POINT('Ctrl Pts',(-2.59058676059555,5.81448512248929,0.));
#7580=CARTESIAN_POINT('Ctrl Pts',(-2.59058676059555,5.81448512248929,5.));
#7581=CARTESIAN_POINT('Ctrl Pts',(-2.60786076860078,5.82803779898207,0.));
#7582=CARTESIAN_POINT('Ctrl Pts',(-2.60786076860078,5.82803779898207,5.));
#7583=CARTESIAN_POINT('Ctrl Pts',(-2.62527534734998,5.84149601552459,0.));
#7584=CARTESIAN_POINT('Ctrl Pts',(-2.62527534734998,5.84149601552459,5.));
#7585=CARTESIAN_POINT('Ctrl Pts',(-2.64282934714721,5.85485956819949,0.));
#7586=CARTESIAN_POINT('Ctrl Pts',(-2.64282934714721,5.85485956819949,5.));
#7587=CARTESIAN_POINT('Ctrl Pts',(-2.66052149680396,5.86812832061791,0.));
#7588=CARTESIAN_POINT('Ctrl Pts',(-2.66052149680396,5.86812832061791,5.));
#7589=CARTESIAN_POINT('Ctrl Pts',(-2.67835031176076,5.88130225110005,0.));
#7590=CARTESIAN_POINT('Ctrl Pts',(-2.67835031176076,5.88130225110005,5.));
#7591=CARTESIAN_POINT('Ctrl Pts',(-2.69631420247434,5.89438139904767,0.));
#7592=CARTESIAN_POINT('Ctrl Pts',(-2.69631420247434,5.89438139904767,5.));
#7593=CARTESIAN_POINT('Ctrl Pts',(-2.71441153766416,5.90736583438219,0.));
#7594=CARTESIAN_POINT('Ctrl Pts',(-2.71441153766416,5.90736583438219,5.));
#7595=CARTESIAN_POINT('Ctrl Pts',(-2.73264071969812,5.92025562059562,0.));
#7596=CARTESIAN_POINT('Ctrl Pts',(-2.73264071969812,5.92025562059562,5.));
#7597=CARTESIAN_POINT('Ctrl Pts',(-2.75100026575969,5.93305077605293,0.));
#7598=CARTESIAN_POINT('Ctrl Pts',(-2.75100026575969,5.93305077605293,5.));
#7599=CARTESIAN_POINT('Ctrl Pts',(-2.76948884521318,5.94575125429371,0.));
#7600=CARTESIAN_POINT('Ctrl Pts',(-2.76948884521318,5.94575125429371,5.));
#7601=CARTESIAN_POINT('Ctrl Pts',(-2.78810522842863,5.95835696334054,0.));
#7602=CARTESIAN_POINT('Ctrl Pts',(-2.78810522842863,5.95835696334054,5.));
#7603=CARTESIAN_POINT('Ctrl Pts',(-2.80684825336342,5.9708677771451,0.));
#7604=CARTESIAN_POINT('Ctrl Pts',(-2.80684825336342,5.9708677771451,5.));
#7605=CARTESIAN_POINT('Ctrl Pts',(-2.82571678683269,5.98328355021569,0.));
#7606=CARTESIAN_POINT('Ctrl Pts',(-2.82571678683269,5.98328355021569,5.));
#7607=CARTESIAN_POINT('Ctrl Pts',(-2.84470968083689,5.99560413303305,0.));
#7608=CARTESIAN_POINT('Ctrl Pts',(-2.84470968083689,5.99560413303305,5.));
#7609=CARTESIAN_POINT('Ctrl Pts',(-2.86382575080134,6.00782938294996,0.));
#7610=CARTESIAN_POINT('Ctrl Pts',(-2.86382575080134,6.00782938294996,5.));
#7611=CARTESIAN_POINT('Ctrl Pts',(-2.88306380731791,6.01995916229057,0.));
#7612=CARTESIAN_POINT('Ctrl Pts',(-2.88306380731791,6.01995916229057,5.));
#7613=CARTESIAN_POINT('Ctrl Pts',(-2.90242267699485,6.03199333998564,0.));
#7614=CARTESIAN_POINT('Ctrl Pts',(-2.90242267699485,6.03199333998564,5.));
#7615=CARTESIAN_POINT('Ctrl Pts',(-2.92190122502751,6.04393179188884,0.));
#7616=CARTESIAN_POINT('Ctrl Pts',(-2.92190122502751,6.04393179188884,5.));
#7617=CARTESIAN_POINT('Ctrl Pts',(-2.94149838032591,6.05577440382163,0.));
#7618=CARTESIAN_POINT('Ctrl Pts',(-2.94149838032591,6.05577440382163,5.));
#7619=CARTESIAN_POINT('Ctrl Pts',(-2.96121314570422,6.06752106964367,0.));
#7620=CARTESIAN_POINT('Ctrl Pts',(-2.96121314570422,6.06752106964367,5.));
#7621=CARTESIAN_POINT('Ctrl Pts',(-2.98104456269604,6.0791716746906,0.));
#7622=CARTESIAN_POINT('Ctrl Pts',(-2.98104456269604,6.0791716746906,5.));
#7623=CARTESIAN_POINT('Ctrl Pts',(-3.0009916827313,6.09072608176022,0.));
#7624=CARTESIAN_POINT('Ctrl Pts',(-3.0009916827313,6.09072608176022,5.));
#7625=CARTESIAN_POINT('Ctrl Pts',(-3.02105353711006,6.10218411797386,0.));
#7626=CARTESIAN_POINT('Ctrl Pts',(-3.02105353711006,6.10218411797386,5.));
#7627=CARTESIAN_POINT('Ctrl Pts',(-3.04122910158406,6.11354555909092,0.));
#7628=CARTESIAN_POINT('Ctrl Pts',(-3.04122910158406,6.11354555909092,5.));
#7629=CARTESIAN_POINT('Ctrl Pts',(-3.0615172774949,6.12481012412405,0.));
#7630=CARTESIAN_POINT('Ctrl Pts',(-3.0615172774949,6.12481012412405,5.));
#7631=CARTESIAN_POINT('Ctrl Pts',(-3.08191695361442,6.13597751587882,0.));
#7632=CARTESIAN_POINT('Ctrl Pts',(-3.08191695361442,6.13597751587882,5.));
#7633=CARTESIAN_POINT('Ctrl Pts',(-3.1024270565761,6.14704745624943,0.));
#7634=CARTESIAN_POINT('Ctrl Pts',(-3.1024270565761,6.14704745624943,5.));
#7635=CARTESIAN_POINT('Ctrl Pts',(-3.12304660411248,6.15801972318595,0.));
#7636=CARTESIAN_POINT('Ctrl Pts',(-3.12304660411248,6.15801972318595,5.));
#7637=CARTESIAN_POINT('Ctrl Pts',(-3.1437747583942,6.16889419027084,0.));
#7638=CARTESIAN_POINT('Ctrl Pts',(-3.1437747583942,6.16889419027084,5.));
#7639=CARTESIAN_POINT('Ctrl Pts',(-3.16461087288193,6.17967085870362,0.));
#7640=CARTESIAN_POINT('Ctrl Pts',(-3.16461087288193,6.17967085870362,5.));
#7641=CARTESIAN_POINT('Ctrl Pts',(-3.18555447277229,6.19034980700438,0.));
#7642=CARTESIAN_POINT('Ctrl Pts',(-3.18555447277229,6.19034980700438,5.));
#7643=CARTESIAN_POINT('Ctrl Pts',(-3.20239508700497,6.19881487991354,0.));
#7644=CARTESIAN_POINT('Ctrl Pts',(-3.20239508700497,6.19881487991354,5.));
#7645=CARTESIAN_POINT('Ctrl Pts',(-3.21507369351011,6.20511980747282,0.));
#7646=CARTESIAN_POINT('Ctrl Pts',(-3.21507369351011,6.20511980747282,5.));
#7647=CARTESIAN_POINT('Ctrl Pts',(-3.22354748889163,6.20930359805418,0.));
#7648=CARTESIAN_POINT('Ctrl Pts',(-3.22354748889163,6.20930359805418,5.));
#7649=CARTESIAN_POINT('Ctrl Pts',(-3.22778973434331,6.21139061972984,0.));
#7650=CARTESIAN_POINT('Ctrl Pts',(-3.22778973434331,6.21139061972984,5.));
#7651=CARTESIAN_POINT('Ctrl Pts',(-2.0797554272588,5.2405550601944,0.));
#7652=CARTESIAN_POINT('Ctrl Pts',(-2.08123140545525,5.24427422106534,0.));
#7653=CARTESIAN_POINT('Ctrl Pts',(-2.08429754090826,5.25165899236968,0.));
#7654=CARTESIAN_POINT('Ctrl Pts',(-2.08923927794874,5.26257549966847,0.));
#7655=CARTESIAN_POINT('Ctrl Pts',(-2.09648032459994,5.27682573715989,0.));
#7656=CARTESIAN_POINT('Ctrl Pts',(-2.10642674697148,5.29422383411077,0.));
#7657=CARTESIAN_POINT('Ctrl Pts',(-2.11702401615047,5.31132638510836,0.));
#7658=CARTESIAN_POINT('Ctrl Pts',(-2.12803026283834,5.32825067337221,0.));
#7659=CARTESIAN_POINT('Ctrl Pts',(-2.13926435518766,5.34508323195067,0.));
#7660=CARTESIAN_POINT('Ctrl Pts',(-2.15065506867005,5.36185553884522,0.));
#7661=CARTESIAN_POINT('Ctrl Pts',(-2.16220534086898,5.37856206737642,0.));
#7662=CARTESIAN_POINT('Ctrl Pts',(-2.17396310628669,5.39517505989873,0.));
#7663=CARTESIAN_POINT('Ctrl Pts',(-2.18599077603809,5.41165996423536,0.));
#7664=CARTESIAN_POINT('Ctrl Pts',(-2.19833278829965,5.4279918647429,0.));
#7665=CARTESIAN_POINT('Ctrl Pts',(-2.2109916246963,5.44416759833788,0.));
#7666=CARTESIAN_POINT('Ctrl Pts',(-2.22394408620417,5.46019737774884,0.));
#7667=CARTESIAN_POINT('Ctrl Pts',(-2.23715218812015,5.47609915146879,0.));
#7668=CARTESIAN_POINT('Ctrl Pts',(-2.25057551682897,5.49189222494051,0.));
#7669=CARTESIAN_POINT('Ctrl Pts',(-2.26418439363242,5.50759045920624,0.));
#7670=CARTESIAN_POINT('Ctrl Pts',(-2.27796815685517,5.52319798998755,0.));
#7671=CARTESIAN_POINT('Ctrl Pts',(-2.29192780018207,5.53871301360232,0.));
#7672=CARTESIAN_POINT('Ctrl Pts',(-2.30607128571576,5.55413019387955,0.));
#7673=CARTESIAN_POINT('Ctrl Pts',(-2.32040812346632,5.56944344763693,0.));
#7674=CARTESIAN_POINT('Ctrl Pts',(-2.33494351832822,5.58464895243107,0.));
#7675=CARTESIAN_POINT('Ctrl Pts',(-2.34967515641936,5.59974679611233,0.));
#7676=CARTESIAN_POINT('Ctrl Pts',(-2.36459637329735,5.61473934178149,0.));
#7677=CARTESIAN_POINT('Ctrl Pts',(-2.37969807009142,5.62963023720629,0.));
#7678=CARTESIAN_POINT('Ctrl Pts',(-2.39497097739317,5.64442324546306,0.));
#7679=CARTESIAN_POINT('Ctrl Pts',(-2.41040811941746,5.65912097221742,0.));
#7680=CARTESIAN_POINT('Ctrl Pts',(-2.4260060014493,5.67372425135249,0.));
#7681=CARTESIAN_POINT('Ctrl Pts',(-2.44176322738107,5.68823285554659,0.));
#7682=CARTESIAN_POINT('Ctrl Pts',(-2.45767966077321,5.70264592670612,0.));
#7683=CARTESIAN_POINT('Ctrl Pts',(-2.47375543510584,5.71696248429925,0.));
#7684=CARTESIAN_POINT('Ctrl Pts',(-2.48998986789471,5.73118198315941,0.));
#7685=CARTESIAN_POINT('Ctrl Pts',(-2.50638096895594,5.74530456566119,0.));
#7686=CARTESIAN_POINT('Ctrl Pts',(-2.52292602330548,5.75933076092691,0.));
#7687=CARTESIAN_POINT('Ctrl Pts',(-2.5396219356783,5.77326130685006,0.));
#7688=CARTESIAN_POINT('Ctrl Pts',(-2.55646564093387,5.78709693822913,0.));
#7689=CARTESIAN_POINT('Ctrl Pts',(-2.57345455343381,5.80083815515142,0.));
#7690=CARTESIAN_POINT('Ctrl Pts',(-2.59058676059555,5.81448512248929,0.));
#7691=CARTESIAN_POINT('Ctrl Pts',(-2.60786076860078,5.82803779898207,0.));
#7692=CARTESIAN_POINT('Ctrl Pts',(-2.62527534734998,5.84149601552459,0.));
#7693=CARTESIAN_POINT('Ctrl Pts',(-2.64282934714721,5.85485956819949,0.));
#7694=CARTESIAN_POINT('Ctrl Pts',(-2.66052149680396,5.86812832061791,0.));
#7695=CARTESIAN_POINT('Ctrl Pts',(-2.67835031176076,5.88130225110005,0.));
#7696=CARTESIAN_POINT('Ctrl Pts',(-2.69631420247434,5.89438139904767,0.));
#7697=CARTESIAN_POINT('Ctrl Pts',(-2.71441153766416,5.90736583438219,0.));
#7698=CARTESIAN_POINT('Ctrl Pts',(-2.73264071969812,5.92025562059562,0.));
#7699=CARTESIAN_POINT('Ctrl Pts',(-2.75100026575969,5.93305077605293,0.));
#7700=CARTESIAN_POINT('Ctrl Pts',(-2.76948884521318,5.94575125429371,0.));
#7701=CARTESIAN_POINT('Ctrl Pts',(-2.78810522842863,5.95835696334054,0.));
#7702=CARTESIAN_POINT('Ctrl Pts',(-2.80684825336342,5.9708677771451,0.));
#7703=CARTESIAN_POINT('Ctrl Pts',(-2.82571678683269,5.98328355021569,0.));
#7704=CARTESIAN_POINT('Ctrl Pts',(-2.84470968083689,5.99560413303305,0.));
#7705=CARTESIAN_POINT('Ctrl Pts',(-2.86382575080134,6.00782938294996,0.));
#7706=CARTESIAN_POINT('Ctrl Pts',(-2.88306380731791,6.01995916229057,0.));
#7707=CARTESIAN_POINT('Ctrl Pts',(-2.90242267699485,6.03199333998564,0.));
#7708=CARTESIAN_POINT('Ctrl Pts',(-2.92190122502751,6.04393179188884,0.));
#7709=CARTESIAN_POINT('Ctrl Pts',(-2.94149838032591,6.05577440382163,0.));
#7710=CARTESIAN_POINT('Ctrl Pts',(-2.96121314570422,6.06752106964367,0.));
#7711=CARTESIAN_POINT('Ctrl Pts',(-2.98104456269604,6.0791716746906,0.));
#7712=CARTESIAN_POINT('Ctrl Pts',(-3.0009916827313,6.09072608176022,0.));
#7713=CARTESIAN_POINT('Ctrl Pts',(-3.02105353711006,6.10218411797386,0.));
#7714=CARTESIAN_POINT('Ctrl Pts',(-3.04122910158406,6.11354555909092,0.));
#7715=CARTESIAN_POINT('Ctrl Pts',(-3.0615172774949,6.12481012412405,0.));
#7716=CARTESIAN_POINT('Ctrl Pts',(-3.08191695361442,6.13597751587882,0.));
#7717=CARTESIAN_POINT('Ctrl Pts',(-3.1024270565761,6.14704745624943,0.));
#7718=CARTESIAN_POINT('Ctrl Pts',(-3.12304660411248,6.15801972318595,0.));
#7719=CARTESIAN_POINT('Ctrl Pts',(-3.1437747583942,6.16889419027084,0.));
#7720=CARTESIAN_POINT('Ctrl Pts',(-3.16461087288193,6.17967085870362,0.));
#7721=CARTESIAN_POINT('Ctrl Pts',(-3.18555447277229,6.19034980700438,0.));
#7722=CARTESIAN_POINT('Ctrl Pts',(-3.20239508700497,6.19881487991354,0.));
#7723=CARTESIAN_POINT('Ctrl Pts',(-3.21507369351011,6.20511980747282,0.));
#7724=CARTESIAN_POINT('Ctrl Pts',(-3.22354748889163,6.20930359805418,0.));
#7725=CARTESIAN_POINT('Ctrl Pts',(-3.22778973434331,6.21139061972984,0.));
#7726=CARTESIAN_POINT('Ctrl Pts',(-2.0797554272588,5.2405550601944,5.));
#7727=CARTESIAN_POINT('Ctrl Pts',(-2.08123140545525,5.24427422106534,5.));
#7728=CARTESIAN_POINT('Ctrl Pts',(-2.08429754090826,5.25165899236968,5.));
#7729=CARTESIAN_POINT('Ctrl Pts',(-2.08923927794874,5.26257549966847,5.));
#7730=CARTESIAN_POINT('Ctrl Pts',(-2.09648032459994,5.27682573715989,5.));
#7731=CARTESIAN_POINT('Ctrl Pts',(-2.10642674697148,5.29422383411077,5.));
#7732=CARTESIAN_POINT('Ctrl Pts',(-2.11702401615047,5.31132638510836,5.));
#7733=CARTESIAN_POINT('Ctrl Pts',(-2.12803026283834,5.32825067337221,5.));
#7734=CARTESIAN_POINT('Ctrl Pts',(-2.13926435518766,5.34508323195067,5.));
#7735=CARTESIAN_POINT('Ctrl Pts',(-2.15065506867005,5.36185553884522,5.));
#7736=CARTESIAN_POINT('Ctrl Pts',(-2.16220534086898,5.37856206737642,5.));
#7737=CARTESIAN_POINT('Ctrl Pts',(-2.17396310628669,5.39517505989873,5.));
#7738=CARTESIAN_POINT('Ctrl Pts',(-2.18599077603809,5.41165996423536,5.));
#7739=CARTESIAN_POINT('Ctrl Pts',(-2.19833278829965,5.4279918647429,5.));
#7740=CARTESIAN_POINT('Ctrl Pts',(-2.2109916246963,5.44416759833788,5.));
#7741=CARTESIAN_POINT('Ctrl Pts',(-2.22394408620417,5.46019737774884,5.));
#7742=CARTESIAN_POINT('Ctrl Pts',(-2.23715218812015,5.47609915146879,5.));
#7743=CARTESIAN_POINT('Ctrl Pts',(-2.25057551682897,5.49189222494051,5.));
#7744=CARTESIAN_POINT('Ctrl Pts',(-2.26418439363242,5.50759045920624,5.));
#7745=CARTESIAN_POINT('Ctrl Pts',(-2.27796815685517,5.52319798998755,5.));
#7746=CARTESIAN_POINT('Ctrl Pts',(-2.29192780018207,5.53871301360232,5.));
#7747=CARTESIAN_POINT('Ctrl Pts',(-2.30607128571576,5.55413019387955,5.));
#7748=CARTESIAN_POINT('Ctrl Pts',(-2.32040812346632,5.56944344763693,5.));
#7749=CARTESIAN_POINT('Ctrl Pts',(-2.33494351832822,5.58464895243107,5.));
#7750=CARTESIAN_POINT('Ctrl Pts',(-2.34967515641936,5.59974679611233,5.));
#7751=CARTESIAN_POINT('Ctrl Pts',(-2.36459637329735,5.61473934178149,5.));
#7752=CARTESIAN_POINT('Ctrl Pts',(-2.37969807009142,5.62963023720629,5.));
#7753=CARTESIAN_POINT('Ctrl Pts',(-2.39497097739317,5.64442324546306,5.));
#7754=CARTESIAN_POINT('Ctrl Pts',(-2.41040811941746,5.65912097221742,5.));
#7755=CARTESIAN_POINT('Ctrl Pts',(-2.4260060014493,5.67372425135249,5.));
#7756=CARTESIAN_POINT('Ctrl Pts',(-2.44176322738107,5.68823285554659,5.));
#7757=CARTESIAN_POINT('Ctrl Pts',(-2.45767966077321,5.70264592670612,5.));
#7758=CARTESIAN_POINT('Ctrl Pts',(-2.47375543510584,5.71696248429925,5.));
#7759=CARTESIAN_POINT('Ctrl Pts',(-2.48998986789471,5.73118198315941,5.));
#7760=CARTESIAN_POINT('Ctrl Pts',(-2.50638096895594,5.74530456566119,5.));
#7761=CARTESIAN_POINT('Ctrl Pts',(-2.52292602330548,5.75933076092691,5.));
#7762=CARTESIAN_POINT('Ctrl Pts',(-2.5396219356783,5.77326130685006,5.));
#7763=CARTESIAN_POINT('Ctrl Pts',(-2.55646564093387,5.78709693822913,5.));
#7764=CARTESIAN_POINT('Ctrl Pts',(-2.57345455343381,5.80083815515142,5.));
#7765=CARTESIAN_POINT('Ctrl Pts',(-2.59058676059555,5.81448512248929,5.));
#7766=CARTESIAN_POINT('Ctrl Pts',(-2.60786076860078,5.82803779898207,5.));
#7767=CARTESIAN_POINT('Ctrl Pts',(-2.62527534734998,5.84149601552459,5.));
#7768=CARTESIAN_POINT('Ctrl Pts',(-2.64282934714721,5.85485956819949,5.));
#7769=CARTESIAN_POINT('Ctrl Pts',(-2.66052149680396,5.86812832061791,5.));
#7770=CARTESIAN_POINT('Ctrl Pts',(-2.67835031176076,5.88130225110005,5.));
#7771=CARTESIAN_POINT('Ctrl Pts',(-2.69631420247434,5.89438139904767,5.));
#7772=CARTESIAN_POINT('Ctrl Pts',(-2.71441153766416,5.90736583438219,5.));
#7773=CARTESIAN_POINT('Ctrl Pts',(-2.73264071969812,5.92025562059562,5.));
#7774=CARTESIAN_POINT('Ctrl Pts',(-2.75100026575969,5.93305077605293,5.));
#7775=CARTESIAN_POINT('Ctrl Pts',(-2.76948884521318,5.94575125429371,5.));
#7776=CARTESIAN_POINT('Ctrl Pts',(-2.78810522842863,5.95835696334054,5.));
#7777=CARTESIAN_POINT('Ctrl Pts',(-2.80684825336342,5.9708677771451,5.));
#7778=CARTESIAN_POINT('Ctrl Pts',(-2.82571678683269,5.98328355021569,5.));
#7779=CARTESIAN_POINT('Ctrl Pts',(-2.84470968083689,5.99560413303305,5.));
#7780=CARTESIAN_POINT('Ctrl Pts',(-2.86382575080134,6.00782938294996,5.));
#7781=CARTESIAN_POINT('Ctrl Pts',(-2.88306380731791,6.01995916229057,5.));
#7782=CARTESIAN_POINT('Ctrl Pts',(-2.90242267699485,6.03199333998564,5.));
#7783=CARTESIAN_POINT('Ctrl Pts',(-2.92190122502751,6.04393179188884,5.));
#7784=CARTESIAN_POINT('Ctrl Pts',(-2.94149838032591,6.05577440382163,5.));
#7785=CARTESIAN_POINT('Ctrl Pts',(-2.96121314570422,6.06752106964367,5.));
#7786=CARTESIAN_POINT('Ctrl Pts',(-2.98104456269604,6.0791716746906,5.));
#7787=CARTESIAN_POINT('Ctrl Pts',(-3.0009916827313,6.09072608176022,5.));
#7788=CARTESIAN_POINT('Ctrl Pts',(-3.02105353711006,6.10218411797386,5.));
#7789=CARTESIAN_POINT('Ctrl Pts',(-3.04122910158406,6.11354555909092,5.));
#7790=CARTESIAN_POINT('Ctrl Pts',(-3.0615172774949,6.12481012412405,5.));
#7791=CARTESIAN_POINT('Ctrl Pts',(-3.08191695361442,6.13597751587882,5.));
#7792=CARTESIAN_POINT('Ctrl Pts',(-3.1024270565761,6.14704745624943,5.));
#7793=CARTESIAN_POINT('Ctrl Pts',(-3.12304660411248,6.15801972318595,5.));
#7794=CARTESIAN_POINT('Ctrl Pts',(-3.1437747583942,6.16889419027084,5.));
#7795=CARTESIAN_POINT('Ctrl Pts',(-3.16461087288193,6.17967085870362,5.));
#7796=CARTESIAN_POINT('Ctrl Pts',(-3.18555447277229,6.19034980700438,5.));
#7797=CARTESIAN_POINT('Ctrl Pts',(-3.20239508700497,6.19881487991354,5.));
#7798=CARTESIAN_POINT('Ctrl Pts',(-3.21507369351011,6.20511980747282,5.));
#7799=CARTESIAN_POINT('Ctrl Pts',(-3.22354748889163,6.20930359805418,5.));
#7800=CARTESIAN_POINT('Ctrl Pts',(-3.22778973434331,6.21139061972984,5.));
#7801=CARTESIAN_POINT('Ctrl Pts',(-0.310347401848985,6.99311693668607,0.));
#7802=CARTESIAN_POINT('Ctrl Pts',(-0.310347401848985,6.99311693668607,5.));
#7803=CARTESIAN_POINT('Ctrl Pts',(-0.312977783341403,6.98918840017086,0.));
#7804=CARTESIAN_POINT('Ctrl Pts',(-0.312977783341403,6.98918840017086,5.));
#7805=CARTESIAN_POINT('Ctrl Pts',(-0.318224410117591,6.98132823355252,0.));
#7806=CARTESIAN_POINT('Ctrl Pts',(-0.318224410117591,6.98132823355252,5.));
#7807=CARTESIAN_POINT('Ctrl Pts',(-0.326051941655987,6.96952870286459,0.));
#7808=CARTESIAN_POINT('Ctrl Pts',(-0.326051941655987,6.96952870286459,5.));
#7809=CARTESIAN_POINT('Ctrl Pts',(-0.336403804942237,6.95377742756404,0.));
#7810=CARTESIAN_POINT('Ctrl Pts',(-0.336403804942237,6.95377742756404,5.));
#7811=CARTESIAN_POINT('Ctrl Pts',(-0.349202020343612,6.93405738710469,0.));
#7812=CARTESIAN_POINT('Ctrl Pts',(-0.349202020343612,6.93405738710469,5.));
#7813=CARTESIAN_POINT('Ctrl Pts',(-0.361858290589759,6.91430646122988,0.));
#7814=CARTESIAN_POINT('Ctrl Pts',(-0.361858290589759,6.91430646122988,5.));
#7815=CARTESIAN_POINT('Ctrl Pts',(-0.374372165228842,6.89452481934089,0.));
#7816=CARTESIAN_POINT('Ctrl Pts',(-0.374372165228842,6.89452481934089,5.));
#7817=CARTESIAN_POINT('Ctrl Pts',(-0.386743083741631,6.87471278366857,0.));
#7818=CARTESIAN_POINT('Ctrl Pts',(-0.386743083741631,6.87471278366857,5.));
#7819=CARTESIAN_POINT('Ctrl Pts',(-0.398970383755375,6.8548708826084,0.));
#7820=CARTESIAN_POINT('Ctrl Pts',(-0.398970383755375,6.8548708826084,5.));
#7821=CARTESIAN_POINT('Ctrl Pts',(-0.411053325626466,6.834999799595,0.));
#7822=CARTESIAN_POINT('Ctrl Pts',(-0.411053325626466,6.834999799595,5.));
#7823=CARTESIAN_POINT('Ctrl Pts',(-0.422991118845141,6.81510031215831,0.));
#7824=CARTESIAN_POINT('Ctrl Pts',(-0.422991118845141,6.81510031215831,5.));
#7825=CARTESIAN_POINT('Ctrl Pts',(-0.434782949656782,6.79517323329033,0.));
#7826=CARTESIAN_POINT('Ctrl Pts',(-0.434782949656782,6.79517323329033,5.));
#7827=CARTESIAN_POINT('Ctrl Pts',(-0.44642800708899,6.77521935566245,0.));
#7828=CARTESIAN_POINT('Ctrl Pts',(-0.44642800708899,6.77521935566245,5.));
#7829=CARTESIAN_POINT('Ctrl Pts',(-0.457925516237052,6.75523938559687,0.));
#7830=CARTESIAN_POINT('Ctrl Pts',(-0.457925516237052,6.75523938559687,5.));
#7831=CARTESIAN_POINT('Ctrl Pts',(-0.469274724621551,6.73523395716086,0.));
#7832=CARTESIAN_POINT('Ctrl Pts',(-0.469274724621551,6.73523395716086,5.));
#7833=CARTESIAN_POINT('Ctrl Pts',(-0.480474879357798,6.71520366346005,0.));
#7834=CARTESIAN_POINT('Ctrl Pts',(-0.480474879357798,6.71520366346005,5.));
#7835=CARTESIAN_POINT('Ctrl Pts',(-0.491525207721729,6.6951490830299,0.));
#7836=CARTESIAN_POINT('Ctrl Pts',(-0.491525207721729,6.6951490830299,5.));
#7837=CARTESIAN_POINT('Ctrl Pts',(-0.502424899195247,6.67507080638353,0.));
#7838=CARTESIAN_POINT('Ctrl Pts',(-0.502424899195247,6.67507080638353,5.));
#7839=CARTESIAN_POINT('Ctrl Pts',(-0.513173083276488,6.65496946794747,0.));
#7840=CARTESIAN_POINT('Ctrl Pts',(-0.513173083276488,6.65496946794747,5.));
#7841=CARTESIAN_POINT('Ctrl Pts',(-0.523768839268973,6.63484574263792,0.));
#7842=CARTESIAN_POINT('Ctrl Pts',(-0.523768839268973,6.63484574263792,5.));
#7843=CARTESIAN_POINT('Ctrl Pts',(-0.534211216520255,6.61470033066004,0.));
#7844=CARTESIAN_POINT('Ctrl Pts',(-0.534211216520255,6.61470033066004,5.));
#7845=CARTESIAN_POINT('Ctrl Pts',(-0.544499253810596,6.59453394594868,0.));
#7846=CARTESIAN_POINT('Ctrl Pts',(-0.544499253810596,6.59453394594868,5.));
#7847=CARTESIAN_POINT('Ctrl Pts',(-0.554631996591847,6.5743473043273,0.));
#7848=CARTESIAN_POINT('Ctrl Pts',(-0.554631996591847,6.5743473043273,5.));
#7849=CARTESIAN_POINT('Ctrl Pts',(-0.564608525426857,6.55414110928313,0.));
#7850=CARTESIAN_POINT('Ctrl Pts',(-0.564608525426857,6.55414110928313,5.));
#7851=CARTESIAN_POINT('Ctrl Pts',(-0.57442793169461,6.53391605340814,0.));
#7852=CARTESIAN_POINT('Ctrl Pts',(-0.57442793169461,6.53391605340814,5.));
#7853=CARTESIAN_POINT('Ctrl Pts',(-0.584089272060832,6.51367282688466,0.));
#7854=CARTESIAN_POINT('Ctrl Pts',(-0.584089272060832,6.51367282688466,5.));
#7855=CARTESIAN_POINT('Ctrl Pts',(-0.593591527623447,6.49341212418248,0.));
#7856=CARTESIAN_POINT('Ctrl Pts',(-0.593591527623447,6.49341212418248,5.));
#7857=CARTESIAN_POINT('Ctrl Pts',(-0.602933569248351,6.47313465085531,0.));
#7858=CARTESIAN_POINT('Ctrl Pts',(-0.602933569248351,6.47313465085531,5.));
#7859=CARTESIAN_POINT('Ctrl Pts',(-0.612114103596272,6.45284113240692,0.));
#7860=CARTESIAN_POINT('Ctrl Pts',(-0.612114103596272,6.45284113240692,5.));
#7861=CARTESIAN_POINT('Ctrl Pts',(-0.621131715331239,6.43253231266763,0.));
#7862=CARTESIAN_POINT('Ctrl Pts',(-0.621131715331239,6.43253231266763,5.));
#7863=CARTESIAN_POINT('Ctrl Pts',(-0.629984956762123,6.41220894672401,0.));
#7864=CARTESIAN_POINT('Ctrl Pts',(-0.629984956762123,6.41220894672401,5.));
#7865=CARTESIAN_POINT('Ctrl Pts',(-0.638672431603214,6.39187179522475,0.));
#7866=CARTESIAN_POINT('Ctrl Pts',(-0.638672431603214,6.39187179522475,5.));
#7867=CARTESIAN_POINT('Ctrl Pts',(-0.647192865028192,6.37152161922486,0.));
#7868=CARTESIAN_POINT('Ctrl Pts',(-0.647192865028192,6.37152161922486,5.));
#7869=CARTESIAN_POINT('Ctrl Pts',(-0.655545224349948,6.35115917243481,0.));
#7870=CARTESIAN_POINT('Ctrl Pts',(-0.655545224349948,6.35115917243481,5.));
#7871=CARTESIAN_POINT('Ctrl Pts',(-0.663728615861257,6.33078520630017,0.));
#7872=CARTESIAN_POINT('Ctrl Pts',(-0.663728615861257,6.33078520630017,5.));
#7873=CARTESIAN_POINT('Ctrl Pts',(-0.67174205881729,6.31040048232009,0.));
#7874=CARTESIAN_POINT('Ctrl Pts',(-0.67174205881729,6.31040048232009,5.));
#7875=CARTESIAN_POINT('Ctrl Pts',(-0.679584280163762,6.2900057831365,0.));
#7876=CARTESIAN_POINT('Ctrl Pts',(-0.679584280163762,6.2900057831365,5.));
#7877=CARTESIAN_POINT('Ctrl Pts',(-0.687253541119408,6.26960192225705,0.));
#7878=CARTESIAN_POINT('Ctrl Pts',(-0.687253541119408,6.26960192225705,5.));
#7879=CARTESIAN_POINT('Ctrl Pts',(-0.694747352412055,6.24918975941261,0.));
#7880=CARTESIAN_POINT('Ctrl Pts',(-0.694747352412055,6.24918975941261,5.));
#7881=CARTESIAN_POINT('Ctrl Pts',(-0.702062692152894,6.22877019081928,0.));
#7882=CARTESIAN_POINT('Ctrl Pts',(-0.702062692152894,6.22877019081928,5.));
#7883=CARTESIAN_POINT('Ctrl Pts',(-0.709196510817025,6.20834412507508,0.));
#7884=CARTESIAN_POINT('Ctrl Pts',(-0.709196510817025,6.20834412507508,5.));
#7885=CARTESIAN_POINT('Ctrl Pts',(-0.716146192598136,6.18791246143867,0.));
#7886=CARTESIAN_POINT('Ctrl Pts',(-0.716146192598136,6.18791246143867,5.));
#7887=CARTESIAN_POINT('Ctrl Pts',(-0.722909942759136,6.16747607170195,0.));
#7888=CARTESIAN_POINT('Ctrl Pts',(-0.722909942759136,6.16747607170195,5.));
#7889=CARTESIAN_POINT('Ctrl Pts',(-0.729487442834607,6.14703576923518,0.));
#7890=CARTESIAN_POINT('Ctrl Pts',(-0.729487442834607,6.14703576923518,5.));
#7891=CARTESIAN_POINT('Ctrl Pts',(-0.735879298687639,6.12659233646376,0.));
#7892=CARTESIAN_POINT('Ctrl Pts',(-0.735879298687639,6.12659233646376,5.));
#7893=CARTESIAN_POINT('Ctrl Pts',(-0.742085821204916,6.10614658473831,0.));
#7894=CARTESIAN_POINT('Ctrl Pts',(-0.742085821204916,6.10614658473831,5.));
#7895=CARTESIAN_POINT('Ctrl Pts',(-0.7481059149826,6.085699408979,0.));
#7896=CARTESIAN_POINT('Ctrl Pts',(-0.7481059149826,6.085699408979,5.));
#7897=CARTESIAN_POINT('Ctrl Pts',(-0.75393613656717,6.06525183437937,0.));
#7898=CARTESIAN_POINT('Ctrl Pts',(-0.75393613656717,6.06525183437937,5.));
#7899=CARTESIAN_POINT('Ctrl Pts',(-0.759569141918689,6.04480509225936,0.));
#7900=CARTESIAN_POINT('Ctrl Pts',(-0.759569141918689,6.04480509225936,5.));
#7901=CARTESIAN_POINT('Ctrl Pts',(-0.764995021955823,6.02436055840348,0.));
#7902=CARTESIAN_POINT('Ctrl Pts',(-0.764995021955823,6.02436055840348,5.));
#7903=CARTESIAN_POINT('Ctrl Pts',(-0.770204072941481,6.00391962318757,0.));
#7904=CARTESIAN_POINT('Ctrl Pts',(-0.770204072941481,6.00391962318757,5.));
#7905=CARTESIAN_POINT('Ctrl Pts',(-0.775189341748854,5.98348357232753,0.));
#7906=CARTESIAN_POINT('Ctrl Pts',(-0.775189341748854,5.98348357232753,5.));
#7907=CARTESIAN_POINT('Ctrl Pts',(-0.779948780572082,5.96305348668376,0.));
#7908=CARTESIAN_POINT('Ctrl Pts',(-0.779948780572082,5.96305348668376,5.));
#7909=CARTESIAN_POINT('Ctrl Pts',(-0.784488808203704,5.94263007414211,0.));
#7910=CARTESIAN_POINT('Ctrl Pts',(-0.784488808203704,5.94263007414211,5.));
#7911=CARTESIAN_POINT('Ctrl Pts',(-0.788820702145178,5.92221384788795,0.));
#7912=CARTESIAN_POINT('Ctrl Pts',(-0.788820702145178,5.92221384788795,5.));
#7913=CARTESIAN_POINT('Ctrl Pts',(-0.792954025865177,5.90180544812962,0.));
#7914=CARTESIAN_POINT('Ctrl Pts',(-0.792954025865177,5.90180544812962,5.));
#7915=CARTESIAN_POINT('Ctrl Pts',(-0.796890541761076,5.88140594005921,0.));
#7916=CARTESIAN_POINT('Ctrl Pts',(-0.796890541761076,5.88140594005921,5.));
#7917=CARTESIAN_POINT('Ctrl Pts',(-0.800618948690397,5.86101707287446,0.));
#7918=CARTESIAN_POINT('Ctrl Pts',(-0.800618948690397,5.86101707287446,5.));
#7919=CARTESIAN_POINT('Ctrl Pts',(-0.80410661362544,5.84064168190975,0.));
#7920=CARTESIAN_POINT('Ctrl Pts',(-0.80410661362544,5.84064168190975,5.));
#7921=CARTESIAN_POINT('Ctrl Pts',(-0.807308884627317,5.82028325496887,0.));
#7922=CARTESIAN_POINT('Ctrl Pts',(-0.807308884627317,5.82028325496887,5.));
#7923=CARTESIAN_POINT('Ctrl Pts',(-0.81018389173167,5.79994524055244,0.));
#7924=CARTESIAN_POINT('Ctrl Pts',(-0.81018389173167,5.79994524055244,5.));
#7925=CARTESIAN_POINT('Ctrl Pts',(-0.812706437630233,5.77963039369005,0.));
#7926=CARTESIAN_POINT('Ctrl Pts',(-0.812706437630233,5.77963039369005,5.));
#7927=CARTESIAN_POINT('Ctrl Pts',(-0.814880253014958,5.75934021287988,0.));
#7928=CARTESIAN_POINT('Ctrl Pts',(-0.814880253014958,5.75934021287988,5.));
#7929=CARTESIAN_POINT('Ctrl Pts',(-0.816756280297279,5.73907405661381,0.));
#7930=CARTESIAN_POINT('Ctrl Pts',(-0.816756280297279,5.73907405661381,5.));
#7931=CARTESIAN_POINT('Ctrl Pts',(-0.818405845176578,5.71883064239729,0.));
#7932=CARTESIAN_POINT('Ctrl Pts',(-0.818405845176578,5.71883064239729,5.));
#7933=CARTESIAN_POINT('Ctrl Pts',(-0.81988433897228,5.69861004180534,0.));
#7934=CARTESIAN_POINT('Ctrl Pts',(-0.81988433897228,5.69861004180534,5.));
#7935=CARTESIAN_POINT('Ctrl Pts',(-0.821197069046024,5.67841557229104,0.));
#7936=CARTESIAN_POINT('Ctrl Pts',(-0.821197069046024,5.67841557229104,5.));
#7937=CARTESIAN_POINT('Ctrl Pts',(-0.822266614146113,5.65825558536965,0.));
#7938=CARTESIAN_POINT('Ctrl Pts',(-0.822266614146113,5.65825558536965,5.));
#7939=CARTESIAN_POINT('Ctrl Pts',(-0.822892842967061,5.63814570714672,0.));
#7940=CARTESIAN_POINT('Ctrl Pts',(-0.822892842967061,5.63814570714672,5.));
#7941=CARTESIAN_POINT('Ctrl Pts',(-0.822807648942147,5.61810530202398,0.));
#7942=CARTESIAN_POINT('Ctrl Pts',(-0.822807648942147,5.61810530202398,5.));
#7943=CARTESIAN_POINT('Ctrl Pts',(-0.821953460546365,5.60214371102085,0.));
#7944=CARTESIAN_POINT('Ctrl Pts',(-0.821953460546365,5.60214371102085,5.));
#7945=CARTESIAN_POINT('Ctrl Pts',(-0.820774876712852,5.59021886985926,0.));
#7946=CARTESIAN_POINT('Ctrl Pts',(-0.820774876712852,5.59021886985926,5.));
#7947=CARTESIAN_POINT('Ctrl Pts',(-0.819737842254425,5.58229040258206,0.));
#7948=CARTESIAN_POINT('Ctrl Pts',(-0.819737842254425,5.58229040258206,5.));
#7949=CARTESIAN_POINT('Ctrl Pts',(-0.81915649643252,5.57833152568884,0.));
#7950=CARTESIAN_POINT('Ctrl Pts',(-0.81915649643252,5.57833152568884,5.));
#7951=CARTESIAN_POINT('',(-0.310347401848979,6.99311693668607,0.));
#7952=CARTESIAN_POINT('Ctrl Pts',(-0.81915649643252,5.57833152568884,0.));
#7953=CARTESIAN_POINT('Ctrl Pts',(-0.819737842254425,5.58229040258206,0.));
#7954=CARTESIAN_POINT('Ctrl Pts',(-0.820774876712852,5.59021886985926,0.));
#7955=CARTESIAN_POINT('Ctrl Pts',(-0.821953460546365,5.60214371102085,0.));
#7956=CARTESIAN_POINT('Ctrl Pts',(-0.822807648942147,5.61810530202398,0.));
#7957=CARTESIAN_POINT('Ctrl Pts',(-0.822892842967061,5.63814570714672,0.));
#7958=CARTESIAN_POINT('Ctrl Pts',(-0.822266614146113,5.65825558536965,0.));
#7959=CARTESIAN_POINT('Ctrl Pts',(-0.821197069046024,5.67841557229104,0.));
#7960=CARTESIAN_POINT('Ctrl Pts',(-0.81988433897228,5.69861004180534,0.));
#7961=CARTESIAN_POINT('Ctrl Pts',(-0.818405845176578,5.71883064239729,0.));
#7962=CARTESIAN_POINT('Ctrl Pts',(-0.816756280297279,5.73907405661381,0.));
#7963=CARTESIAN_POINT('Ctrl Pts',(-0.814880253014958,5.75934021287988,0.));
#7964=CARTESIAN_POINT('Ctrl Pts',(-0.812706437630233,5.77963039369005,0.));
#7965=CARTESIAN_POINT('Ctrl Pts',(-0.81018389173167,5.79994524055244,0.));
#7966=CARTESIAN_POINT('Ctrl Pts',(-0.807308884627317,5.82028325496887,0.));
#7967=CARTESIAN_POINT('Ctrl Pts',(-0.80410661362544,5.84064168190975,0.));
#7968=CARTESIAN_POINT('Ctrl Pts',(-0.800618948690397,5.86101707287446,0.));
#7969=CARTESIAN_POINT('Ctrl Pts',(-0.796890541761076,5.88140594005921,0.));
#7970=CARTESIAN_POINT('Ctrl Pts',(-0.792954025865177,5.90180544812962,0.));
#7971=CARTESIAN_POINT('Ctrl Pts',(-0.788820702145178,5.92221384788795,0.));
#7972=CARTESIAN_POINT('Ctrl Pts',(-0.784488808203704,5.94263007414211,0.));
#7973=CARTESIAN_POINT('Ctrl Pts',(-0.779948780572082,5.96305348668376,0.));
#7974=CARTESIAN_POINT('Ctrl Pts',(-0.775189341748854,5.98348357232753,0.));
#7975=CARTESIAN_POINT('Ctrl Pts',(-0.770204072941481,6.00391962318757,0.));
#7976=CARTESIAN_POINT('Ctrl Pts',(-0.764995021955823,6.02436055840348,0.));
#7977=CARTESIAN_POINT('Ctrl Pts',(-0.759569141918689,6.04480509225936,0.));
#7978=CARTESIAN_POINT('Ctrl Pts',(-0.75393613656717,6.06525183437937,0.));
#7979=CARTESIAN_POINT('Ctrl Pts',(-0.7481059149826,6.085699408979,0.));
#7980=CARTESIAN_POINT('Ctrl Pts',(-0.742085821204916,6.10614658473831,0.));
#7981=CARTESIAN_POINT('Ctrl Pts',(-0.735879298687639,6.12659233646376,0.));
#7982=CARTESIAN_POINT('Ctrl Pts',(-0.729487442834607,6.14703576923518,0.));
#7983=CARTESIAN_POINT('Ctrl Pts',(-0.722909942759136,6.16747607170195,0.));
#7984=CARTESIAN_POINT('Ctrl Pts',(-0.716146192598136,6.18791246143867,0.));
#7985=CARTESIAN_POINT('Ctrl Pts',(-0.709196510817025,6.20834412507508,0.));
#7986=CARTESIAN_POINT('Ctrl Pts',(-0.702062692152894,6.22877019081928,0.));
#7987=CARTESIAN_POINT('Ctrl Pts',(-0.694747352412055,6.24918975941261,0.));
#7988=CARTESIAN_POINT('Ctrl Pts',(-0.687253541119408,6.26960192225705,0.));
#7989=CARTESIAN_POINT('Ctrl Pts',(-0.679584280163762,6.2900057831365,0.));
#7990=CARTESIAN_POINT('Ctrl Pts',(-0.67174205881729,6.31040048232009,0.));
#7991=CARTESIAN_POINT('Ctrl Pts',(-0.663728615861257,6.33078520630017,0.));
#7992=CARTESIAN_POINT('Ctrl Pts',(-0.655545224349948,6.35115917243481,0.));
#7993=CARTESIAN_POINT('Ctrl Pts',(-0.647192865028192,6.37152161922486,0.));
#7994=CARTESIAN_POINT('Ctrl Pts',(-0.638672431603214,6.39187179522475,0.));
#7995=CARTESIAN_POINT('Ctrl Pts',(-0.629984956762123,6.41220894672401,0.));
#7996=CARTESIAN_POINT('Ctrl Pts',(-0.621131715331239,6.43253231266763,0.));
#7997=CARTESIAN_POINT('Ctrl Pts',(-0.612114103596272,6.45284113240692,0.));
#7998=CARTESIAN_POINT('Ctrl Pts',(-0.602933569248351,6.47313465085531,0.));
#7999=CARTESIAN_POINT('Ctrl Pts',(-0.593591527623447,6.49341212418248,0.));
#8000=CARTESIAN_POINT('Ctrl Pts',(-0.584089272060832,6.51367282688466,0.));
#8001=CARTESIAN_POINT('Ctrl Pts',(-0.57442793169461,6.53391605340814,0.));
#8002=CARTESIAN_POINT('Ctrl Pts',(-0.564608525426857,6.55414110928313,0.));
#8003=CARTESIAN_POINT('Ctrl Pts',(-0.554631996591847,6.5743473043273,0.));
#8004=CARTESIAN_POINT('Ctrl Pts',(-0.544499253810596,6.59453394594868,0.));
#8005=CARTESIAN_POINT('Ctrl Pts',(-0.534211216520255,6.61470033066004,0.));
#8006=CARTESIAN_POINT('Ctrl Pts',(-0.523768839268973,6.63484574263792,0.));
#8007=CARTESIAN_POINT('Ctrl Pts',(-0.513173083276488,6.65496946794747,0.));
#8008=CARTESIAN_POINT('Ctrl Pts',(-0.502424899195247,6.67507080638353,0.));
#8009=CARTESIAN_POINT('Ctrl Pts',(-0.491525207721729,6.6951490830299,0.));
#8010=CARTESIAN_POINT('Ctrl Pts',(-0.480474879357798,6.71520366346005,0.));
#8011=CARTESIAN_POINT('Ctrl Pts',(-0.469274724621551,6.73523395716086,0.));
#8012=CARTESIAN_POINT('Ctrl Pts',(-0.457925516237052,6.75523938559687,0.));
#8013=CARTESIAN_POINT('Ctrl Pts',(-0.44642800708899,6.77521935566245,0.));
#8014=CARTESIAN_POINT('Ctrl Pts',(-0.434782949656782,6.79517323329033,0.));
#8015=CARTESIAN_POINT('Ctrl Pts',(-0.422991118845141,6.81510031215831,0.));
#8016=CARTESIAN_POINT('Ctrl Pts',(-0.411053325626466,6.834999799595,0.));
#8017=CARTESIAN_POINT('Ctrl Pts',(-0.398970383755375,6.8548708826084,0.));
#8018=CARTESIAN_POINT('Ctrl Pts',(-0.386743083741631,6.87471278366857,0.));
#8019=CARTESIAN_POINT('Ctrl Pts',(-0.374372165228842,6.89452481934089,0.));
#8020=CARTESIAN_POINT('Ctrl Pts',(-0.361858290589759,6.91430646122988,0.));
#8021=CARTESIAN_POINT('Ctrl Pts',(-0.349202020343612,6.93405738710469,0.));
#8022=CARTESIAN_POINT('Ctrl Pts',(-0.336403804942237,6.95377742756404,0.));
#8023=CARTESIAN_POINT('Ctrl Pts',(-0.326051941655987,6.96952870286459,0.));
#8024=CARTESIAN_POINT('Ctrl Pts',(-0.318224410117591,6.98132823355252,0.));
#8025=CARTESIAN_POINT('Ctrl Pts',(-0.312977783341403,6.98918840017086,0.));
#8026=CARTESIAN_POINT('Ctrl Pts',(-0.310347401848985,6.99311693668607,0.));
#8027=CARTESIAN_POINT('',(-0.310347401848979,6.99311693668607,5.));
#8028=CARTESIAN_POINT('Ctrl Pts',(-0.310347401848985,6.99311693668607,5.));
#8029=CARTESIAN_POINT('Ctrl Pts',(-0.312977783341403,6.98918840017086,5.));
#8030=CARTESIAN_POINT('Ctrl Pts',(-0.318224410117591,6.98132823355252,5.));
#8031=CARTESIAN_POINT('Ctrl Pts',(-0.326051941655987,6.96952870286459,5.));
#8032=CARTESIAN_POINT('Ctrl Pts',(-0.336403804942237,6.95377742756404,5.));
#8033=CARTESIAN_POINT('Ctrl Pts',(-0.349202020343612,6.93405738710469,5.));
#8034=CARTESIAN_POINT('Ctrl Pts',(-0.361858290589759,6.91430646122988,5.));
#8035=CARTESIAN_POINT('Ctrl Pts',(-0.374372165228842,6.89452481934089,5.));
#8036=CARTESIAN_POINT('Ctrl Pts',(-0.386743083741631,6.87471278366857,5.));
#8037=CARTESIAN_POINT('Ctrl Pts',(-0.398970383755375,6.8548708826084,5.));
#8038=CARTESIAN_POINT('Ctrl Pts',(-0.411053325626466,6.834999799595,5.));
#8039=CARTESIAN_POINT('Ctrl Pts',(-0.422991118845141,6.81510031215831,5.));
#8040=CARTESIAN_POINT('Ctrl Pts',(-0.434782949656782,6.79517323329033,5.));
#8041=CARTESIAN_POINT('Ctrl Pts',(-0.44642800708899,6.77521935566245,5.));
#8042=CARTESIAN_POINT('Ctrl Pts',(-0.457925516237052,6.75523938559687,5.));
#8043=CARTESIAN_POINT('Ctrl Pts',(-0.469274724621551,6.73523395716086,5.));
#8044=CARTESIAN_POINT('Ctrl Pts',(-0.480474879357798,6.71520366346005,5.));
#8045=CARTESIAN_POINT('Ctrl Pts',(-0.491525207721729,6.6951490830299,5.));
#8046=CARTESIAN_POINT('Ctrl Pts',(-0.502424899195247,6.67507080638353,5.));
#8047=CARTESIAN_POINT('Ctrl Pts',(-0.513173083276488,6.65496946794747,5.));
#8048=CARTESIAN_POINT('Ctrl Pts',(-0.523768839268973,6.63484574263792,5.));
#8049=CARTESIAN_POINT('Ctrl Pts',(-0.534211216520255,6.61470033066004,5.));
#8050=CARTESIAN_POINT('Ctrl Pts',(-0.544499253810596,6.59453394594868,5.));
#8051=CARTESIAN_POINT('Ctrl Pts',(-0.554631996591847,6.5743473043273,5.));
#8052=CARTESIAN_POINT('Ctrl Pts',(-0.564608525426857,6.55414110928313,5.));
#8053=CARTESIAN_POINT('Ctrl Pts',(-0.57442793169461,6.53391605340814,5.));
#8054=CARTESIAN_POINT('Ctrl Pts',(-0.584089272060832,6.51367282688466,5.));
#8055=CARTESIAN_POINT('Ctrl Pts',(-0.593591527623447,6.49341212418248,5.));
#8056=CARTESIAN_POINT('Ctrl Pts',(-0.602933569248351,6.47313465085531,5.));
#8057=CARTESIAN_POINT('Ctrl Pts',(-0.612114103596272,6.45284113240692,5.));
#8058=CARTESIAN_POINT('Ctrl Pts',(-0.621131715331239,6.43253231266763,5.));
#8059=CARTESIAN_POINT('Ctrl Pts',(-0.629984956762123,6.41220894672401,5.));
#8060=CARTESIAN_POINT('Ctrl Pts',(-0.638672431603214,6.39187179522475,5.));
#8061=CARTESIAN_POINT('Ctrl Pts',(-0.647192865028192,6.37152161922486,5.));
#8062=CARTESIAN_POINT('Ctrl Pts',(-0.655545224349948,6.35115917243481,5.));
#8063=CARTESIAN_POINT('Ctrl Pts',(-0.663728615861257,6.33078520630017,5.));
#8064=CARTESIAN_POINT('Ctrl Pts',(-0.67174205881729,6.31040048232009,5.));
#8065=CARTESIAN_POINT('Ctrl Pts',(-0.679584280163762,6.2900057831365,5.));
#8066=CARTESIAN_POINT('Ctrl Pts',(-0.687253541119408,6.26960192225705,5.));
#8067=CARTESIAN_POINT('Ctrl Pts',(-0.694747352412055,6.24918975941261,5.));
#8068=CARTESIAN_POINT('Ctrl Pts',(-0.702062692152894,6.22877019081928,5.));
#8069=CARTESIAN_POINT('Ctrl Pts',(-0.709196510817025,6.20834412507508,5.));
#8070=CARTESIAN_POINT('Ctrl Pts',(-0.716146192598136,6.18791246143867,5.));
#8071=CARTESIAN_POINT('Ctrl Pts',(-0.722909942759136,6.16747607170195,5.));
#8072=CARTESIAN_POINT('Ctrl Pts',(-0.729487442834607,6.14703576923518,5.));
#8073=CARTESIAN_POINT('Ctrl Pts',(-0.735879298687639,6.12659233646376,5.));
#8074=CARTESIAN_POINT('Ctrl Pts',(-0.742085821204916,6.10614658473831,5.));
#8075=CARTESIAN_POINT('Ctrl Pts',(-0.7481059149826,6.085699408979,5.));
#8076=CARTESIAN_POINT('Ctrl Pts',(-0.75393613656717,6.06525183437937,5.));
#8077=CARTESIAN_POINT('Ctrl Pts',(-0.759569141918689,6.04480509225936,5.));
#8078=CARTESIAN_POINT('Ctrl Pts',(-0.764995021955823,6.02436055840348,5.));
#8079=CARTESIAN_POINT('Ctrl Pts',(-0.770204072941481,6.00391962318757,5.));
#8080=CARTESIAN_POINT('Ctrl Pts',(-0.775189341748854,5.98348357232753,5.));
#8081=CARTESIAN_POINT('Ctrl Pts',(-0.779948780572082,5.96305348668376,5.));
#8082=CARTESIAN_POINT('Ctrl Pts',(-0.784488808203704,5.94263007414211,5.));
#8083=CARTESIAN_POINT('Ctrl Pts',(-0.788820702145178,5.92221384788795,5.));
#8084=CARTESIAN_POINT('Ctrl Pts',(-0.792954025865177,5.90180544812962,5.));
#8085=CARTESIAN_POINT('Ctrl Pts',(-0.796890541761076,5.88140594005921,5.));
#8086=CARTESIAN_POINT('Ctrl Pts',(-0.800618948690397,5.86101707287446,5.));
#8087=CARTESIAN_POINT('Ctrl Pts',(-0.80410661362544,5.84064168190975,5.));
#8088=CARTESIAN_POINT('Ctrl Pts',(-0.807308884627317,5.82028325496887,5.));
#8089=CARTESIAN_POINT('Ctrl Pts',(-0.81018389173167,5.79994524055244,5.));
#8090=CARTESIAN_POINT('Ctrl Pts',(-0.812706437630233,5.77963039369005,5.));
#8091=CARTESIAN_POINT('Ctrl Pts',(-0.814880253014958,5.75934021287988,5.));
#8092=CARTESIAN_POINT('Ctrl Pts',(-0.816756280297279,5.73907405661381,5.));
#8093=CARTESIAN_POINT('Ctrl Pts',(-0.818405845176578,5.71883064239729,5.));
#8094=CARTESIAN_POINT('Ctrl Pts',(-0.81988433897228,5.69861004180534,5.));
#8095=CARTESIAN_POINT('Ctrl Pts',(-0.821197069046024,5.67841557229104,5.));
#8096=CARTESIAN_POINT('Ctrl Pts',(-0.822266614146113,5.65825558536965,5.));
#8097=CARTESIAN_POINT('Ctrl Pts',(-0.822892842967061,5.63814570714672,5.));
#8098=CARTESIAN_POINT('Ctrl Pts',(-0.822807648942147,5.61810530202398,5.));
#8099=CARTESIAN_POINT('Ctrl Pts',(-0.821953460546365,5.60214371102085,5.));
#8100=CARTESIAN_POINT('Ctrl Pts',(-0.820774876712852,5.59021886985926,5.));
#8101=CARTESIAN_POINT('Ctrl Pts',(-0.819737842254425,5.58229040258206,5.));
#8102=CARTESIAN_POINT('Ctrl Pts',(-0.81915649643252,5.57833152568884,5.));
#8103=CARTESIAN_POINT('',(-0.310347401848979,6.99311693668607,0.));
#8104=CARTESIAN_POINT('Origin',(6.31088724176809E-29,8.91509088774001E-13,
0.));
#8105=CARTESIAN_POINT('',(0.310347401848986,6.99311693668607,0.));
#8106=CARTESIAN_POINT('Origin',(6.31088724176809E-29,8.91509088774001E-13,
0.));
#8107=CARTESIAN_POINT('',(0.310347401848986,6.99311693668607,5.));
#8108=CARTESIAN_POINT('Origin',(6.31088724176809E-29,8.91509088774001E-13,
5.));
#8109=CARTESIAN_POINT('',(0.310347401848986,6.99311693668607,0.));
#8110=CARTESIAN_POINT('Ctrl Pts',(0.819156496432522,5.57833152568884,0.));
#8111=CARTESIAN_POINT('Ctrl Pts',(0.819156496432522,5.57833152568884,5.));
#8112=CARTESIAN_POINT('Ctrl Pts',(0.819737842254425,5.58229040258206,0.));
#8113=CARTESIAN_POINT('Ctrl Pts',(0.819737842254425,5.58229040258206,5.));
#8114=CARTESIAN_POINT('Ctrl Pts',(0.820774876712853,5.59021886985926,0.));
#8115=CARTESIAN_POINT('Ctrl Pts',(0.820774876712853,5.59021886985926,5.));
#8116=CARTESIAN_POINT('Ctrl Pts',(0.821953460546366,5.60214371102085,0.));
#8117=CARTESIAN_POINT('Ctrl Pts',(0.821953460546366,5.60214371102085,5.));
#8118=CARTESIAN_POINT('Ctrl Pts',(0.822807648942148,5.61810530202398,0.));
#8119=CARTESIAN_POINT('Ctrl Pts',(0.822807648942148,5.61810530202398,5.));
#8120=CARTESIAN_POINT('Ctrl Pts',(0.822892842967062,5.63814570714672,0.));
#8121=CARTESIAN_POINT('Ctrl Pts',(0.822892842967062,5.63814570714672,5.));
#8122=CARTESIAN_POINT('Ctrl Pts',(0.822266614146114,5.65825558536965,0.));
#8123=CARTESIAN_POINT('Ctrl Pts',(0.822266614146114,5.65825558536965,5.));
#8124=CARTESIAN_POINT('Ctrl Pts',(0.821197069046024,5.67841557229104,0.));
#8125=CARTESIAN_POINT('Ctrl Pts',(0.821197069046024,5.67841557229104,5.));
#8126=CARTESIAN_POINT('Ctrl Pts',(0.81988433897228,5.69861004180534,0.));
#8127=CARTESIAN_POINT('Ctrl Pts',(0.81988433897228,5.69861004180534,5.));
#8128=CARTESIAN_POINT('Ctrl Pts',(0.818405845176579,5.71883064239729,0.));
#8129=CARTESIAN_POINT('Ctrl Pts',(0.818405845176579,5.71883064239729,5.));
#8130=CARTESIAN_POINT('Ctrl Pts',(0.816756280297279,5.73907405661381,0.));
#8131=CARTESIAN_POINT('Ctrl Pts',(0.816756280297279,5.73907405661381,5.));
#8132=CARTESIAN_POINT('Ctrl Pts',(0.814880253014959,5.75934021287988,0.));
#8133=CARTESIAN_POINT('Ctrl Pts',(0.814880253014959,5.75934021287988,5.));
#8134=CARTESIAN_POINT('Ctrl Pts',(0.812706437630234,5.77963039369005,0.));
#8135=CARTESIAN_POINT('Ctrl Pts',(0.812706437630234,5.77963039369005,5.));
#8136=CARTESIAN_POINT('Ctrl Pts',(0.810183891731671,5.79994524055244,0.));
#8137=CARTESIAN_POINT('Ctrl Pts',(0.810183891731671,5.79994524055244,5.));
#8138=CARTESIAN_POINT('Ctrl Pts',(0.807308884627319,5.82028325496887,0.));
#8139=CARTESIAN_POINT('Ctrl Pts',(0.807308884627319,5.82028325496887,5.));
#8140=CARTESIAN_POINT('Ctrl Pts',(0.804106613625441,5.84064168190975,0.));
#8141=CARTESIAN_POINT('Ctrl Pts',(0.804106613625441,5.84064168190975,5.));
#8142=CARTESIAN_POINT('Ctrl Pts',(0.800618948690397,5.86101707287446,0.));
#8143=CARTESIAN_POINT('Ctrl Pts',(0.800618948690397,5.86101707287446,5.));
#8144=CARTESIAN_POINT('Ctrl Pts',(0.796890541761077,5.88140594005921,0.));
#8145=CARTESIAN_POINT('Ctrl Pts',(0.796890541761077,5.88140594005921,5.));
#8146=CARTESIAN_POINT('Ctrl Pts',(0.792954025865179,5.90180544812962,0.));
#8147=CARTESIAN_POINT('Ctrl Pts',(0.792954025865179,5.90180544812962,5.));
#8148=CARTESIAN_POINT('Ctrl Pts',(0.788820702145179,5.92221384788795,0.));
#8149=CARTESIAN_POINT('Ctrl Pts',(0.788820702145179,5.92221384788795,5.));
#8150=CARTESIAN_POINT('Ctrl Pts',(0.784488808203704,5.94263007414211,0.));
#8151=CARTESIAN_POINT('Ctrl Pts',(0.784488808203704,5.94263007414211,5.));
#8152=CARTESIAN_POINT('Ctrl Pts',(0.779948780572083,5.96305348668376,0.));
#8153=CARTESIAN_POINT('Ctrl Pts',(0.779948780572083,5.96305348668376,5.));
#8154=CARTESIAN_POINT('Ctrl Pts',(0.775189341748854,5.98348357232753,0.));
#8155=CARTESIAN_POINT('Ctrl Pts',(0.775189341748854,5.98348357232753,5.));
#8156=CARTESIAN_POINT('Ctrl Pts',(0.770204072941482,6.00391962318757,0.));
#8157=CARTESIAN_POINT('Ctrl Pts',(0.770204072941482,6.00391962318757,5.));
#8158=CARTESIAN_POINT('Ctrl Pts',(0.764995021955824,6.02436055840348,0.));
#8159=CARTESIAN_POINT('Ctrl Pts',(0.764995021955824,6.02436055840348,5.));
#8160=CARTESIAN_POINT('Ctrl Pts',(0.75956914191869,6.04480509225936,0.));
#8161=CARTESIAN_POINT('Ctrl Pts',(0.75956914191869,6.04480509225936,5.));
#8162=CARTESIAN_POINT('Ctrl Pts',(0.753936136567169,6.06525183437937,0.));
#8163=CARTESIAN_POINT('Ctrl Pts',(0.753936136567169,6.06525183437937,5.));
#8164=CARTESIAN_POINT('Ctrl Pts',(0.748105914982601,6.085699408979,0.));
#8165=CARTESIAN_POINT('Ctrl Pts',(0.748105914982601,6.085699408979,5.));
#8166=CARTESIAN_POINT('Ctrl Pts',(0.742085821204916,6.10614658473831,0.));
#8167=CARTESIAN_POINT('Ctrl Pts',(0.742085821204916,6.10614658473831,5.));
#8168=CARTESIAN_POINT('Ctrl Pts',(0.735879298687639,6.12659233646376,0.));
#8169=CARTESIAN_POINT('Ctrl Pts',(0.735879298687639,6.12659233646376,5.));
#8170=CARTESIAN_POINT('Ctrl Pts',(0.729487442834608,6.14703576923518,0.));
#8171=CARTESIAN_POINT('Ctrl Pts',(0.729487442834608,6.14703576923518,5.));
#8172=CARTESIAN_POINT('Ctrl Pts',(0.722909942759137,6.16747607170195,0.));
#8173=CARTESIAN_POINT('Ctrl Pts',(0.722909942759137,6.16747607170195,5.));
#8174=CARTESIAN_POINT('Ctrl Pts',(0.716146192598137,6.18791246143866,0.));
#8175=CARTESIAN_POINT('Ctrl Pts',(0.716146192598137,6.18791246143866,5.));
#8176=CARTESIAN_POINT('Ctrl Pts',(0.709196510817026,6.20834412507508,0.));
#8177=CARTESIAN_POINT('Ctrl Pts',(0.709196510817026,6.20834412507508,5.));
#8178=CARTESIAN_POINT('Ctrl Pts',(0.702062692152895,6.22877019081928,0.));
#8179=CARTESIAN_POINT('Ctrl Pts',(0.702062692152895,6.22877019081928,5.));
#8180=CARTESIAN_POINT('Ctrl Pts',(0.694747352412057,6.24918975941261,0.));
#8181=CARTESIAN_POINT('Ctrl Pts',(0.694747352412057,6.24918975941261,5.));
#8182=CARTESIAN_POINT('Ctrl Pts',(0.687253541119409,6.26960192225705,0.));
#8183=CARTESIAN_POINT('Ctrl Pts',(0.687253541119409,6.26960192225705,5.));
#8184=CARTESIAN_POINT('Ctrl Pts',(0.679584280163763,6.2900057831365,0.));
#8185=CARTESIAN_POINT('Ctrl Pts',(0.679584280163763,6.2900057831365,5.));
#8186=CARTESIAN_POINT('Ctrl Pts',(0.671742058817291,6.31040048232009,0.));
#8187=CARTESIAN_POINT('Ctrl Pts',(0.671742058817291,6.31040048232009,5.));
#8188=CARTESIAN_POINT('Ctrl Pts',(0.663728615861259,6.33078520630017,0.));
#8189=CARTESIAN_POINT('Ctrl Pts',(0.663728615861259,6.33078520630017,5.));
#8190=CARTESIAN_POINT('Ctrl Pts',(0.65554522434995,6.35115917243481,0.));
#8191=CARTESIAN_POINT('Ctrl Pts',(0.65554522434995,6.35115917243481,5.));
#8192=CARTESIAN_POINT('Ctrl Pts',(0.647192865028193,6.37152161922486,0.));
#8193=CARTESIAN_POINT('Ctrl Pts',(0.647192865028193,6.37152161922486,5.));
#8194=CARTESIAN_POINT('Ctrl Pts',(0.638672431603216,6.39187179522475,0.));
#8195=CARTESIAN_POINT('Ctrl Pts',(0.638672431603216,6.39187179522475,5.));
#8196=CARTESIAN_POINT('Ctrl Pts',(0.629984956762124,6.41220894672401,0.));
#8197=CARTESIAN_POINT('Ctrl Pts',(0.629984956762124,6.41220894672401,5.));
#8198=CARTESIAN_POINT('Ctrl Pts',(0.62113171533124,6.43253231266763,0.));
#8199=CARTESIAN_POINT('Ctrl Pts',(0.62113171533124,6.43253231266763,5.));
#8200=CARTESIAN_POINT('Ctrl Pts',(0.612114103596273,6.45284113240692,0.));
#8201=CARTESIAN_POINT('Ctrl Pts',(0.612114103596273,6.45284113240692,5.));
#8202=CARTESIAN_POINT('Ctrl Pts',(0.602933569248352,6.47313465085531,0.));
#8203=CARTESIAN_POINT('Ctrl Pts',(0.602933569248352,6.47313465085531,5.));
#8204=CARTESIAN_POINT('Ctrl Pts',(0.593591527623448,6.49341212418248,0.));
#8205=CARTESIAN_POINT('Ctrl Pts',(0.593591527623448,6.49341212418248,5.));
#8206=CARTESIAN_POINT('Ctrl Pts',(0.584089272060834,6.51367282688466,0.));
#8207=CARTESIAN_POINT('Ctrl Pts',(0.584089272060834,6.51367282688466,5.));
#8208=CARTESIAN_POINT('Ctrl Pts',(0.57442793169461,6.53391605340814,0.));
#8209=CARTESIAN_POINT('Ctrl Pts',(0.57442793169461,6.53391605340814,5.));
#8210=CARTESIAN_POINT('Ctrl Pts',(0.564608525426858,6.55414110928313,0.));
#8211=CARTESIAN_POINT('Ctrl Pts',(0.564608525426858,6.55414110928313,5.));
#8212=CARTESIAN_POINT('Ctrl Pts',(0.554631996591848,6.5743473043273,0.));
#8213=CARTESIAN_POINT('Ctrl Pts',(0.554631996591848,6.5743473043273,5.));
#8214=CARTESIAN_POINT('Ctrl Pts',(0.544499253810597,6.59453394594868,0.));
#8215=CARTESIAN_POINT('Ctrl Pts',(0.544499253810597,6.59453394594868,5.));
#8216=CARTESIAN_POINT('Ctrl Pts',(0.534211216520256,6.61470033066004,0.));
#8217=CARTESIAN_POINT('Ctrl Pts',(0.534211216520256,6.61470033066004,5.));
#8218=CARTESIAN_POINT('Ctrl Pts',(0.523768839268973,6.63484574263792,0.));
#8219=CARTESIAN_POINT('Ctrl Pts',(0.523768839268973,6.63484574263792,5.));
#8220=CARTESIAN_POINT('Ctrl Pts',(0.513173083276488,6.65496946794747,0.));
#8221=CARTESIAN_POINT('Ctrl Pts',(0.513173083276488,6.65496946794747,5.));
#8222=CARTESIAN_POINT('Ctrl Pts',(0.502424899195248,6.67507080638353,0.));
#8223=CARTESIAN_POINT('Ctrl Pts',(0.502424899195248,6.67507080638353,5.));
#8224=CARTESIAN_POINT('Ctrl Pts',(0.49152520772173,6.6951490830299,0.));
#8225=CARTESIAN_POINT('Ctrl Pts',(0.49152520772173,6.6951490830299,5.));
#8226=CARTESIAN_POINT('Ctrl Pts',(0.4804748793578,6.71520366346005,0.));
#8227=CARTESIAN_POINT('Ctrl Pts',(0.4804748793578,6.71520366346005,5.));
#8228=CARTESIAN_POINT('Ctrl Pts',(0.469274724621552,6.73523395716086,0.));
#8229=CARTESIAN_POINT('Ctrl Pts',(0.469274724621552,6.73523395716086,5.));
#8230=CARTESIAN_POINT('Ctrl Pts',(0.457925516237053,6.75523938559687,0.));
#8231=CARTESIAN_POINT('Ctrl Pts',(0.457925516237053,6.75523938559687,5.));
#8232=CARTESIAN_POINT('Ctrl Pts',(0.446428007088991,6.77521935566245,0.));
#8233=CARTESIAN_POINT('Ctrl Pts',(0.446428007088991,6.77521935566245,5.));
#8234=CARTESIAN_POINT('Ctrl Pts',(0.434782949656783,6.79517323329033,0.));
#8235=CARTESIAN_POINT('Ctrl Pts',(0.434782949656783,6.79517323329033,5.));
#8236=CARTESIAN_POINT('Ctrl Pts',(0.422991118845142,6.81510031215831,0.));
#8237=CARTESIAN_POINT('Ctrl Pts',(0.422991118845142,6.81510031215831,5.));
#8238=CARTESIAN_POINT('Ctrl Pts',(0.411053325626468,6.834999799595,0.));
#8239=CARTESIAN_POINT('Ctrl Pts',(0.411053325626468,6.834999799595,5.));
#8240=CARTESIAN_POINT('Ctrl Pts',(0.398970383755377,6.85487088260841,0.));
#8241=CARTESIAN_POINT('Ctrl Pts',(0.398970383755377,6.85487088260841,5.));
#8242=CARTESIAN_POINT('Ctrl Pts',(0.386743083741632,6.87471278366857,0.));
#8243=CARTESIAN_POINT('Ctrl Pts',(0.386743083741632,6.87471278366857,5.));
#8244=CARTESIAN_POINT('Ctrl Pts',(0.374372165228843,6.89452481934089,0.));
#8245=CARTESIAN_POINT('Ctrl Pts',(0.374372165228843,6.89452481934089,5.));
#8246=CARTESIAN_POINT('Ctrl Pts',(0.361858290589761,6.91430646122988,0.));
#8247=CARTESIAN_POINT('Ctrl Pts',(0.361858290589761,6.91430646122988,5.));
#8248=CARTESIAN_POINT('Ctrl Pts',(0.349202020343613,6.93405738710469,0.));
#8249=CARTESIAN_POINT('Ctrl Pts',(0.349202020343613,6.93405738710469,5.));
#8250=CARTESIAN_POINT('Ctrl Pts',(0.336403804942239,6.95377742756404,0.));
#8251=CARTESIAN_POINT('Ctrl Pts',(0.336403804942239,6.95377742756404,5.));
#8252=CARTESIAN_POINT('Ctrl Pts',(0.326051941655988,6.96952870286459,0.));
#8253=CARTESIAN_POINT('Ctrl Pts',(0.326051941655988,6.96952870286459,5.));
#8254=CARTESIAN_POINT('Ctrl Pts',(0.318224410117592,6.98132823355252,0.));
#8255=CARTESIAN_POINT('Ctrl Pts',(0.318224410117592,6.98132823355252,5.));
#8256=CARTESIAN_POINT('Ctrl Pts',(0.312977783341404,6.98918840017086,0.));
#8257=CARTESIAN_POINT('Ctrl Pts',(0.312977783341404,6.98918840017086,5.));
#8258=CARTESIAN_POINT('Ctrl Pts',(0.310347401848986,6.99311693668607,0.));
#8259=CARTESIAN_POINT('Ctrl Pts',(0.310347401848986,6.99311693668607,5.));
#8260=CARTESIAN_POINT('Ctrl Pts',(0.819156496432522,5.57833152568884,0.));
#8261=CARTESIAN_POINT('Ctrl Pts',(0.819737842254425,5.58229040258206,0.));
#8262=CARTESIAN_POINT('Ctrl Pts',(0.820774876712853,5.59021886985926,0.));
#8263=CARTESIAN_POINT('Ctrl Pts',(0.821953460546366,5.60214371102085,0.));
#8264=CARTESIAN_POINT('Ctrl Pts',(0.822807648942148,5.61810530202398,0.));
#8265=CARTESIAN_POINT('Ctrl Pts',(0.822892842967062,5.63814570714672,0.));
#8266=CARTESIAN_POINT('Ctrl Pts',(0.822266614146114,5.65825558536965,0.));
#8267=CARTESIAN_POINT('Ctrl Pts',(0.821197069046024,5.67841557229104,0.));
#8268=CARTESIAN_POINT('Ctrl Pts',(0.81988433897228,5.69861004180534,0.));
#8269=CARTESIAN_POINT('Ctrl Pts',(0.818405845176579,5.71883064239729,0.));
#8270=CARTESIAN_POINT('Ctrl Pts',(0.816756280297279,5.73907405661381,0.));
#8271=CARTESIAN_POINT('Ctrl Pts',(0.814880253014959,5.75934021287988,0.));
#8272=CARTESIAN_POINT('Ctrl Pts',(0.812706437630234,5.77963039369005,0.));
#8273=CARTESIAN_POINT('Ctrl Pts',(0.810183891731671,5.79994524055244,0.));
#8274=CARTESIAN_POINT('Ctrl Pts',(0.807308884627319,5.82028325496887,0.));
#8275=CARTESIAN_POINT('Ctrl Pts',(0.804106613625441,5.84064168190975,0.));
#8276=CARTESIAN_POINT('Ctrl Pts',(0.800618948690397,5.86101707287446,0.));
#8277=CARTESIAN_POINT('Ctrl Pts',(0.796890541761077,5.88140594005921,0.));
#8278=CARTESIAN_POINT('Ctrl Pts',(0.792954025865179,5.90180544812962,0.));
#8279=CARTESIAN_POINT('Ctrl Pts',(0.788820702145179,5.92221384788795,0.));
#8280=CARTESIAN_POINT('Ctrl Pts',(0.784488808203704,5.94263007414211,0.));
#8281=CARTESIAN_POINT('Ctrl Pts',(0.779948780572083,5.96305348668376,0.));
#8282=CARTESIAN_POINT('Ctrl Pts',(0.775189341748854,5.98348357232753,0.));
#8283=CARTESIAN_POINT('Ctrl Pts',(0.770204072941482,6.00391962318757,0.));
#8284=CARTESIAN_POINT('Ctrl Pts',(0.764995021955824,6.02436055840348,0.));
#8285=CARTESIAN_POINT('Ctrl Pts',(0.75956914191869,6.04480509225936,0.));
#8286=CARTESIAN_POINT('Ctrl Pts',(0.753936136567169,6.06525183437937,0.));
#8287=CARTESIAN_POINT('Ctrl Pts',(0.748105914982601,6.085699408979,0.));
#8288=CARTESIAN_POINT('Ctrl Pts',(0.742085821204916,6.10614658473831,0.));
#8289=CARTESIAN_POINT('Ctrl Pts',(0.735879298687639,6.12659233646376,0.));
#8290=CARTESIAN_POINT('Ctrl Pts',(0.729487442834608,6.14703576923518,0.));
#8291=CARTESIAN_POINT('Ctrl Pts',(0.722909942759137,6.16747607170195,0.));
#8292=CARTESIAN_POINT('Ctrl Pts',(0.716146192598137,6.18791246143866,0.));
#8293=CARTESIAN_POINT('Ctrl Pts',(0.709196510817026,6.20834412507508,0.));
#8294=CARTESIAN_POINT('Ctrl Pts',(0.702062692152895,6.22877019081928,0.));
#8295=CARTESIAN_POINT('Ctrl Pts',(0.694747352412057,6.24918975941261,0.));
#8296=CARTESIAN_POINT('Ctrl Pts',(0.687253541119409,6.26960192225705,0.));
#8297=CARTESIAN_POINT('Ctrl Pts',(0.679584280163763,6.2900057831365,0.));
#8298=CARTESIAN_POINT('Ctrl Pts',(0.671742058817291,6.31040048232009,0.));
#8299=CARTESIAN_POINT('Ctrl Pts',(0.663728615861259,6.33078520630017,0.));
#8300=CARTESIAN_POINT('Ctrl Pts',(0.65554522434995,6.35115917243481,0.));
#8301=CARTESIAN_POINT('Ctrl Pts',(0.647192865028193,6.37152161922486,0.));
#8302=CARTESIAN_POINT('Ctrl Pts',(0.638672431603216,6.39187179522475,0.));
#8303=CARTESIAN_POINT('Ctrl Pts',(0.629984956762124,6.41220894672401,0.));
#8304=CARTESIAN_POINT('Ctrl Pts',(0.62113171533124,6.43253231266763,0.));
#8305=CARTESIAN_POINT('Ctrl Pts',(0.612114103596273,6.45284113240692,0.));
#8306=CARTESIAN_POINT('Ctrl Pts',(0.602933569248352,6.47313465085531,0.));
#8307=CARTESIAN_POINT('Ctrl Pts',(0.593591527623448,6.49341212418248,0.));
#8308=CARTESIAN_POINT('Ctrl Pts',(0.584089272060834,6.51367282688466,0.));
#8309=CARTESIAN_POINT('Ctrl Pts',(0.57442793169461,6.53391605340814,0.));
#8310=CARTESIAN_POINT('Ctrl Pts',(0.564608525426858,6.55414110928313,0.));
#8311=CARTESIAN_POINT('Ctrl Pts',(0.554631996591848,6.5743473043273,0.));
#8312=CARTESIAN_POINT('Ctrl Pts',(0.544499253810597,6.59453394594868,0.));
#8313=CARTESIAN_POINT('Ctrl Pts',(0.534211216520256,6.61470033066004,0.));
#8314=CARTESIAN_POINT('Ctrl Pts',(0.523768839268973,6.63484574263792,0.));
#8315=CARTESIAN_POINT('Ctrl Pts',(0.513173083276488,6.65496946794747,0.));
#8316=CARTESIAN_POINT('Ctrl Pts',(0.502424899195248,6.67507080638353,0.));
#8317=CARTESIAN_POINT('Ctrl Pts',(0.49152520772173,6.6951490830299,0.));
#8318=CARTESIAN_POINT('Ctrl Pts',(0.4804748793578,6.71520366346005,0.));
#8319=CARTESIAN_POINT('Ctrl Pts',(0.469274724621552,6.73523395716086,0.));
#8320=CARTESIAN_POINT('Ctrl Pts',(0.457925516237053,6.75523938559687,0.));
#8321=CARTESIAN_POINT('Ctrl Pts',(0.446428007088991,6.77521935566245,0.));
#8322=CARTESIAN_POINT('Ctrl Pts',(0.434782949656783,6.79517323329033,0.));
#8323=CARTESIAN_POINT('Ctrl Pts',(0.422991118845142,6.81510031215831,0.));
#8324=CARTESIAN_POINT('Ctrl Pts',(0.411053325626468,6.834999799595,0.));
#8325=CARTESIAN_POINT('Ctrl Pts',(0.398970383755377,6.85487088260841,0.));
#8326=CARTESIAN_POINT('Ctrl Pts',(0.386743083741632,6.87471278366857,0.));
#8327=CARTESIAN_POINT('Ctrl Pts',(0.374372165228843,6.89452481934089,0.));
#8328=CARTESIAN_POINT('Ctrl Pts',(0.361858290589761,6.91430646122988,0.));
#8329=CARTESIAN_POINT('Ctrl Pts',(0.349202020343613,6.93405738710469,0.));
#8330=CARTESIAN_POINT('Ctrl Pts',(0.336403804942239,6.95377742756404,0.));
#8331=CARTESIAN_POINT('Ctrl Pts',(0.326051941655988,6.96952870286459,0.));
#8332=CARTESIAN_POINT('Ctrl Pts',(0.318224410117592,6.98132823355252,0.));
#8333=CARTESIAN_POINT('Ctrl Pts',(0.312977783341404,6.98918840017086,0.));
#8334=CARTESIAN_POINT('Ctrl Pts',(0.310347401848986,6.99311693668607,0.));
#8335=CARTESIAN_POINT('Ctrl Pts',(0.819156496432522,5.57833152568884,5.));
#8336=CARTESIAN_POINT('Ctrl Pts',(0.819737842254425,5.58229040258206,5.));
#8337=CARTESIAN_POINT('Ctrl Pts',(0.820774876712853,5.59021886985926,5.));
#8338=CARTESIAN_POINT('Ctrl Pts',(0.821953460546366,5.60214371102085,5.));
#8339=CARTESIAN_POINT('Ctrl Pts',(0.822807648942148,5.61810530202398,5.));
#8340=CARTESIAN_POINT('Ctrl Pts',(0.822892842967062,5.63814570714672,5.));
#8341=CARTESIAN_POINT('Ctrl Pts',(0.822266614146114,5.65825558536965,5.));
#8342=CARTESIAN_POINT('Ctrl Pts',(0.821197069046024,5.67841557229104,5.));
#8343=CARTESIAN_POINT('Ctrl Pts',(0.81988433897228,5.69861004180534,5.));
#8344=CARTESIAN_POINT('Ctrl Pts',(0.818405845176579,5.71883064239729,5.));
#8345=CARTESIAN_POINT('Ctrl Pts',(0.816756280297279,5.73907405661381,5.));
#8346=CARTESIAN_POINT('Ctrl Pts',(0.814880253014959,5.75934021287988,5.));
#8347=CARTESIAN_POINT('Ctrl Pts',(0.812706437630234,5.77963039369005,5.));
#8348=CARTESIAN_POINT('Ctrl Pts',(0.810183891731671,5.79994524055244,5.));
#8349=CARTESIAN_POINT('Ctrl Pts',(0.807308884627319,5.82028325496887,5.));
#8350=CARTESIAN_POINT('Ctrl Pts',(0.804106613625441,5.84064168190975,5.));
#8351=CARTESIAN_POINT('Ctrl Pts',(0.800618948690397,5.86101707287446,5.));
#8352=CARTESIAN_POINT('Ctrl Pts',(0.796890541761077,5.88140594005921,5.));
#8353=CARTESIAN_POINT('Ctrl Pts',(0.792954025865179,5.90180544812962,5.));
#8354=CARTESIAN_POINT('Ctrl Pts',(0.788820702145179,5.92221384788795,5.));
#8355=CARTESIAN_POINT('Ctrl Pts',(0.784488808203704,5.94263007414211,5.));
#8356=CARTESIAN_POINT('Ctrl Pts',(0.779948780572083,5.96305348668376,5.));
#8357=CARTESIAN_POINT('Ctrl Pts',(0.775189341748854,5.98348357232753,5.));
#8358=CARTESIAN_POINT('Ctrl Pts',(0.770204072941482,6.00391962318757,5.));
#8359=CARTESIAN_POINT('Ctrl Pts',(0.764995021955824,6.02436055840348,5.));
#8360=CARTESIAN_POINT('Ctrl Pts',(0.75956914191869,6.04480509225936,5.));
#8361=CARTESIAN_POINT('Ctrl Pts',(0.753936136567169,6.06525183437937,5.));
#8362=CARTESIAN_POINT('Ctrl Pts',(0.748105914982601,6.085699408979,5.));
#8363=CARTESIAN_POINT('Ctrl Pts',(0.742085821204916,6.10614658473831,5.));
#8364=CARTESIAN_POINT('Ctrl Pts',(0.735879298687639,6.12659233646376,5.));
#8365=CARTESIAN_POINT('Ctrl Pts',(0.729487442834608,6.14703576923518,5.));
#8366=CARTESIAN_POINT('Ctrl Pts',(0.722909942759137,6.16747607170195,5.));
#8367=CARTESIAN_POINT('Ctrl Pts',(0.716146192598137,6.18791246143866,5.));
#8368=CARTESIAN_POINT('Ctrl Pts',(0.709196510817026,6.20834412507508,5.));
#8369=CARTESIAN_POINT('Ctrl Pts',(0.702062692152895,6.22877019081928,5.));
#8370=CARTESIAN_POINT('Ctrl Pts',(0.694747352412057,6.24918975941261,5.));
#8371=CARTESIAN_POINT('Ctrl Pts',(0.687253541119409,6.26960192225705,5.));
#8372=CARTESIAN_POINT('Ctrl Pts',(0.679584280163763,6.2900057831365,5.));
#8373=CARTESIAN_POINT('Ctrl Pts',(0.671742058817291,6.31040048232009,5.));
#8374=CARTESIAN_POINT('Ctrl Pts',(0.663728615861259,6.33078520630017,5.));
#8375=CARTESIAN_POINT('Ctrl Pts',(0.65554522434995,6.35115917243481,5.));
#8376=CARTESIAN_POINT('Ctrl Pts',(0.647192865028193,6.37152161922486,5.));
#8377=CARTESIAN_POINT('Ctrl Pts',(0.638672431603216,6.39187179522475,5.));
#8378=CARTESIAN_POINT('Ctrl Pts',(0.629984956762124,6.41220894672401,5.));
#8379=CARTESIAN_POINT('Ctrl Pts',(0.62113171533124,6.43253231266763,5.));
#8380=CARTESIAN_POINT('Ctrl Pts',(0.612114103596273,6.45284113240692,5.));
#8381=CARTESIAN_POINT('Ctrl Pts',(0.602933569248352,6.47313465085531,5.));
#8382=CARTESIAN_POINT('Ctrl Pts',(0.593591527623448,6.49341212418248,5.));
#8383=CARTESIAN_POINT('Ctrl Pts',(0.584089272060834,6.51367282688466,5.));
#8384=CARTESIAN_POINT('Ctrl Pts',(0.57442793169461,6.53391605340814,5.));
#8385=CARTESIAN_POINT('Ctrl Pts',(0.564608525426858,6.55414110928313,5.));
#8386=CARTESIAN_POINT('Ctrl Pts',(0.554631996591848,6.5743473043273,5.));
#8387=CARTESIAN_POINT('Ctrl Pts',(0.544499253810597,6.59453394594868,5.));
#8388=CARTESIAN_POINT('Ctrl Pts',(0.534211216520256,6.61470033066004,5.));
#8389=CARTESIAN_POINT('Ctrl Pts',(0.523768839268973,6.63484574263792,5.));
#8390=CARTESIAN_POINT('Ctrl Pts',(0.513173083276488,6.65496946794747,5.));
#8391=CARTESIAN_POINT('Ctrl Pts',(0.502424899195248,6.67507080638353,5.));
#8392=CARTESIAN_POINT('Ctrl Pts',(0.49152520772173,6.6951490830299,5.));
#8393=CARTESIAN_POINT('Ctrl Pts',(0.4804748793578,6.71520366346005,5.));
#8394=CARTESIAN_POINT('Ctrl Pts',(0.469274724621552,6.73523395716086,5.));
#8395=CARTESIAN_POINT('Ctrl Pts',(0.457925516237053,6.75523938559687,5.));
#8396=CARTESIAN_POINT('Ctrl Pts',(0.446428007088991,6.77521935566245,5.));
#8397=CARTESIAN_POINT('Ctrl Pts',(0.434782949656783,6.79517323329033,5.));
#8398=CARTESIAN_POINT('Ctrl Pts',(0.422991118845142,6.81510031215831,5.));
#8399=CARTESIAN_POINT('Ctrl Pts',(0.411053325626468,6.834999799595,5.));
#8400=CARTESIAN_POINT('Ctrl Pts',(0.398970383755377,6.85487088260841,5.));
#8401=CARTESIAN_POINT('Ctrl Pts',(0.386743083741632,6.87471278366857,5.));
#8402=CARTESIAN_POINT('Ctrl Pts',(0.374372165228843,6.89452481934089,5.));
#8403=CARTESIAN_POINT('Ctrl Pts',(0.361858290589761,6.91430646122988,5.));
#8404=CARTESIAN_POINT('Ctrl Pts',(0.349202020343613,6.93405738710469,5.));
#8405=CARTESIAN_POINT('Ctrl Pts',(0.336403804942239,6.95377742756404,5.));
#8406=CARTESIAN_POINT('Ctrl Pts',(0.326051941655988,6.96952870286459,5.));
#8407=CARTESIAN_POINT('Ctrl Pts',(0.318224410117592,6.98132823355252,5.));
#8408=CARTESIAN_POINT('Ctrl Pts',(0.312977783341404,6.98918840017086,5.));
#8409=CARTESIAN_POINT('Ctrl Pts',(0.310347401848986,6.99311693668607,5.));
#8410=CARTESIAN_POINT('Ctrl Pts',(3.22778973434332,6.21139061972984,0.));
#8411=CARTESIAN_POINT('Ctrl Pts',(3.22778973434332,6.21139061972984,5.));
#8412=CARTESIAN_POINT('Ctrl Pts',(3.22354748889163,6.20930359805418,0.));
#8413=CARTESIAN_POINT('Ctrl Pts',(3.22354748889163,6.20930359805418,5.));
#8414=CARTESIAN_POINT('Ctrl Pts',(3.21507369351011,6.20511980747282,0.));
#8415=CARTESIAN_POINT('Ctrl Pts',(3.21507369351011,6.20511980747282,5.));
#8416=CARTESIAN_POINT('Ctrl Pts',(3.20239508700497,6.19881487991354,0.));
#8417=CARTESIAN_POINT('Ctrl Pts',(3.20239508700497,6.19881487991354,5.));
#8418=CARTESIAN_POINT('Ctrl Pts',(3.1855544727723,6.19034980700438,0.));
#8419=CARTESIAN_POINT('Ctrl Pts',(3.1855544727723,6.19034980700438,5.));
#8420=CARTESIAN_POINT('Ctrl Pts',(3.16461087288193,6.17967085870362,0.));
#8421=CARTESIAN_POINT('Ctrl Pts',(3.16461087288193,6.17967085870362,5.));
#8422=CARTESIAN_POINT('Ctrl Pts',(3.1437747583942,6.16889419027084,0.));
#8423=CARTESIAN_POINT('Ctrl Pts',(3.1437747583942,6.16889419027084,5.));
#8424=CARTESIAN_POINT('Ctrl Pts',(3.12304660411248,6.15801972318595,0.));
#8425=CARTESIAN_POINT('Ctrl Pts',(3.12304660411248,6.15801972318595,5.));
#8426=CARTESIAN_POINT('Ctrl Pts',(3.1024270565761,6.14704745624943,0.));
#8427=CARTESIAN_POINT('Ctrl Pts',(3.1024270565761,6.14704745624943,5.));
#8428=CARTESIAN_POINT('Ctrl Pts',(3.08191695361442,6.13597751587882,0.));
#8429=CARTESIAN_POINT('Ctrl Pts',(3.08191695361442,6.13597751587882,5.));
#8430=CARTESIAN_POINT('Ctrl Pts',(3.0615172774949,6.12481012412405,0.));
#8431=CARTESIAN_POINT('Ctrl Pts',(3.0615172774949,6.12481012412405,5.));
#8432=CARTESIAN_POINT('Ctrl Pts',(3.04122910158406,6.11354555909092,0.));
#8433=CARTESIAN_POINT('Ctrl Pts',(3.04122910158406,6.11354555909092,5.));
#8434=CARTESIAN_POINT('Ctrl Pts',(3.02105353711006,6.10218411797386,0.));
#8435=CARTESIAN_POINT('Ctrl Pts',(3.02105353711006,6.10218411797386,5.));
#8436=CARTESIAN_POINT('Ctrl Pts',(3.0009916827313,6.09072608176022,0.));
#8437=CARTESIAN_POINT('Ctrl Pts',(3.0009916827313,6.09072608176022,5.));
#8438=CARTESIAN_POINT('Ctrl Pts',(2.98104456269604,6.0791716746906,0.));
#8439=CARTESIAN_POINT('Ctrl Pts',(2.98104456269604,6.0791716746906,5.));
#8440=CARTESIAN_POINT('Ctrl Pts',(2.96121314570422,6.06752106964367,0.));
#8441=CARTESIAN_POINT('Ctrl Pts',(2.96121314570422,6.06752106964367,5.));
#8442=CARTESIAN_POINT('Ctrl Pts',(2.94149838032591,6.05577440382163,0.));
#8443=CARTESIAN_POINT('Ctrl Pts',(2.94149838032591,6.05577440382163,5.));
#8444=CARTESIAN_POINT('Ctrl Pts',(2.92190122502751,6.04393179188884,0.));
#8445=CARTESIAN_POINT('Ctrl Pts',(2.92190122502751,6.04393179188884,5.));
#8446=CARTESIAN_POINT('Ctrl Pts',(2.90242267699485,6.03199333998564,0.));
#8447=CARTESIAN_POINT('Ctrl Pts',(2.90242267699485,6.03199333998564,5.));
#8448=CARTESIAN_POINT('Ctrl Pts',(2.88306380731791,6.01995916229056,0.));
#8449=CARTESIAN_POINT('Ctrl Pts',(2.88306380731791,6.01995916229056,5.));
#8450=CARTESIAN_POINT('Ctrl Pts',(2.86382575080134,6.00782938294996,0.));
#8451=CARTESIAN_POINT('Ctrl Pts',(2.86382575080134,6.00782938294996,5.));
#8452=CARTESIAN_POINT('Ctrl Pts',(2.84470968083689,5.99560413303305,0.));
#8453=CARTESIAN_POINT('Ctrl Pts',(2.84470968083689,5.99560413303305,5.));
#8454=CARTESIAN_POINT('Ctrl Pts',(2.82571678683269,5.98328355021569,0.));
#8455=CARTESIAN_POINT('Ctrl Pts',(2.82571678683269,5.98328355021569,5.));
#8456=CARTESIAN_POINT('Ctrl Pts',(2.80684825336342,5.9708677771451,0.));
#8457=CARTESIAN_POINT('Ctrl Pts',(2.80684825336342,5.9708677771451,5.));
#8458=CARTESIAN_POINT('Ctrl Pts',(2.78810522842863,5.95835696334054,0.));
#8459=CARTESIAN_POINT('Ctrl Pts',(2.78810522842863,5.95835696334054,5.));
#8460=CARTESIAN_POINT('Ctrl Pts',(2.76948884521318,5.94575125429371,0.));
#8461=CARTESIAN_POINT('Ctrl Pts',(2.76948884521318,5.94575125429371,5.));
#8462=CARTESIAN_POINT('Ctrl Pts',(2.75100026575969,5.93305077605293,0.));
#8463=CARTESIAN_POINT('Ctrl Pts',(2.75100026575969,5.93305077605293,5.));
#8464=CARTESIAN_POINT('Ctrl Pts',(2.73264071969812,5.92025562059562,0.));
#8465=CARTESIAN_POINT('Ctrl Pts',(2.73264071969812,5.92025562059562,5.));
#8466=CARTESIAN_POINT('Ctrl Pts',(2.71441153766416,5.90736583438219,0.));
#8467=CARTESIAN_POINT('Ctrl Pts',(2.71441153766416,5.90736583438219,5.));
#8468=CARTESIAN_POINT('Ctrl Pts',(2.69631420247435,5.89438139904767,0.));
#8469=CARTESIAN_POINT('Ctrl Pts',(2.69631420247435,5.89438139904767,5.));
#8470=CARTESIAN_POINT('Ctrl Pts',(2.67835031176076,5.88130225110005,0.));
#8471=CARTESIAN_POINT('Ctrl Pts',(2.67835031176076,5.88130225110005,5.));
#8472=CARTESIAN_POINT('Ctrl Pts',(2.66052149680397,5.86812832061791,0.));
#8473=CARTESIAN_POINT('Ctrl Pts',(2.66052149680397,5.86812832061791,5.));
#8474=CARTESIAN_POINT('Ctrl Pts',(2.64282934714721,5.85485956819949,0.));
#8475=CARTESIAN_POINT('Ctrl Pts',(2.64282934714721,5.85485956819949,5.));
#8476=CARTESIAN_POINT('Ctrl Pts',(2.62527534734998,5.84149601552459,0.));
#8477=CARTESIAN_POINT('Ctrl Pts',(2.62527534734998,5.84149601552459,5.));
#8478=CARTESIAN_POINT('Ctrl Pts',(2.60786076860078,5.82803779898207,0.));
#8479=CARTESIAN_POINT('Ctrl Pts',(2.60786076860078,5.82803779898207,5.));
#8480=CARTESIAN_POINT('Ctrl Pts',(2.59058676059555,5.81448512248929,0.));
#8481=CARTESIAN_POINT('Ctrl Pts',(2.59058676059555,5.81448512248929,5.));
#8482=CARTESIAN_POINT('Ctrl Pts',(2.57345455343381,5.80083815515141,0.));
#8483=CARTESIAN_POINT('Ctrl Pts',(2.57345455343381,5.80083815515141,5.));
#8484=CARTESIAN_POINT('Ctrl Pts',(2.55646564093387,5.78709693822912,0.));
#8485=CARTESIAN_POINT('Ctrl Pts',(2.55646564093387,5.78709693822912,5.));
#8486=CARTESIAN_POINT('Ctrl Pts',(2.53962193567831,5.77326130685006,0.));
#8487=CARTESIAN_POINT('Ctrl Pts',(2.53962193567831,5.77326130685006,5.));
#8488=CARTESIAN_POINT('Ctrl Pts',(2.52292602330549,5.75933076092691,0.));
#8489=CARTESIAN_POINT('Ctrl Pts',(2.52292602330549,5.75933076092691,5.));
#8490=CARTESIAN_POINT('Ctrl Pts',(2.50638096895594,5.74530456566119,0.));
#8491=CARTESIAN_POINT('Ctrl Pts',(2.50638096895594,5.74530456566119,5.));
#8492=CARTESIAN_POINT('Ctrl Pts',(2.48998986789471,5.73118198315941,0.));
#8493=CARTESIAN_POINT('Ctrl Pts',(2.48998986789471,5.73118198315941,5.));
#8494=CARTESIAN_POINT('Ctrl Pts',(2.47375543510584,5.71696248429925,0.));
#8495=CARTESIAN_POINT('Ctrl Pts',(2.47375543510584,5.71696248429925,5.));
#8496=CARTESIAN_POINT('Ctrl Pts',(2.45767966077321,5.70264592670612,0.));
#8497=CARTESIAN_POINT('Ctrl Pts',(2.45767966077321,5.70264592670612,5.));
#8498=CARTESIAN_POINT('Ctrl Pts',(2.44176322738107,5.68823285554658,0.));
#8499=CARTESIAN_POINT('Ctrl Pts',(2.44176322738107,5.68823285554658,5.));
#8500=CARTESIAN_POINT('Ctrl Pts',(2.42600600144931,5.67372425135249,0.));
#8501=CARTESIAN_POINT('Ctrl Pts',(2.42600600144931,5.67372425135249,5.));
#8502=CARTESIAN_POINT('Ctrl Pts',(2.41040811941746,5.65912097221742,0.));
#8503=CARTESIAN_POINT('Ctrl Pts',(2.41040811941746,5.65912097221742,5.));
#8504=CARTESIAN_POINT('Ctrl Pts',(2.39497097739317,5.64442324546306,0.));
#8505=CARTESIAN_POINT('Ctrl Pts',(2.39497097739317,5.64442324546306,5.));
#8506=CARTESIAN_POINT('Ctrl Pts',(2.37969807009142,5.62963023720628,0.));
#8507=CARTESIAN_POINT('Ctrl Pts',(2.37969807009142,5.62963023720628,5.));
#8508=CARTESIAN_POINT('Ctrl Pts',(2.36459637329735,5.61473934178149,0.));
#8509=CARTESIAN_POINT('Ctrl Pts',(2.36459637329735,5.61473934178149,5.));
#8510=CARTESIAN_POINT('Ctrl Pts',(2.34967515641936,5.59974679611233,0.));
#8511=CARTESIAN_POINT('Ctrl Pts',(2.34967515641936,5.59974679611233,5.));
#8512=CARTESIAN_POINT('Ctrl Pts',(2.33494351832822,5.58464895243107,0.));
#8513=CARTESIAN_POINT('Ctrl Pts',(2.33494351832822,5.58464895243107,5.));
#8514=CARTESIAN_POINT('Ctrl Pts',(2.32040812346632,5.56944344763693,0.));
#8515=CARTESIAN_POINT('Ctrl Pts',(2.32040812346632,5.56944344763693,5.));
#8516=CARTESIAN_POINT('Ctrl Pts',(2.30607128571576,5.55413019387955,0.));
#8517=CARTESIAN_POINT('Ctrl Pts',(2.30607128571576,5.55413019387955,5.));
#8518=CARTESIAN_POINT('Ctrl Pts',(2.29192780018207,5.53871301360232,0.));
#8519=CARTESIAN_POINT('Ctrl Pts',(2.29192780018207,5.53871301360232,5.));
#8520=CARTESIAN_POINT('Ctrl Pts',(2.27796815685517,5.52319798998755,0.));
#8521=CARTESIAN_POINT('Ctrl Pts',(2.27796815685517,5.52319798998755,5.));
#8522=CARTESIAN_POINT('Ctrl Pts',(2.26418439363242,5.50759045920624,0.));
#8523=CARTESIAN_POINT('Ctrl Pts',(2.26418439363242,5.50759045920624,5.));
#8524=CARTESIAN_POINT('Ctrl Pts',(2.25057551682897,5.49189222494051,0.));
#8525=CARTESIAN_POINT('Ctrl Pts',(2.25057551682897,5.49189222494051,5.));
#8526=CARTESIAN_POINT('Ctrl Pts',(2.23715218812016,5.47609915146879,0.));
#8527=CARTESIAN_POINT('Ctrl Pts',(2.23715218812016,5.47609915146879,5.));
#8528=CARTESIAN_POINT('Ctrl Pts',(2.22394408620417,5.46019737774884,0.));
#8529=CARTESIAN_POINT('Ctrl Pts',(2.22394408620417,5.46019737774884,5.));
#8530=CARTESIAN_POINT('Ctrl Pts',(2.2109916246963,5.44416759833788,0.));
#8531=CARTESIAN_POINT('Ctrl Pts',(2.2109916246963,5.44416759833788,5.));
#8532=CARTESIAN_POINT('Ctrl Pts',(2.19833278829965,5.4279918647429,0.));
#8533=CARTESIAN_POINT('Ctrl Pts',(2.19833278829965,5.4279918647429,5.));
#8534=CARTESIAN_POINT('Ctrl Pts',(2.18599077603809,5.41165996423536,0.));
#8535=CARTESIAN_POINT('Ctrl Pts',(2.18599077603809,5.41165996423536,5.));
#8536=CARTESIAN_POINT('Ctrl Pts',(2.1739631062867,5.39517505989873,0.));
#8537=CARTESIAN_POINT('Ctrl Pts',(2.1739631062867,5.39517505989873,5.));
#8538=CARTESIAN_POINT('Ctrl Pts',(2.16220534086898,5.37856206737641,0.));
#8539=CARTESIAN_POINT('Ctrl Pts',(2.16220534086898,5.37856206737641,5.));
#8540=CARTESIAN_POINT('Ctrl Pts',(2.15065506867005,5.36185553884522,0.));
#8541=CARTESIAN_POINT('Ctrl Pts',(2.15065506867005,5.36185553884522,5.));
#8542=CARTESIAN_POINT('Ctrl Pts',(2.13926435518766,5.34508323195066,0.));
#8543=CARTESIAN_POINT('Ctrl Pts',(2.13926435518766,5.34508323195066,5.));
#8544=CARTESIAN_POINT('Ctrl Pts',(2.12803026283834,5.32825067337221,0.));
#8545=CARTESIAN_POINT('Ctrl Pts',(2.12803026283834,5.32825067337221,5.));
#8546=CARTESIAN_POINT('Ctrl Pts',(2.11702401615047,5.31132638510836,0.));
#8547=CARTESIAN_POINT('Ctrl Pts',(2.11702401615047,5.31132638510836,5.));
#8548=CARTESIAN_POINT('Ctrl Pts',(2.10642674697149,5.29422383411077,0.));
#8549=CARTESIAN_POINT('Ctrl Pts',(2.10642674697149,5.29422383411077,5.));
#8550=CARTESIAN_POINT('Ctrl Pts',(2.09648032459994,5.27682573715989,0.));
#8551=CARTESIAN_POINT('Ctrl Pts',(2.09648032459994,5.27682573715989,5.));
#8552=CARTESIAN_POINT('Ctrl Pts',(2.08923927794874,5.26257549966847,0.));
#8553=CARTESIAN_POINT('Ctrl Pts',(2.08923927794874,5.26257549966847,5.));
#8554=CARTESIAN_POINT('Ctrl Pts',(2.08429754090826,5.25165899236968,0.));
#8555=CARTESIAN_POINT('Ctrl Pts',(2.08429754090826,5.25165899236968,5.));
#8556=CARTESIAN_POINT('Ctrl Pts',(2.08123140545526,5.24427422106533,0.));
#8557=CARTESIAN_POINT('Ctrl Pts',(2.08123140545526,5.24427422106533,5.));
#8558=CARTESIAN_POINT('Ctrl Pts',(2.0797554272588,5.2405550601944,0.));
#8559=CARTESIAN_POINT('Ctrl Pts',(2.0797554272588,5.2405550601944,5.));
#8560=CARTESIAN_POINT('',(3.22778973434332,6.21139061972984,0.));
#8561=CARTESIAN_POINT('Ctrl Pts',(2.0797554272588,5.2405550601944,0.));
#8562=CARTESIAN_POINT('Ctrl Pts',(2.08123140545526,5.24427422106533,0.));
#8563=CARTESIAN_POINT('Ctrl Pts',(2.08429754090826,5.25165899236968,0.));
#8564=CARTESIAN_POINT('Ctrl Pts',(2.08923927794874,5.26257549966847,0.));
#8565=CARTESIAN_POINT('Ctrl Pts',(2.09648032459994,5.27682573715989,0.));
#8566=CARTESIAN_POINT('Ctrl Pts',(2.10642674697149,5.29422383411077,0.));
#8567=CARTESIAN_POINT('Ctrl Pts',(2.11702401615047,5.31132638510836,0.));
#8568=CARTESIAN_POINT('Ctrl Pts',(2.12803026283834,5.32825067337221,0.));
#8569=CARTESIAN_POINT('Ctrl Pts',(2.13926435518766,5.34508323195066,0.));
#8570=CARTESIAN_POINT('Ctrl Pts',(2.15065506867005,5.36185553884522,0.));
#8571=CARTESIAN_POINT('Ctrl Pts',(2.16220534086898,5.37856206737641,0.));
#8572=CARTESIAN_POINT('Ctrl Pts',(2.1739631062867,5.39517505989873,0.));
#8573=CARTESIAN_POINT('Ctrl Pts',(2.18599077603809,5.41165996423536,0.));
#8574=CARTESIAN_POINT('Ctrl Pts',(2.19833278829965,5.4279918647429,0.));
#8575=CARTESIAN_POINT('Ctrl Pts',(2.2109916246963,5.44416759833788,0.));
#8576=CARTESIAN_POINT('Ctrl Pts',(2.22394408620417,5.46019737774884,0.));
#8577=CARTESIAN_POINT('Ctrl Pts',(2.23715218812016,5.47609915146879,0.));
#8578=CARTESIAN_POINT('Ctrl Pts',(2.25057551682897,5.49189222494051,0.));
#8579=CARTESIAN_POINT('Ctrl Pts',(2.26418439363242,5.50759045920624,0.));
#8580=CARTESIAN_POINT('Ctrl Pts',(2.27796815685517,5.52319798998755,0.));
#8581=CARTESIAN_POINT('Ctrl Pts',(2.29192780018207,5.53871301360232,0.));
#8582=CARTESIAN_POINT('Ctrl Pts',(2.30607128571576,5.55413019387955,0.));
#8583=CARTESIAN_POINT('Ctrl Pts',(2.32040812346632,5.56944344763693,0.));
#8584=CARTESIAN_POINT('Ctrl Pts',(2.33494351832822,5.58464895243107,0.));
#8585=CARTESIAN_POINT('Ctrl Pts',(2.34967515641936,5.59974679611233,0.));
#8586=CARTESIAN_POINT('Ctrl Pts',(2.36459637329735,5.61473934178149,0.));
#8587=CARTESIAN_POINT('Ctrl Pts',(2.37969807009142,5.62963023720628,0.));
#8588=CARTESIAN_POINT('Ctrl Pts',(2.39497097739317,5.64442324546306,0.));
#8589=CARTESIAN_POINT('Ctrl Pts',(2.41040811941746,5.65912097221742,0.));
#8590=CARTESIAN_POINT('Ctrl Pts',(2.42600600144931,5.67372425135249,0.));
#8591=CARTESIAN_POINT('Ctrl Pts',(2.44176322738107,5.68823285554658,0.));
#8592=CARTESIAN_POINT('Ctrl Pts',(2.45767966077321,5.70264592670612,0.));
#8593=CARTESIAN_POINT('Ctrl Pts',(2.47375543510584,5.71696248429925,0.));
#8594=CARTESIAN_POINT('Ctrl Pts',(2.48998986789471,5.73118198315941,0.));
#8595=CARTESIAN_POINT('Ctrl Pts',(2.50638096895594,5.74530456566119,0.));
#8596=CARTESIAN_POINT('Ctrl Pts',(2.52292602330549,5.75933076092691,0.));
#8597=CARTESIAN_POINT('Ctrl Pts',(2.53962193567831,5.77326130685006,0.));
#8598=CARTESIAN_POINT('Ctrl Pts',(2.55646564093387,5.78709693822912,0.));
#8599=CARTESIAN_POINT('Ctrl Pts',(2.57345455343381,5.80083815515141,0.));
#8600=CARTESIAN_POINT('Ctrl Pts',(2.59058676059555,5.81448512248929,0.));
#8601=CARTESIAN_POINT('Ctrl Pts',(2.60786076860078,5.82803779898207,0.));
#8602=CARTESIAN_POINT('Ctrl Pts',(2.62527534734998,5.84149601552459,0.));
#8603=CARTESIAN_POINT('Ctrl Pts',(2.64282934714721,5.85485956819949,0.));
#8604=CARTESIAN_POINT('Ctrl Pts',(2.66052149680397,5.86812832061791,0.));
#8605=CARTESIAN_POINT('Ctrl Pts',(2.67835031176076,5.88130225110005,0.));
#8606=CARTESIAN_POINT('Ctrl Pts',(2.69631420247435,5.89438139904767,0.));
#8607=CARTESIAN_POINT('Ctrl Pts',(2.71441153766416,5.90736583438219,0.));
#8608=CARTESIAN_POINT('Ctrl Pts',(2.73264071969812,5.92025562059562,0.));
#8609=CARTESIAN_POINT('Ctrl Pts',(2.75100026575969,5.93305077605293,0.));
#8610=CARTESIAN_POINT('Ctrl Pts',(2.76948884521318,5.94575125429371,0.));
#8611=CARTESIAN_POINT('Ctrl Pts',(2.78810522842863,5.95835696334054,0.));
#8612=CARTESIAN_POINT('Ctrl Pts',(2.80684825336342,5.9708677771451,0.));
#8613=CARTESIAN_POINT('Ctrl Pts',(2.82571678683269,5.98328355021569,0.));
#8614=CARTESIAN_POINT('Ctrl Pts',(2.84470968083689,5.99560413303305,0.));
#8615=CARTESIAN_POINT('Ctrl Pts',(2.86382575080134,6.00782938294996,0.));
#8616=CARTESIAN_POINT('Ctrl Pts',(2.88306380731791,6.01995916229056,0.));
#8617=CARTESIAN_POINT('Ctrl Pts',(2.90242267699485,6.03199333998564,0.));
#8618=CARTESIAN_POINT('Ctrl Pts',(2.92190122502751,6.04393179188884,0.));
#8619=CARTESIAN_POINT('Ctrl Pts',(2.94149838032591,6.05577440382163,0.));
#8620=CARTESIAN_POINT('Ctrl Pts',(2.96121314570422,6.06752106964367,0.));
#8621=CARTESIAN_POINT('Ctrl Pts',(2.98104456269604,6.0791716746906,0.));
#8622=CARTESIAN_POINT('Ctrl Pts',(3.0009916827313,6.09072608176022,0.));
#8623=CARTESIAN_POINT('Ctrl Pts',(3.02105353711006,6.10218411797386,0.));
#8624=CARTESIAN_POINT('Ctrl Pts',(3.04122910158406,6.11354555909092,0.));
#8625=CARTESIAN_POINT('Ctrl Pts',(3.0615172774949,6.12481012412405,0.));
#8626=CARTESIAN_POINT('Ctrl Pts',(3.08191695361442,6.13597751587882,0.));
#8627=CARTESIAN_POINT('Ctrl Pts',(3.1024270565761,6.14704745624943,0.));
#8628=CARTESIAN_POINT('Ctrl Pts',(3.12304660411248,6.15801972318595,0.));
#8629=CARTESIAN_POINT('Ctrl Pts',(3.1437747583942,6.16889419027084,0.));
#8630=CARTESIAN_POINT('Ctrl Pts',(3.16461087288193,6.17967085870362,0.));
#8631=CARTESIAN_POINT('Ctrl Pts',(3.1855544727723,6.19034980700438,0.));
#8632=CARTESIAN_POINT('Ctrl Pts',(3.20239508700497,6.19881487991354,0.));
#8633=CARTESIAN_POINT('Ctrl Pts',(3.21507369351011,6.20511980747282,0.));
#8634=CARTESIAN_POINT('Ctrl Pts',(3.22354748889163,6.20930359805418,0.));
#8635=CARTESIAN_POINT('Ctrl Pts',(3.22778973434332,6.21139061972984,0.));
#8636=CARTESIAN_POINT('',(3.22778973434332,6.21139061972984,5.));
#8637=CARTESIAN_POINT('Ctrl Pts',(3.22778973434332,6.21139061972984,5.));
#8638=CARTESIAN_POINT('Ctrl Pts',(3.22354748889163,6.20930359805418,5.));
#8639=CARTESIAN_POINT('Ctrl Pts',(3.21507369351011,6.20511980747282,5.));
#8640=CARTESIAN_POINT('Ctrl Pts',(3.20239508700497,6.19881487991354,5.));
#8641=CARTESIAN_POINT('Ctrl Pts',(3.1855544727723,6.19034980700438,5.));
#8642=CARTESIAN_POINT('Ctrl Pts',(3.16461087288193,6.17967085870362,5.));
#8643=CARTESIAN_POINT('Ctrl Pts',(3.1437747583942,6.16889419027084,5.));
#8644=CARTESIAN_POINT('Ctrl Pts',(3.12304660411248,6.15801972318595,5.));
#8645=CARTESIAN_POINT('Ctrl Pts',(3.1024270565761,6.14704745624943,5.));
#8646=CARTESIAN_POINT('Ctrl Pts',(3.08191695361442,6.13597751587882,5.));
#8647=CARTESIAN_POINT('Ctrl Pts',(3.0615172774949,6.12481012412405,5.));
#8648=CARTESIAN_POINT('Ctrl Pts',(3.04122910158406,6.11354555909092,5.));
#8649=CARTESIAN_POINT('Ctrl Pts',(3.02105353711006,6.10218411797386,5.));
#8650=CARTESIAN_POINT('Ctrl Pts',(3.0009916827313,6.09072608176022,5.));
#8651=CARTESIAN_POINT('Ctrl Pts',(2.98104456269604,6.0791716746906,5.));
#8652=CARTESIAN_POINT('Ctrl Pts',(2.96121314570422,6.06752106964367,5.));
#8653=CARTESIAN_POINT('Ctrl Pts',(2.94149838032591,6.05577440382163,5.));
#8654=CARTESIAN_POINT('Ctrl Pts',(2.92190122502751,6.04393179188884,5.));
#8655=CARTESIAN_POINT('Ctrl Pts',(2.90242267699485,6.03199333998564,5.));
#8656=CARTESIAN_POINT('Ctrl Pts',(2.88306380731791,6.01995916229056,5.));
#8657=CARTESIAN_POINT('Ctrl Pts',(2.86382575080134,6.00782938294996,5.));
#8658=CARTESIAN_POINT('Ctrl Pts',(2.84470968083689,5.99560413303305,5.));
#8659=CARTESIAN_POINT('Ctrl Pts',(2.82571678683269,5.98328355021569,5.));
#8660=CARTESIAN_POINT('Ctrl Pts',(2.80684825336342,5.9708677771451,5.));
#8661=CARTESIAN_POINT('Ctrl Pts',(2.78810522842863,5.95835696334054,5.));
#8662=CARTESIAN_POINT('Ctrl Pts',(2.76948884521318,5.94575125429371,5.));
#8663=CARTESIAN_POINT('Ctrl Pts',(2.75100026575969,5.93305077605293,5.));
#8664=CARTESIAN_POINT('Ctrl Pts',(2.73264071969812,5.92025562059562,5.));
#8665=CARTESIAN_POINT('Ctrl Pts',(2.71441153766416,5.90736583438219,5.));
#8666=CARTESIAN_POINT('Ctrl Pts',(2.69631420247435,5.89438139904767,5.));
#8667=CARTESIAN_POINT('Ctrl Pts',(2.67835031176076,5.88130225110005,5.));
#8668=CARTESIAN_POINT('Ctrl Pts',(2.66052149680397,5.86812832061791,5.));
#8669=CARTESIAN_POINT('Ctrl Pts',(2.64282934714721,5.85485956819949,5.));
#8670=CARTESIAN_POINT('Ctrl Pts',(2.62527534734998,5.84149601552459,5.));
#8671=CARTESIAN_POINT('Ctrl Pts',(2.60786076860078,5.82803779898207,5.));
#8672=CARTESIAN_POINT('Ctrl Pts',(2.59058676059555,5.81448512248929,5.));
#8673=CARTESIAN_POINT('Ctrl Pts',(2.57345455343381,5.80083815515141,5.));
#8674=CARTESIAN_POINT('Ctrl Pts',(2.55646564093387,5.78709693822912,5.));
#8675=CARTESIAN_POINT('Ctrl Pts',(2.53962193567831,5.77326130685006,5.));
#8676=CARTESIAN_POINT('Ctrl Pts',(2.52292602330549,5.75933076092691,5.));
#8677=CARTESIAN_POINT('Ctrl Pts',(2.50638096895594,5.74530456566119,5.));
#8678=CARTESIAN_POINT('Ctrl Pts',(2.48998986789471,5.73118198315941,5.));
#8679=CARTESIAN_POINT('Ctrl Pts',(2.47375543510584,5.71696248429925,5.));
#8680=CARTESIAN_POINT('Ctrl Pts',(2.45767966077321,5.70264592670612,5.));
#8681=CARTESIAN_POINT('Ctrl Pts',(2.44176322738107,5.68823285554658,5.));
#8682=CARTESIAN_POINT('Ctrl Pts',(2.42600600144931,5.67372425135249,5.));
#8683=CARTESIAN_POINT('Ctrl Pts',(2.41040811941746,5.65912097221742,5.));
#8684=CARTESIAN_POINT('Ctrl Pts',(2.39497097739317,5.64442324546306,5.));
#8685=CARTESIAN_POINT('Ctrl Pts',(2.37969807009142,5.62963023720628,5.));
#8686=CARTESIAN_POINT('Ctrl Pts',(2.36459637329735,5.61473934178149,5.));
#8687=CARTESIAN_POINT('Ctrl Pts',(2.34967515641936,5.59974679611233,5.));
#8688=CARTESIAN_POINT('Ctrl Pts',(2.33494351832822,5.58464895243107,5.));
#8689=CARTESIAN_POINT('Ctrl Pts',(2.32040812346632,5.56944344763693,5.));
#8690=CARTESIAN_POINT('Ctrl Pts',(2.30607128571576,5.55413019387955,5.));
#8691=CARTESIAN_POINT('Ctrl Pts',(2.29192780018207,5.53871301360232,5.));
#8692=CARTESIAN_POINT('Ctrl Pts',(2.27796815685517,5.52319798998755,5.));
#8693=CARTESIAN_POINT('Ctrl Pts',(2.26418439363242,5.50759045920624,5.));
#8694=CARTESIAN_POINT('Ctrl Pts',(2.25057551682897,5.49189222494051,5.));
#8695=CARTESIAN_POINT('Ctrl Pts',(2.23715218812016,5.47609915146879,5.));
#8696=CARTESIAN_POINT('Ctrl Pts',(2.22394408620417,5.46019737774884,5.));
#8697=CARTESIAN_POINT('Ctrl Pts',(2.2109916246963,5.44416759833788,5.));
#8698=CARTESIAN_POINT('Ctrl Pts',(2.19833278829965,5.4279918647429,5.));
#8699=CARTESIAN_POINT('Ctrl Pts',(2.18599077603809,5.41165996423536,5.));
#8700=CARTESIAN_POINT('Ctrl Pts',(2.1739631062867,5.39517505989873,5.));
#8701=CARTESIAN_POINT('Ctrl Pts',(2.16220534086898,5.37856206737641,5.));
#8702=CARTESIAN_POINT('Ctrl Pts',(2.15065506867005,5.36185553884522,5.));
#8703=CARTESIAN_POINT('Ctrl Pts',(2.13926435518766,5.34508323195066,5.));
#8704=CARTESIAN_POINT('Ctrl Pts',(2.12803026283834,5.32825067337221,5.));
#8705=CARTESIAN_POINT('Ctrl Pts',(2.11702401615047,5.31132638510836,5.));
#8706=CARTESIAN_POINT('Ctrl Pts',(2.10642674697149,5.29422383411077,5.));
#8707=CARTESIAN_POINT('Ctrl Pts',(2.09648032459994,5.27682573715989,5.));
#8708=CARTESIAN_POINT('Ctrl Pts',(2.08923927794874,5.26257549966847,5.));
#8709=CARTESIAN_POINT('Ctrl Pts',(2.08429754090826,5.25165899236968,5.));
#8710=CARTESIAN_POINT('Ctrl Pts',(2.08123140545526,5.24427422106533,5.));
#8711=CARTESIAN_POINT('Ctrl Pts',(2.0797554272588,5.2405550601944,5.));
#8712=CARTESIAN_POINT('',(3.22778973434332,6.21139061972984,0.));
#8713=CARTESIAN_POINT('Origin',(4.45754544387E-13,7.72069518583001E-13,
0.));
#8714=CARTESIAN_POINT('',(3.76532720234275,5.90104321788086,0.));
#8715=CARTESIAN_POINT('Origin',(4.45754544387E-13,7.72069518583001E-13,
0.));
#8716=CARTESIAN_POINT('',(3.76532720234275,5.90104321788086,5.));
#8717=CARTESIAN_POINT('Origin',(4.45754544387E-13,7.72069518583001E-13,
5.));
#8718=CARTESIAN_POINT('',(3.76532720234275,5.90104321788086,0.));
#8719=CARTESIAN_POINT('Ctrl Pts',(3.49857609843004,4.42139856376188,0.));
#8720=CARTESIAN_POINT('Ctrl Pts',(3.49857609843004,4.42139856376188,5.));
#8721=CARTESIAN_POINT('Ctrl Pts',(3.5010589971268,4.42453637881091,0.));
#8722=CARTESIAN_POINT('Ctrl Pts',(3.5010589971268,4.42453637881091,5.));
#8723=CARTESIAN_POINT('Ctrl Pts',(3.505921328951,4.43088411565683,0.));
#8724=CARTESIAN_POINT('Ctrl Pts',(3.505921328951,4.43088411565683,5.));
#8725=CARTESIAN_POINT('Ctrl Pts',(3.51290443307211,4.4406220391221,0.));
#8726=CARTESIAN_POINT('Ctrl Pts',(3.51290443307211,4.4406220391221,5.));
#8727=CARTESIAN_POINT('Ctrl Pts',(3.52162497742404,4.45401808821774,0.));
#8728=CARTESIAN_POINT('Ctrl Pts',(3.52162497742404,4.45401808821774,5.));
#8729=CARTESIAN_POINT('Ctrl Pts',(3.53171896017524,4.47133099114371,0.));
#8730=CARTESIAN_POINT('Ctrl Pts',(3.53171896017524,4.47133099114371,5.));
#8731=CARTESIAN_POINT('Ctrl Pts',(3.54123156921918,4.48905977096225,0.));
#8732=CARTESIAN_POINT('Ctrl Pts',(3.54123156921918,4.48905977096225,5.));
#8733=CARTESIAN_POINT('Ctrl Pts',(3.5503853094527,4.50705360432618,0.));
#8734=CARTESIAN_POINT('Ctrl Pts',(3.5503853094527,4.50705360432618,5.));
#8735=CARTESIAN_POINT('Ctrl Pts',(3.55934568661768,4.52519889297839,0.));
#8736=CARTESIAN_POINT('Ctrl Pts',(3.55934568661768,4.52519889297839,5.));
#8737=CARTESIAN_POINT('Ctrl Pts',(3.56817557372724,4.54344969366865,0.));
#8738=CARTESIAN_POINT('Ctrl Pts',(3.56817557372724,4.54344969366865,5.));
#8739=CARTESIAN_POINT('Ctrl Pts',(3.57686871574484,4.56180578707913,0.));
#8740=CARTESIAN_POINT('Ctrl Pts',(3.57686871574484,4.56180578707913,5.));
#8741=CARTESIAN_POINT('Ctrl Pts',(3.58537710659319,4.58029480688377,0.));
#8742=CARTESIAN_POINT('Ctrl Pts',(3.58537710659319,4.58029480688377,5.));
#8743=CARTESIAN_POINT('Ctrl Pts',(3.59363961765196,4.59895352660513,0.));
#8744=CARTESIAN_POINT('Ctrl Pts',(3.59363961765196,4.59895352660513,5.));
#8745=CARTESIAN_POINT('Ctrl Pts',(3.60161245225279,4.61780797301123,0.));
#8746=CARTESIAN_POINT('Ctrl Pts',(3.60161245225279,4.61780797301123,5.));
#8747=CARTESIAN_POINT('Ctrl Pts',(3.60929163027257,4.63685871371056,0.));
#8748=CARTESIAN_POINT('Ctrl Pts',(3.60929163027257,4.63685871371056,5.));
#8749=CARTESIAN_POINT('Ctrl Pts',(3.61669759570559,4.6560907641234,0.));
#8750=CARTESIAN_POINT('Ctrl Pts',(3.61669759570559,4.6560907641234,5.));
#8751=CARTESIAN_POINT('Ctrl Pts',(3.6238648847543,4.67548020277839,0.));
#8752=CARTESIAN_POINT('Ctrl Pts',(3.6238648847543,4.67548020277839,5.));
#8753=CARTESIAN_POINT('Ctrl Pts',(3.63083042323024,4.69500168317944,0.));
#8754=CARTESIAN_POINT('Ctrl Pts',(3.63083042323024,4.69500168317944,5.));
#8755=CARTESIAN_POINT('Ctrl Pts',(3.6376210544972,4.71463643334106,0.));
#8756=CARTESIAN_POINT('Ctrl Pts',(3.6376210544972,4.71463643334106,5.));
#8757=CARTESIAN_POINT('Ctrl Pts',(3.64424569103278,4.73437728784237,0.));
#8758=CARTESIAN_POINT('Ctrl Pts',(3.64424569103278,4.73437728784237,5.));
#8759=CARTESIAN_POINT('Ctrl Pts',(3.65070227396004,4.75422420539861,0.));
#8760=CARTESIAN_POINT('Ctrl Pts',(3.65070227396004,4.75422420539861,5.));
#8761=CARTESIAN_POINT('Ctrl Pts',(3.656982200968,4.77418141330747,0.));
#8762=CARTESIAN_POINT('Ctrl Pts',(3.656982200968,4.77418141330747,5.));
#8763=CARTESIAN_POINT('Ctrl Pts',(3.66307544886121,4.79425410588807,0.));
#8764=CARTESIAN_POINT('Ctrl Pts',(3.66307544886121,4.79425410588807,5.));
#8765=CARTESIAN_POINT('Ctrl Pts',(3.66897610485935,4.81444487948959,0.));
#8766=CARTESIAN_POINT('Ctrl Pts',(3.66897610485935,4.81444487948959,5.));
#8767=CARTESIAN_POINT('Ctrl Pts',(3.67468540198412,4.8347517741565,0.));
#8768=CARTESIAN_POINT('Ctrl Pts',(3.67468540198412,4.8347517741565,5.));
#8769=CARTESIAN_POINT('Ctrl Pts',(3.68020871896201,4.8551701998628,0.));
#8770=CARTESIAN_POINT('Ctrl Pts',(3.68020871896201,4.8551701998628,5.));
#8771=CARTESIAN_POINT('Ctrl Pts',(3.68555376428795,4.87569410063912,0.));
#8772=CARTESIAN_POINT('Ctrl Pts',(3.68555376428795,4.87569410063912,5.));
#8773=CARTESIAN_POINT('Ctrl Pts',(3.69072843158584,4.89631733048046,0.));
#8774=CARTESIAN_POINT('Ctrl Pts',(3.69072843158584,4.89631733048046,5.));
#8775=CARTESIAN_POINT('Ctrl Pts',(3.69573846532085,4.91703515101251,0.));
#8776=CARTESIAN_POINT('Ctrl Pts',(3.69573846532085,4.91703515101251,5.));
#8777=CARTESIAN_POINT('Ctrl Pts',(3.70058633501445,4.93784495266485,0.));
#8778=CARTESIAN_POINT('Ctrl Pts',(3.70058633501445,4.93784495266485,5.));
#8779=CARTESIAN_POINT('Ctrl Pts',(3.70527254185411,4.95874541271198,0.));
#8780=CARTESIAN_POINT('Ctrl Pts',(3.70527254185411,4.95874541271198,5.));
#8781=CARTESIAN_POINT('Ctrl Pts',(3.70979641092874,4.97973598394698,0.));
#8782=CARTESIAN_POINT('Ctrl Pts',(3.70979641092874,4.97973598394698,5.));
#8783=CARTESIAN_POINT('Ctrl Pts',(3.71415702633282,5.00081629170111,0.));
#8784=CARTESIAN_POINT('Ctrl Pts',(3.71415702633282,5.00081629170111,5.));
#8785=CARTESIAN_POINT('Ctrl Pts',(3.71835425718037,5.02198547234238,0.));
#8786=CARTESIAN_POINT('Ctrl Pts',(3.71835425718037,5.02198547234238,5.));
#8787=CARTESIAN_POINT('Ctrl Pts',(3.72238922186334,5.04324187350829,0.));
#8788=CARTESIAN_POINT('Ctrl Pts',(3.72238922186334,5.04324187350829,5.));
#8789=CARTESIAN_POINT('Ctrl Pts',(3.72626373610713,5.06458340851486,0.));
#8790=CARTESIAN_POINT('Ctrl Pts',(3.72626373610713,5.06458340851486,5.));
#8791=CARTESIAN_POINT('Ctrl Pts',(3.72997998657875,5.08600776573065,0.));
#8792=CARTESIAN_POINT('Ctrl Pts',(3.72997998657875,5.08600776573065,5.));
#8793=CARTESIAN_POINT('Ctrl Pts',(3.73354014220263,5.10751265806536,0.));
#8794=CARTESIAN_POINT('Ctrl Pts',(3.73354014220263,5.10751265806536,5.));
#8795=CARTESIAN_POINT('Ctrl Pts',(3.73694592888628,5.12909609633413,0.));
#8796=CARTESIAN_POINT('Ctrl Pts',(3.73694592888628,5.12909609633413,5.));
#8797=CARTESIAN_POINT('Ctrl Pts',(3.74019844570462,5.15075650662803,0.));
#8798=CARTESIAN_POINT('Ctrl Pts',(3.74019844570462,5.15075650662803,5.));
#8799=CARTESIAN_POINT('Ctrl Pts',(3.74329840383403,5.17249257463212,0.));
#8800=CARTESIAN_POINT('Ctrl Pts',(3.74329840383403,5.17249257463212,5.));
#8801=CARTESIAN_POINT('Ctrl Pts',(3.74624627187488,5.1943031504964,0.));
#8802=CARTESIAN_POINT('Ctrl Pts',(3.74624627187488,5.1943031504964,5.));
#8803=CARTESIAN_POINT('Ctrl Pts',(3.74904244807754,5.21618713659627,0.));
#8804=CARTESIAN_POINT('Ctrl Pts',(3.74904244807754,5.21618713659627,5.));
#8805=CARTESIAN_POINT('Ctrl Pts',(3.75168744992005,5.23814336385579,0.));
#8806=CARTESIAN_POINT('Ctrl Pts',(3.75168744992005,5.23814336385579,5.));
#8807=CARTESIAN_POINT('Ctrl Pts',(3.75418200090687,5.26017053576881,0.));
#8808=CARTESIAN_POINT('Ctrl Pts',(3.75418200090687,5.26017053576881,5.));
#8809=CARTESIAN_POINT('Ctrl Pts',(3.75652692993257,5.2822672954514,0.));
#8810=CARTESIAN_POINT('Ctrl Pts',(3.75652692993257,5.2822672954514,5.));
#8811=CARTESIAN_POINT('Ctrl Pts',(3.75872311319115,5.30443226513384,0.));
#8812=CARTESIAN_POINT('Ctrl Pts',(3.75872311319115,5.30443226513384,5.));
#8813=CARTESIAN_POINT('Ctrl Pts',(3.76077140448436,5.32666409297218,0.));
#8814=CARTESIAN_POINT('Ctrl Pts',(3.76077140448436,5.32666409297218,5.));
#8815=CARTESIAN_POINT('Ctrl Pts',(3.76267256112497,5.3489615039921,0.));
#8816=CARTESIAN_POINT('Ctrl Pts',(3.76267256112497,5.3489615039921,5.));
#8817=CARTESIAN_POINT('Ctrl Pts',(3.76442720819495,5.3713233225991,0.));
#8818=CARTESIAN_POINT('Ctrl Pts',(3.76442720819495,5.3713233225991,5.));
#8819=CARTESIAN_POINT('Ctrl Pts',(3.76603588085449,5.39374843791368,0.));
#8820=CARTESIAN_POINT('Ctrl Pts',(3.76603588085449,5.39374843791368,5.));
#8821=CARTESIAN_POINT('Ctrl Pts',(3.76749905096387,5.41623578055326,0.));
#8822=CARTESIAN_POINT('Ctrl Pts',(3.76749905096387,5.41623578055326,5.));
#8823=CARTESIAN_POINT('Ctrl Pts',(3.76881715911599,5.4387842964051,0.));
#8824=CARTESIAN_POINT('Ctrl Pts',(3.76881715911599,5.4387842964051,5.));
#8825=CARTESIAN_POINT('Ctrl Pts',(3.76999064982315,5.4613929165128,0.));
#8826=CARTESIAN_POINT('Ctrl Pts',(3.76999064982315,5.4613929165128,5.));
#8827=CARTESIAN_POINT('Ctrl Pts',(3.77101999183658,5.48406054368098,0.));
#8828=CARTESIAN_POINT('Ctrl Pts',(3.77101999183658,5.48406054368098,5.));
#8829=CARTESIAN_POINT('Ctrl Pts',(3.77190566062956,5.50678607901408,0.));
#8830=CARTESIAN_POINT('Ctrl Pts',(3.77190566062956,5.50678607901408,5.));
#8831=CARTESIAN_POINT('Ctrl Pts',(3.77264812938869,5.52956844079039,0.));
#8832=CARTESIAN_POINT('Ctrl Pts',(3.77264812938869,5.52956844079039,5.));
#8833=CARTESIAN_POINT('Ctrl Pts',(3.77324785800239,5.55240658416711,0.));
#8834=CARTESIAN_POINT('Ctrl Pts',(3.77324785800239,5.55240658416711,5.));
#8835=CARTESIAN_POINT('Ctrl Pts',(3.77370528313414,5.57529952446383,0.));
#8836=CARTESIAN_POINT('Ctrl Pts',(3.77370528313414,5.57529952446383,5.));
#8837=CARTESIAN_POINT('Ctrl Pts',(3.77402081145664,5.59824634502212,0.));
#8838=CARTESIAN_POINT('Ctrl Pts',(3.77402081145664,5.59824634502212,5.));
#8839=CARTESIAN_POINT('Ctrl Pts',(3.77419482290082,5.62124615845354,0.));
#8840=CARTESIAN_POINT('Ctrl Pts',(3.77419482290082,5.62124615845354,5.));
#8841=CARTESIAN_POINT('Ctrl Pts',(3.77422767293115,5.64429807467123,0.));
#8842=CARTESIAN_POINT('Ctrl Pts',(3.77422767293115,5.64429807467123,5.));
#8843=CARTESIAN_POINT('Ctrl Pts',(3.77411969618027,5.66740116831708,0.));
#8844=CARTESIAN_POINT('Ctrl Pts',(3.77411969618027,5.66740116831708,5.));
#8845=CARTESIAN_POINT('Ctrl Pts',(3.77387121057425,5.69055444024578,0.));
#8846=CARTESIAN_POINT('Ctrl Pts',(3.77387121057425,5.69055444024578,5.));
#8847=CARTESIAN_POINT('Ctrl Pts',(3.7734825221001,5.71375679849758,0.));
#8848=CARTESIAN_POINT('Ctrl Pts',(3.7734825221001,5.71375679849758,5.));
#8849=CARTESIAN_POINT('Ctrl Pts',(3.77295392899399,5.73700713212345,0.));
#8850=CARTESIAN_POINT('Ctrl Pts',(3.77295392899399,5.73700713212345,5.));
#8851=CARTESIAN_POINT('Ctrl Pts',(3.77228572709247,5.7603043725078,0.));
#8852=CARTESIAN_POINT('Ctrl Pts',(3.77228572709247,5.7603043725078,5.));
#8853=CARTESIAN_POINT('Ctrl Pts',(3.77147821522841,5.78364755795711,0.));
#8854=CARTESIAN_POINT('Ctrl Pts',(3.77147821522841,5.78364755795711,5.));
#8855=CARTESIAN_POINT('Ctrl Pts',(3.77053170283569,5.80703589968108,0.));
#8856=CARTESIAN_POINT('Ctrl Pts',(3.77053170283569,5.80703589968108,5.));
#8857=CARTESIAN_POINT('Ctrl Pts',(3.76944651422277,5.83046883836,0.));
#8858=CARTESIAN_POINT('Ctrl Pts',(3.76944651422277,5.83046883836,5.));
#8859=CARTESIAN_POINT('Ctrl Pts',(3.76822295479174,5.85394600206214,0.));
#8860=CARTESIAN_POINT('Ctrl Pts',(3.76822295479174,5.85394600206214,5.));
#8861=CARTESIAN_POINT('Ctrl Pts',(3.76713361585962,5.87276293825755,0.));
#8862=CARTESIAN_POINT('Ctrl Pts',(3.76713361585962,5.87276293825755,5.));
#8863=CARTESIAN_POINT('Ctrl Pts',(3.76625454004241,5.88689539735523,0.));
#8864=CARTESIAN_POINT('Ctrl Pts',(3.76625454004241,5.88689539735523,5.));
#8865=CARTESIAN_POINT('Ctrl Pts',(3.76564091127923,5.89632581471278,0.));
#8866=CARTESIAN_POINT('Ctrl Pts',(3.76564091127923,5.89632581471278,5.));
#8867=CARTESIAN_POINT('Ctrl Pts',(3.76532720234276,5.90104321788086,0.));
#8868=CARTESIAN_POINT('Ctrl Pts',(3.76532720234276,5.90104321788086,5.));
#8869=CARTESIAN_POINT('Ctrl Pts',(3.49857609843004,4.42139856376188,0.));
#8870=CARTESIAN_POINT('Ctrl Pts',(3.5010589971268,4.42453637881091,0.));
#8871=CARTESIAN_POINT('Ctrl Pts',(3.505921328951,4.43088411565683,0.));
#8872=CARTESIAN_POINT('Ctrl Pts',(3.51290443307211,4.4406220391221,0.));
#8873=CARTESIAN_POINT('Ctrl Pts',(3.52162497742404,4.45401808821774,0.));
#8874=CARTESIAN_POINT('Ctrl Pts',(3.53171896017524,4.47133099114371,0.));
#8875=CARTESIAN_POINT('Ctrl Pts',(3.54123156921918,4.48905977096225,0.));
#8876=CARTESIAN_POINT('Ctrl Pts',(3.5503853094527,4.50705360432618,0.));
#8877=CARTESIAN_POINT('Ctrl Pts',(3.55934568661768,4.52519889297839,0.));
#8878=CARTESIAN_POINT('Ctrl Pts',(3.56817557372724,4.54344969366865,0.));
#8879=CARTESIAN_POINT('Ctrl Pts',(3.57686871574484,4.56180578707913,0.));
#8880=CARTESIAN_POINT('Ctrl Pts',(3.58537710659319,4.58029480688377,0.));
#8881=CARTESIAN_POINT('Ctrl Pts',(3.59363961765196,4.59895352660513,0.));
#8882=CARTESIAN_POINT('Ctrl Pts',(3.60161245225279,4.61780797301123,0.));
#8883=CARTESIAN_POINT('Ctrl Pts',(3.60929163027257,4.63685871371056,0.));
#8884=CARTESIAN_POINT('Ctrl Pts',(3.61669759570559,4.6560907641234,0.));
#8885=CARTESIAN_POINT('Ctrl Pts',(3.6238648847543,4.67548020277839,0.));
#8886=CARTESIAN_POINT('Ctrl Pts',(3.63083042323024,4.69500168317944,0.));
#8887=CARTESIAN_POINT('Ctrl Pts',(3.6376210544972,4.71463643334106,0.));
#8888=CARTESIAN_POINT('Ctrl Pts',(3.64424569103278,4.73437728784237,0.));
#8889=CARTESIAN_POINT('Ctrl Pts',(3.65070227396004,4.75422420539861,0.));
#8890=CARTESIAN_POINT('Ctrl Pts',(3.656982200968,4.77418141330747,0.));
#8891=CARTESIAN_POINT('Ctrl Pts',(3.66307544886121,4.79425410588807,0.));
#8892=CARTESIAN_POINT('Ctrl Pts',(3.66897610485935,4.81444487948959,0.));
#8893=CARTESIAN_POINT('Ctrl Pts',(3.67468540198412,4.8347517741565,0.));
#8894=CARTESIAN_POINT('Ctrl Pts',(3.68020871896201,4.8551701998628,0.));
#8895=CARTESIAN_POINT('Ctrl Pts',(3.68555376428795,4.87569410063912,0.));
#8896=CARTESIAN_POINT('Ctrl Pts',(3.69072843158584,4.89631733048046,0.));
#8897=CARTESIAN_POINT('Ctrl Pts',(3.69573846532085,4.91703515101251,0.));
#8898=CARTESIAN_POINT('Ctrl Pts',(3.70058633501445,4.93784495266485,0.));
#8899=CARTESIAN_POINT('Ctrl Pts',(3.70527254185411,4.95874541271198,0.));
#8900=CARTESIAN_POINT('Ctrl Pts',(3.70979641092874,4.97973598394698,0.));
#8901=CARTESIAN_POINT('Ctrl Pts',(3.71415702633282,5.00081629170111,0.));
#8902=CARTESIAN_POINT('Ctrl Pts',(3.71835425718037,5.02198547234238,0.));
#8903=CARTESIAN_POINT('Ctrl Pts',(3.72238922186334,5.04324187350829,0.));
#8904=CARTESIAN_POINT('Ctrl Pts',(3.72626373610713,5.06458340851486,0.));
#8905=CARTESIAN_POINT('Ctrl Pts',(3.72997998657875,5.08600776573065,0.));
#8906=CARTESIAN_POINT('Ctrl Pts',(3.73354014220263,5.10751265806536,0.));
#8907=CARTESIAN_POINT('Ctrl Pts',(3.73694592888628,5.12909609633413,0.));
#8908=CARTESIAN_POINT('Ctrl Pts',(3.74019844570462,5.15075650662803,0.));
#8909=CARTESIAN_POINT('Ctrl Pts',(3.74329840383403,5.17249257463212,0.));
#8910=CARTESIAN_POINT('Ctrl Pts',(3.74624627187488,5.1943031504964,0.));
#8911=CARTESIAN_POINT('Ctrl Pts',(3.74904244807754,5.21618713659627,0.));
#8912=CARTESIAN_POINT('Ctrl Pts',(3.75168744992005,5.23814336385579,0.));
#8913=CARTESIAN_POINT('Ctrl Pts',(3.75418200090687,5.26017053576881,0.));
#8914=CARTESIAN_POINT('Ctrl Pts',(3.75652692993257,5.2822672954514,0.));
#8915=CARTESIAN_POINT('Ctrl Pts',(3.75872311319115,5.30443226513384,0.));
#8916=CARTESIAN_POINT('Ctrl Pts',(3.76077140448436,5.32666409297218,0.));
#8917=CARTESIAN_POINT('Ctrl Pts',(3.76267256112497,5.3489615039921,0.));
#8918=CARTESIAN_POINT('Ctrl Pts',(3.76442720819495,5.3713233225991,0.));
#8919=CARTESIAN_POINT('Ctrl Pts',(3.76603588085449,5.39374843791368,0.));
#8920=CARTESIAN_POINT('Ctrl Pts',(3.76749905096387,5.41623578055326,0.));
#8921=CARTESIAN_POINT('Ctrl Pts',(3.76881715911599,5.4387842964051,0.));
#8922=CARTESIAN_POINT('Ctrl Pts',(3.76999064982315,5.4613929165128,0.));
#8923=CARTESIAN_POINT('Ctrl Pts',(3.77101999183658,5.48406054368098,0.));
#8924=CARTESIAN_POINT('Ctrl Pts',(3.77190566062956,5.50678607901408,0.));
#8925=CARTESIAN_POINT('Ctrl Pts',(3.77264812938869,5.52956844079039,0.));
#8926=CARTESIAN_POINT('Ctrl Pts',(3.77324785800239,5.55240658416711,0.));
#8927=CARTESIAN_POINT('Ctrl Pts',(3.77370528313414,5.57529952446383,0.));
#8928=CARTESIAN_POINT('Ctrl Pts',(3.77402081145664,5.59824634502212,0.));
#8929=CARTESIAN_POINT('Ctrl Pts',(3.77419482290082,5.62124615845354,0.));
#8930=CARTESIAN_POINT('Ctrl Pts',(3.77422767293115,5.64429807467123,0.));
#8931=CARTESIAN_POINT('Ctrl Pts',(3.77411969618027,5.66740116831708,0.));
#8932=CARTESIAN_POINT('Ctrl Pts',(3.77387121057425,5.69055444024578,0.));
#8933=CARTESIAN_POINT('Ctrl Pts',(3.7734825221001,5.71375679849758,0.));
#8934=CARTESIAN_POINT('Ctrl Pts',(3.77295392899399,5.73700713212345,0.));
#8935=CARTESIAN_POINT('Ctrl Pts',(3.77228572709247,5.7603043725078,0.));
#8936=CARTESIAN_POINT('Ctrl Pts',(3.77147821522841,5.78364755795711,0.));
#8937=CARTESIAN_POINT('Ctrl Pts',(3.77053170283569,5.80703589968108,0.));
#8938=CARTESIAN_POINT('Ctrl Pts',(3.76944651422277,5.83046883836,0.));
#8939=CARTESIAN_POINT('Ctrl Pts',(3.76822295479174,5.85394600206214,0.));
#8940=CARTESIAN_POINT('Ctrl Pts',(3.76713361585962,5.87276293825755,0.));
#8941=CARTESIAN_POINT('Ctrl Pts',(3.76625454004241,5.88689539735523,0.));
#8942=CARTESIAN_POINT('Ctrl Pts',(3.76564091127923,5.89632581471278,0.));
#8943=CARTESIAN_POINT('Ctrl Pts',(3.76532720234276,5.90104321788086,0.));
#8944=CARTESIAN_POINT('Ctrl Pts',(3.49857609843004,4.42139856376188,5.));
#8945=CARTESIAN_POINT('Ctrl Pts',(3.5010589971268,4.42453637881091,5.));
#8946=CARTESIAN_POINT('Ctrl Pts',(3.505921328951,4.43088411565683,5.));
#8947=CARTESIAN_POINT('Ctrl Pts',(3.51290443307211,4.4406220391221,5.));
#8948=CARTESIAN_POINT('Ctrl Pts',(3.52162497742404,4.45401808821774,5.));
#8949=CARTESIAN_POINT('Ctrl Pts',(3.53171896017524,4.47133099114371,5.));
#8950=CARTESIAN_POINT('Ctrl Pts',(3.54123156921918,4.48905977096225,5.));
#8951=CARTESIAN_POINT('Ctrl Pts',(3.5503853094527,4.50705360432618,5.));
#8952=CARTESIAN_POINT('Ctrl Pts',(3.55934568661768,4.52519889297839,5.));
#8953=CARTESIAN_POINT('Ctrl Pts',(3.56817557372724,4.54344969366865,5.));
#8954=CARTESIAN_POINT('Ctrl Pts',(3.57686871574484,4.56180578707913,5.));
#8955=CARTESIAN_POINT('Ctrl Pts',(3.58537710659319,4.58029480688377,5.));
#8956=CARTESIAN_POINT('Ctrl Pts',(3.59363961765196,4.59895352660513,5.));
#8957=CARTESIAN_POINT('Ctrl Pts',(3.60161245225279,4.61780797301123,5.));
#8958=CARTESIAN_POINT('Ctrl Pts',(3.60929163027257,4.63685871371056,5.));
#8959=CARTESIAN_POINT('Ctrl Pts',(3.61669759570559,4.6560907641234,5.));
#8960=CARTESIAN_POINT('Ctrl Pts',(3.6238648847543,4.67548020277839,5.));
#8961=CARTESIAN_POINT('Ctrl Pts',(3.63083042323024,4.69500168317944,5.));
#8962=CARTESIAN_POINT('Ctrl Pts',(3.6376210544972,4.71463643334106,5.));
#8963=CARTESIAN_POINT('Ctrl Pts',(3.64424569103278,4.73437728784237,5.));
#8964=CARTESIAN_POINT('Ctrl Pts',(3.65070227396004,4.75422420539861,5.));
#8965=CARTESIAN_POINT('Ctrl Pts',(3.656982200968,4.77418141330747,5.));
#8966=CARTESIAN_POINT('Ctrl Pts',(3.66307544886121,4.79425410588807,5.));
#8967=CARTESIAN_POINT('Ctrl Pts',(3.66897610485935,4.81444487948959,5.));
#8968=CARTESIAN_POINT('Ctrl Pts',(3.67468540198412,4.8347517741565,5.));
#8969=CARTESIAN_POINT('Ctrl Pts',(3.68020871896201,4.8551701998628,5.));
#8970=CARTESIAN_POINT('Ctrl Pts',(3.68555376428795,4.87569410063912,5.));
#8971=CARTESIAN_POINT('Ctrl Pts',(3.69072843158584,4.89631733048046,5.));
#8972=CARTESIAN_POINT('Ctrl Pts',(3.69573846532085,4.91703515101251,5.));
#8973=CARTESIAN_POINT('Ctrl Pts',(3.70058633501445,4.93784495266485,5.));
#8974=CARTESIAN_POINT('Ctrl Pts',(3.70527254185411,4.95874541271198,5.));
#8975=CARTESIAN_POINT('Ctrl Pts',(3.70979641092874,4.97973598394698,5.));
#8976=CARTESIAN_POINT('Ctrl Pts',(3.71415702633282,5.00081629170111,5.));
#8977=CARTESIAN_POINT('Ctrl Pts',(3.71835425718037,5.02198547234238,5.));
#8978=CARTESIAN_POINT('Ctrl Pts',(3.72238922186334,5.04324187350829,5.));
#8979=CARTESIAN_POINT('Ctrl Pts',(3.72626373610713,5.06458340851486,5.));
#8980=CARTESIAN_POINT('Ctrl Pts',(3.72997998657875,5.08600776573065,5.));
#8981=CARTESIAN_POINT('Ctrl Pts',(3.73354014220263,5.10751265806536,5.));
#8982=CARTESIAN_POINT('Ctrl Pts',(3.73694592888628,5.12909609633413,5.));
#8983=CARTESIAN_POINT('Ctrl Pts',(3.74019844570462,5.15075650662803,5.));
#8984=CARTESIAN_POINT('Ctrl Pts',(3.74329840383403,5.17249257463212,5.));
#8985=CARTESIAN_POINT('Ctrl Pts',(3.74624627187488,5.1943031504964,5.));
#8986=CARTESIAN_POINT('Ctrl Pts',(3.74904244807754,5.21618713659627,5.));
#8987=CARTESIAN_POINT('Ctrl Pts',(3.75168744992005,5.23814336385579,5.));
#8988=CARTESIAN_POINT('Ctrl Pts',(3.75418200090687,5.26017053576881,5.));
#8989=CARTESIAN_POINT('Ctrl Pts',(3.75652692993257,5.2822672954514,5.));
#8990=CARTESIAN_POINT('Ctrl Pts',(3.75872311319115,5.30443226513384,5.));
#8991=CARTESIAN_POINT('Ctrl Pts',(3.76077140448436,5.32666409297218,5.));
#8992=CARTESIAN_POINT('Ctrl Pts',(3.76267256112497,5.3489615039921,5.));
#8993=CARTESIAN_POINT('Ctrl Pts',(3.76442720819495,5.3713233225991,5.));
#8994=CARTESIAN_POINT('Ctrl Pts',(3.76603588085449,5.39374843791368,5.));
#8995=CARTESIAN_POINT('Ctrl Pts',(3.76749905096387,5.41623578055326,5.));
#8996=CARTESIAN_POINT('Ctrl Pts',(3.76881715911599,5.4387842964051,5.));
#8997=CARTESIAN_POINT('Ctrl Pts',(3.76999064982315,5.4613929165128,5.));
#8998=CARTESIAN_POINT('Ctrl Pts',(3.77101999183658,5.48406054368098,5.));
#8999=CARTESIAN_POINT('Ctrl Pts',(3.77190566062956,5.50678607901408,5.));
#9000=CARTESIAN_POINT('Ctrl Pts',(3.77264812938869,5.52956844079039,5.));
#9001=CARTESIAN_POINT('Ctrl Pts',(3.77324785800239,5.55240658416711,5.));
#9002=CARTESIAN_POINT('Ctrl Pts',(3.77370528313414,5.57529952446383,5.));
#9003=CARTESIAN_POINT('Ctrl Pts',(3.77402081145664,5.59824634502212,5.));
#9004=CARTESIAN_POINT('Ctrl Pts',(3.77419482290082,5.62124615845354,5.));
#9005=CARTESIAN_POINT('Ctrl Pts',(3.77422767293115,5.64429807467123,5.));
#9006=CARTESIAN_POINT('Ctrl Pts',(3.77411969618027,5.66740116831708,5.));
#9007=CARTESIAN_POINT('Ctrl Pts',(3.77387121057425,5.69055444024578,5.));
#9008=CARTESIAN_POINT('Ctrl Pts',(3.7734825221001,5.71375679849758,5.));
#9009=CARTESIAN_POINT('Ctrl Pts',(3.77295392899399,5.73700713212345,5.));
#9010=CARTESIAN_POINT('Ctrl Pts',(3.77228572709247,5.7603043725078,5.));
#9011=CARTESIAN_POINT('Ctrl Pts',(3.77147821522841,5.78364755795711,5.));
#9012=CARTESIAN_POINT('Ctrl Pts',(3.77053170283569,5.80703589968108,5.));
#9013=CARTESIAN_POINT('Ctrl Pts',(3.76944651422277,5.83046883836,5.));
#9014=CARTESIAN_POINT('Ctrl Pts',(3.76822295479174,5.85394600206214,5.));
#9015=CARTESIAN_POINT('Ctrl Pts',(3.76713361585962,5.87276293825755,5.));
#9016=CARTESIAN_POINT('Ctrl Pts',(3.76625454004241,5.88689539735523,5.));
#9017=CARTESIAN_POINT('Ctrl Pts',(3.76564091127923,5.89632581471278,5.));
#9018=CARTESIAN_POINT('Ctrl Pts',(3.76532720234276,5.90104321788086,5.));
#9019=CARTESIAN_POINT('Ctrl Pts',(5.90104321788086,3.76532720234275,0.));
#9020=CARTESIAN_POINT('Ctrl Pts',(5.90104321788086,3.76532720234275,5.));
#9021=CARTESIAN_POINT('Ctrl Pts',(5.89632581471278,3.76564091127923,0.));
#9022=CARTESIAN_POINT('Ctrl Pts',(5.89632581471278,3.76564091127923,5.));
#9023=CARTESIAN_POINT('Ctrl Pts',(5.88689539735523,3.76625454004241,0.));
#9024=CARTESIAN_POINT('Ctrl Pts',(5.88689539735523,3.76625454004241,5.));
#9025=CARTESIAN_POINT('Ctrl Pts',(5.87276293825755,3.76713361585962,0.));
#9026=CARTESIAN_POINT('Ctrl Pts',(5.87276293825755,3.76713361585962,5.));
#9027=CARTESIAN_POINT('Ctrl Pts',(5.85394600206214,3.76822295479174,0.));
#9028=CARTESIAN_POINT('Ctrl Pts',(5.85394600206214,3.76822295479174,5.));
#9029=CARTESIAN_POINT('Ctrl Pts',(5.83046883836,3.76944651422276,0.));
#9030=CARTESIAN_POINT('Ctrl Pts',(5.83046883836,3.76944651422276,5.));
#9031=CARTESIAN_POINT('Ctrl Pts',(5.80703589968108,3.77053170283569,0.));
#9032=CARTESIAN_POINT('Ctrl Pts',(5.80703589968108,3.77053170283569,5.));
#9033=CARTESIAN_POINT('Ctrl Pts',(5.78364755795711,3.77147821522841,0.));
#9034=CARTESIAN_POINT('Ctrl Pts',(5.78364755795711,3.77147821522841,5.));
#9035=CARTESIAN_POINT('Ctrl Pts',(5.7603043725078,3.77228572709247,0.));
#9036=CARTESIAN_POINT('Ctrl Pts',(5.7603043725078,3.77228572709247,5.));
#9037=CARTESIAN_POINT('Ctrl Pts',(5.73700713212345,3.77295392899398,0.));
#9038=CARTESIAN_POINT('Ctrl Pts',(5.73700713212345,3.77295392899398,5.));
#9039=CARTESIAN_POINT('Ctrl Pts',(5.71375679849758,3.7734825221001,0.));
#9040=CARTESIAN_POINT('Ctrl Pts',(5.71375679849758,3.7734825221001,5.));
#9041=CARTESIAN_POINT('Ctrl Pts',(5.69055444024578,3.77387121057425,0.));
#9042=CARTESIAN_POINT('Ctrl Pts',(5.69055444024578,3.77387121057425,5.));
#9043=CARTESIAN_POINT('Ctrl Pts',(5.66740116831708,3.77411969618027,0.));
#9044=CARTESIAN_POINT('Ctrl Pts',(5.66740116831708,3.77411969618027,5.));
#9045=CARTESIAN_POINT('Ctrl Pts',(5.64429807467123,3.77422767293115,0.));
#9046=CARTESIAN_POINT('Ctrl Pts',(5.64429807467123,3.77422767293115,5.));
#9047=CARTESIAN_POINT('Ctrl Pts',(5.62124615845354,3.77419482290082,0.));
#9048=CARTESIAN_POINT('Ctrl Pts',(5.62124615845354,3.77419482290082,5.));
#9049=CARTESIAN_POINT('Ctrl Pts',(5.59824634502212,3.77402081145664,0.));
#9050=CARTESIAN_POINT('Ctrl Pts',(5.59824634502212,3.77402081145664,5.));
#9051=CARTESIAN_POINT('Ctrl Pts',(5.57529952446383,3.77370528313414,0.));
#9052=CARTESIAN_POINT('Ctrl Pts',(5.57529952446383,3.77370528313414,5.));
#9053=CARTESIAN_POINT('Ctrl Pts',(5.55240658416711,3.77324785800239,0.));
#9054=CARTESIAN_POINT('Ctrl Pts',(5.55240658416711,3.77324785800239,5.));
#9055=CARTESIAN_POINT('Ctrl Pts',(5.5295684407904,3.77264812938869,0.));
#9056=CARTESIAN_POINT('Ctrl Pts',(5.5295684407904,3.77264812938869,5.));
#9057=CARTESIAN_POINT('Ctrl Pts',(5.50678607901408,3.77190566062956,0.));
#9058=CARTESIAN_POINT('Ctrl Pts',(5.50678607901408,3.77190566062956,5.));
#9059=CARTESIAN_POINT('Ctrl Pts',(5.48406054368099,3.77101999183658,0.));
#9060=CARTESIAN_POINT('Ctrl Pts',(5.48406054368099,3.77101999183658,5.));
#9061=CARTESIAN_POINT('Ctrl Pts',(5.4613929165128,3.76999064982315,0.));
#9062=CARTESIAN_POINT('Ctrl Pts',(5.4613929165128,3.76999064982315,5.));
#9063=CARTESIAN_POINT('Ctrl Pts',(5.4387842964051,3.76881715911599,0.));
#9064=CARTESIAN_POINT('Ctrl Pts',(5.4387842964051,3.76881715911599,5.));
#9065=CARTESIAN_POINT('Ctrl Pts',(5.41623578055326,3.76749905096387,0.));
#9066=CARTESIAN_POINT('Ctrl Pts',(5.41623578055326,3.76749905096387,5.));
#9067=CARTESIAN_POINT('Ctrl Pts',(5.39374843791368,3.76603588085449,0.));
#9068=CARTESIAN_POINT('Ctrl Pts',(5.39374843791368,3.76603588085449,5.));
#9069=CARTESIAN_POINT('Ctrl Pts',(5.3713233225991,3.76442720819495,0.));
#9070=CARTESIAN_POINT('Ctrl Pts',(5.3713233225991,3.76442720819495,5.));
#9071=CARTESIAN_POINT('Ctrl Pts',(5.3489615039921,3.76267256112497,0.));
#9072=CARTESIAN_POINT('Ctrl Pts',(5.3489615039921,3.76267256112497,5.));
#9073=CARTESIAN_POINT('Ctrl Pts',(5.32666409297218,3.76077140448436,0.));
#9074=CARTESIAN_POINT('Ctrl Pts',(5.32666409297218,3.76077140448436,5.));
#9075=CARTESIAN_POINT('Ctrl Pts',(5.30443226513384,3.75872311319115,0.));
#9076=CARTESIAN_POINT('Ctrl Pts',(5.30443226513384,3.75872311319115,5.));
#9077=CARTESIAN_POINT('Ctrl Pts',(5.2822672954514,3.75652692993257,0.));
#9078=CARTESIAN_POINT('Ctrl Pts',(5.2822672954514,3.75652692993257,5.));
#9079=CARTESIAN_POINT('Ctrl Pts',(5.26017053576881,3.75418200090687,0.));
#9080=CARTESIAN_POINT('Ctrl Pts',(5.26017053576881,3.75418200090687,5.));
#9081=CARTESIAN_POINT('Ctrl Pts',(5.23814336385579,3.75168744992005,0.));
#9082=CARTESIAN_POINT('Ctrl Pts',(5.23814336385579,3.75168744992005,5.));
#9083=CARTESIAN_POINT('Ctrl Pts',(5.21618713659627,3.74904244807754,0.));
#9084=CARTESIAN_POINT('Ctrl Pts',(5.21618713659627,3.74904244807754,5.));
#9085=CARTESIAN_POINT('Ctrl Pts',(5.1943031504964,3.74624627187488,0.));
#9086=CARTESIAN_POINT('Ctrl Pts',(5.1943031504964,3.74624627187488,5.));
#9087=CARTESIAN_POINT('Ctrl Pts',(5.17249257463212,3.74329840383403,0.));
#9088=CARTESIAN_POINT('Ctrl Pts',(5.17249257463212,3.74329840383403,5.));
#9089=CARTESIAN_POINT('Ctrl Pts',(5.15075650662803,3.74019844570462,0.));
#9090=CARTESIAN_POINT('Ctrl Pts',(5.15075650662803,3.74019844570462,5.));
#9091=CARTESIAN_POINT('Ctrl Pts',(5.12909609633413,3.73694592888628,0.));
#9092=CARTESIAN_POINT('Ctrl Pts',(5.12909609633413,3.73694592888628,5.));
#9093=CARTESIAN_POINT('Ctrl Pts',(5.10751265806536,3.73354014220263,0.));
#9094=CARTESIAN_POINT('Ctrl Pts',(5.10751265806536,3.73354014220263,5.));
#9095=CARTESIAN_POINT('Ctrl Pts',(5.08600776573065,3.72997998657875,0.));
#9096=CARTESIAN_POINT('Ctrl Pts',(5.08600776573065,3.72997998657875,5.));
#9097=CARTESIAN_POINT('Ctrl Pts',(5.06458340851486,3.72626373610713,0.));
#9098=CARTESIAN_POINT('Ctrl Pts',(5.06458340851486,3.72626373610713,5.));
#9099=CARTESIAN_POINT('Ctrl Pts',(5.04324187350829,3.72238922186334,0.));
#9100=CARTESIAN_POINT('Ctrl Pts',(5.04324187350829,3.72238922186334,5.));
#9101=CARTESIAN_POINT('Ctrl Pts',(5.02198547234238,3.71835425718037,0.));
#9102=CARTESIAN_POINT('Ctrl Pts',(5.02198547234238,3.71835425718037,5.));
#9103=CARTESIAN_POINT('Ctrl Pts',(5.00081629170111,3.71415702633282,0.));
#9104=CARTESIAN_POINT('Ctrl Pts',(5.00081629170111,3.71415702633282,5.));
#9105=CARTESIAN_POINT('Ctrl Pts',(4.97973598394698,3.70979641092874,0.));
#9106=CARTESIAN_POINT('Ctrl Pts',(4.97973598394698,3.70979641092874,5.));
#9107=CARTESIAN_POINT('Ctrl Pts',(4.95874541271198,3.70527254185411,0.));
#9108=CARTESIAN_POINT('Ctrl Pts',(4.95874541271198,3.70527254185411,5.));
#9109=CARTESIAN_POINT('Ctrl Pts',(4.93784495266485,3.70058633501445,0.));
#9110=CARTESIAN_POINT('Ctrl Pts',(4.93784495266485,3.70058633501445,5.));
#9111=CARTESIAN_POINT('Ctrl Pts',(4.91703515101251,3.69573846532085,0.));
#9112=CARTESIAN_POINT('Ctrl Pts',(4.91703515101251,3.69573846532085,5.));
#9113=CARTESIAN_POINT('Ctrl Pts',(4.89631733048046,3.69072843158583,0.));
#9114=CARTESIAN_POINT('Ctrl Pts',(4.89631733048046,3.69072843158583,5.));
#9115=CARTESIAN_POINT('Ctrl Pts',(4.87569410063912,3.68555376428795,0.));
#9116=CARTESIAN_POINT('Ctrl Pts',(4.87569410063912,3.68555376428795,5.));
#9117=CARTESIAN_POINT('Ctrl Pts',(4.8551701998628,3.68020871896201,0.));
#9118=CARTESIAN_POINT('Ctrl Pts',(4.8551701998628,3.68020871896201,5.));
#9119=CARTESIAN_POINT('Ctrl Pts',(4.83475177415651,3.67468540198412,0.));
#9120=CARTESIAN_POINT('Ctrl Pts',(4.83475177415651,3.67468540198412,5.));
#9121=CARTESIAN_POINT('Ctrl Pts',(4.81444487948959,3.66897610485935,0.));
#9122=CARTESIAN_POINT('Ctrl Pts',(4.81444487948959,3.66897610485935,5.));
#9123=CARTESIAN_POINT('Ctrl Pts',(4.79425410588807,3.66307544886121,0.));
#9124=CARTESIAN_POINT('Ctrl Pts',(4.79425410588807,3.66307544886121,5.));
#9125=CARTESIAN_POINT('Ctrl Pts',(4.77418141330747,3.656982200968,0.));
#9126=CARTESIAN_POINT('Ctrl Pts',(4.77418141330747,3.656982200968,5.));
#9127=CARTESIAN_POINT('Ctrl Pts',(4.75422420539861,3.65070227396004,0.));
#9128=CARTESIAN_POINT('Ctrl Pts',(4.75422420539861,3.65070227396004,5.));
#9129=CARTESIAN_POINT('Ctrl Pts',(4.73437728784237,3.64424569103278,0.));
#9130=CARTESIAN_POINT('Ctrl Pts',(4.73437728784237,3.64424569103278,5.));
#9131=CARTESIAN_POINT('Ctrl Pts',(4.71463643334106,3.6376210544972,0.));
#9132=CARTESIAN_POINT('Ctrl Pts',(4.71463643334106,3.6376210544972,5.));
#9133=CARTESIAN_POINT('Ctrl Pts',(4.69500168317944,3.63083042323024,0.));
#9134=CARTESIAN_POINT('Ctrl Pts',(4.69500168317944,3.63083042323024,5.));
#9135=CARTESIAN_POINT('Ctrl Pts',(4.67548020277839,3.6238648847543,0.));
#9136=CARTESIAN_POINT('Ctrl Pts',(4.67548020277839,3.6238648847543,5.));
#9137=CARTESIAN_POINT('Ctrl Pts',(4.6560907641234,3.61669759570559,0.));
#9138=CARTESIAN_POINT('Ctrl Pts',(4.6560907641234,3.61669759570559,5.));
#9139=CARTESIAN_POINT('Ctrl Pts',(4.63685871371056,3.60929163027257,0.));
#9140=CARTESIAN_POINT('Ctrl Pts',(4.63685871371056,3.60929163027257,5.));
#9141=CARTESIAN_POINT('Ctrl Pts',(4.61780797301123,3.60161245225279,0.));
#9142=CARTESIAN_POINT('Ctrl Pts',(4.61780797301123,3.60161245225279,5.));
#9143=CARTESIAN_POINT('Ctrl Pts',(4.59895352660513,3.59363961765196,0.));
#9144=CARTESIAN_POINT('Ctrl Pts',(4.59895352660513,3.59363961765196,5.));
#9145=CARTESIAN_POINT('Ctrl Pts',(4.58029480688377,3.58537710659318,0.));
#9146=CARTESIAN_POINT('Ctrl Pts',(4.58029480688377,3.58537710659318,5.));
#9147=CARTESIAN_POINT('Ctrl Pts',(4.56180578707914,3.57686871574483,0.));
#9148=CARTESIAN_POINT('Ctrl Pts',(4.56180578707914,3.57686871574483,5.));
#9149=CARTESIAN_POINT('Ctrl Pts',(4.54344969366865,3.56817557372724,0.));
#9150=CARTESIAN_POINT('Ctrl Pts',(4.54344969366865,3.56817557372724,5.));
#9151=CARTESIAN_POINT('Ctrl Pts',(4.52519889297839,3.55934568661768,0.));
#9152=CARTESIAN_POINT('Ctrl Pts',(4.52519889297839,3.55934568661768,5.));
#9153=CARTESIAN_POINT('Ctrl Pts',(4.50705360432618,3.5503853094527,0.));
#9154=CARTESIAN_POINT('Ctrl Pts',(4.50705360432618,3.5503853094527,5.));
#9155=CARTESIAN_POINT('Ctrl Pts',(4.48905977096225,3.54123156921918,0.));
#9156=CARTESIAN_POINT('Ctrl Pts',(4.48905977096225,3.54123156921918,5.));
#9157=CARTESIAN_POINT('Ctrl Pts',(4.47133099114371,3.53171896017523,0.));
#9158=CARTESIAN_POINT('Ctrl Pts',(4.47133099114371,3.53171896017523,5.));
#9159=CARTESIAN_POINT('Ctrl Pts',(4.45401808821774,3.52162497742404,0.));
#9160=CARTESIAN_POINT('Ctrl Pts',(4.45401808821774,3.52162497742404,5.));
#9161=CARTESIAN_POINT('Ctrl Pts',(4.4406220391221,3.51290443307211,0.));
#9162=CARTESIAN_POINT('Ctrl Pts',(4.4406220391221,3.51290443307211,5.));
#9163=CARTESIAN_POINT('Ctrl Pts',(4.43088411565683,3.505921328951,0.));
#9164=CARTESIAN_POINT('Ctrl Pts',(4.43088411565683,3.505921328951,5.));
#9165=CARTESIAN_POINT('Ctrl Pts',(4.42453637881091,3.5010589971268,0.));
#9166=CARTESIAN_POINT('Ctrl Pts',(4.42453637881091,3.5010589971268,5.));
#9167=CARTESIAN_POINT('Ctrl Pts',(4.42139856376188,3.49857609843004,0.));
#9168=CARTESIAN_POINT('Ctrl Pts',(4.42139856376188,3.49857609843004,5.));
#9169=CARTESIAN_POINT('',(5.90104321788086,3.76532720234275,0.));
#9170=CARTESIAN_POINT('Ctrl Pts',(4.42139856376188,3.49857609843004,0.));
#9171=CARTESIAN_POINT('Ctrl Pts',(4.42453637881091,3.5010589971268,0.));
#9172=CARTESIAN_POINT('Ctrl Pts',(4.43088411565683,3.505921328951,0.));
#9173=CARTESIAN_POINT('Ctrl Pts',(4.4406220391221,3.51290443307211,0.));
#9174=CARTESIAN_POINT('Ctrl Pts',(4.45401808821774,3.52162497742404,0.));
#9175=CARTESIAN_POINT('Ctrl Pts',(4.47133099114371,3.53171896017523,0.));
#9176=CARTESIAN_POINT('Ctrl Pts',(4.48905977096225,3.54123156921918,0.));
#9177=CARTESIAN_POINT('Ctrl Pts',(4.50705360432618,3.5503853094527,0.));
#9178=CARTESIAN_POINT('Ctrl Pts',(4.52519889297839,3.55934568661768,0.));
#9179=CARTESIAN_POINT('Ctrl Pts',(4.54344969366865,3.56817557372724,0.));
#9180=CARTESIAN_POINT('Ctrl Pts',(4.56180578707914,3.57686871574483,0.));
#9181=CARTESIAN_POINT('Ctrl Pts',(4.58029480688377,3.58537710659318,0.));
#9182=CARTESIAN_POINT('Ctrl Pts',(4.59895352660513,3.59363961765196,0.));
#9183=CARTESIAN_POINT('Ctrl Pts',(4.61780797301123,3.60161245225279,0.));
#9184=CARTESIAN_POINT('Ctrl Pts',(4.63685871371056,3.60929163027257,0.));
#9185=CARTESIAN_POINT('Ctrl Pts',(4.6560907641234,3.61669759570559,0.));
#9186=CARTESIAN_POINT('Ctrl Pts',(4.67548020277839,3.6238648847543,0.));
#9187=CARTESIAN_POINT('Ctrl Pts',(4.69500168317944,3.63083042323024,0.));
#9188=CARTESIAN_POINT('Ctrl Pts',(4.71463643334106,3.6376210544972,0.));
#9189=CARTESIAN_POINT('Ctrl Pts',(4.73437728784237,3.64424569103278,0.));
#9190=CARTESIAN_POINT('Ctrl Pts',(4.75422420539861,3.65070227396004,0.));
#9191=CARTESIAN_POINT('Ctrl Pts',(4.77418141330747,3.656982200968,0.));
#9192=CARTESIAN_POINT('Ctrl Pts',(4.79425410588807,3.66307544886121,0.));
#9193=CARTESIAN_POINT('Ctrl Pts',(4.81444487948959,3.66897610485935,0.));
#9194=CARTESIAN_POINT('Ctrl Pts',(4.83475177415651,3.67468540198412,0.));
#9195=CARTESIAN_POINT('Ctrl Pts',(4.8551701998628,3.68020871896201,0.));
#9196=CARTESIAN_POINT('Ctrl Pts',(4.87569410063912,3.68555376428795,0.));
#9197=CARTESIAN_POINT('Ctrl Pts',(4.89631733048046,3.69072843158583,0.));
#9198=CARTESIAN_POINT('Ctrl Pts',(4.91703515101251,3.69573846532085,0.));
#9199=CARTESIAN_POINT('Ctrl Pts',(4.93784495266485,3.70058633501445,0.));
#9200=CARTESIAN_POINT('Ctrl Pts',(4.95874541271198,3.70527254185411,0.));
#9201=CARTESIAN_POINT('Ctrl Pts',(4.97973598394698,3.70979641092874,0.));
#9202=CARTESIAN_POINT('Ctrl Pts',(5.00081629170111,3.71415702633282,0.));
#9203=CARTESIAN_POINT('Ctrl Pts',(5.02198547234238,3.71835425718037,0.));
#9204=CARTESIAN_POINT('Ctrl Pts',(5.04324187350829,3.72238922186334,0.));
#9205=CARTESIAN_POINT('Ctrl Pts',(5.06458340851486,3.72626373610713,0.));
#9206=CARTESIAN_POINT('Ctrl Pts',(5.08600776573065,3.72997998657875,0.));
#9207=CARTESIAN_POINT('Ctrl Pts',(5.10751265806536,3.73354014220263,0.));
#9208=CARTESIAN_POINT('Ctrl Pts',(5.12909609633413,3.73694592888628,0.));
#9209=CARTESIAN_POINT('Ctrl Pts',(5.15075650662803,3.74019844570462,0.));
#9210=CARTESIAN_POINT('Ctrl Pts',(5.17249257463212,3.74329840383403,0.));
#9211=CARTESIAN_POINT('Ctrl Pts',(5.1943031504964,3.74624627187488,0.));
#9212=CARTESIAN_POINT('Ctrl Pts',(5.21618713659627,3.74904244807754,0.));
#9213=CARTESIAN_POINT('Ctrl Pts',(5.23814336385579,3.75168744992005,0.));
#9214=CARTESIAN_POINT('Ctrl Pts',(5.26017053576881,3.75418200090687,0.));
#9215=CARTESIAN_POINT('Ctrl Pts',(5.2822672954514,3.75652692993257,0.));
#9216=CARTESIAN_POINT('Ctrl Pts',(5.30443226513384,3.75872311319115,0.));
#9217=CARTESIAN_POINT('Ctrl Pts',(5.32666409297218,3.76077140448436,0.));
#9218=CARTESIAN_POINT('Ctrl Pts',(5.3489615039921,3.76267256112497,0.));
#9219=CARTESIAN_POINT('Ctrl Pts',(5.3713233225991,3.76442720819495,0.));
#9220=CARTESIAN_POINT('Ctrl Pts',(5.39374843791368,3.76603588085449,0.));
#9221=CARTESIAN_POINT('Ctrl Pts',(5.41623578055326,3.76749905096387,0.));
#9222=CARTESIAN_POINT('Ctrl Pts',(5.4387842964051,3.76881715911599,0.));
#9223=CARTESIAN_POINT('Ctrl Pts',(5.4613929165128,3.76999064982315,0.));
#9224=CARTESIAN_POINT('Ctrl Pts',(5.48406054368099,3.77101999183658,0.));
#9225=CARTESIAN_POINT('Ctrl Pts',(5.50678607901408,3.77190566062956,0.));
#9226=CARTESIAN_POINT('Ctrl Pts',(5.5295684407904,3.77264812938869,0.));
#9227=CARTESIAN_POINT('Ctrl Pts',(5.55240658416711,3.77324785800239,0.));
#9228=CARTESIAN_POINT('Ctrl Pts',(5.57529952446383,3.77370528313414,0.));
#9229=CARTESIAN_POINT('Ctrl Pts',(5.59824634502212,3.77402081145664,0.));
#9230=CARTESIAN_POINT('Ctrl Pts',(5.62124615845354,3.77419482290082,0.));
#9231=CARTESIAN_POINT('Ctrl Pts',(5.64429807467123,3.77422767293115,0.));
#9232=CARTESIAN_POINT('Ctrl Pts',(5.66740116831708,3.77411969618027,0.));
#9233=CARTESIAN_POINT('Ctrl Pts',(5.69055444024578,3.77387121057425,0.));
#9234=CARTESIAN_POINT('Ctrl Pts',(5.71375679849758,3.7734825221001,0.));
#9235=CARTESIAN_POINT('Ctrl Pts',(5.73700713212345,3.77295392899398,0.));
#9236=CARTESIAN_POINT('Ctrl Pts',(5.7603043725078,3.77228572709247,0.));
#9237=CARTESIAN_POINT('Ctrl Pts',(5.78364755795711,3.77147821522841,0.));
#9238=CARTESIAN_POINT('Ctrl Pts',(5.80703589968108,3.77053170283569,0.));
#9239=CARTESIAN_POINT('Ctrl Pts',(5.83046883836,3.76944651422276,0.));
#9240=CARTESIAN_POINT('Ctrl Pts',(5.85394600206214,3.76822295479174,0.));
#9241=CARTESIAN_POINT('Ctrl Pts',(5.87276293825755,3.76713361585962,0.));
#9242=CARTESIAN_POINT('Ctrl Pts',(5.88689539735523,3.76625454004241,0.));
#9243=CARTESIAN_POINT('Ctrl Pts',(5.89632581471278,3.76564091127923,0.));
#9244=CARTESIAN_POINT('Ctrl Pts',(5.90104321788086,3.76532720234275,0.));
#9245=CARTESIAN_POINT('',(5.90104321788086,3.76532720234275,5.));
#9246=CARTESIAN_POINT('Ctrl Pts',(5.90104321788086,3.76532720234275,5.));
#9247=CARTESIAN_POINT('Ctrl Pts',(5.89632581471278,3.76564091127923,5.));
#9248=CARTESIAN_POINT('Ctrl Pts',(5.88689539735523,3.76625454004241,5.));
#9249=CARTESIAN_POINT('Ctrl Pts',(5.87276293825755,3.76713361585962,5.));
#9250=CARTESIAN_POINT('Ctrl Pts',(5.85394600206214,3.76822295479174,5.));
#9251=CARTESIAN_POINT('Ctrl Pts',(5.83046883836,3.76944651422276,5.));
#9252=CARTESIAN_POINT('Ctrl Pts',(5.80703589968108,3.77053170283569,5.));
#9253=CARTESIAN_POINT('Ctrl Pts',(5.78364755795711,3.77147821522841,5.));
#9254=CARTESIAN_POINT('Ctrl Pts',(5.7603043725078,3.77228572709247,5.));
#9255=CARTESIAN_POINT('Ctrl Pts',(5.73700713212345,3.77295392899398,5.));
#9256=CARTESIAN_POINT('Ctrl Pts',(5.71375679849758,3.7734825221001,5.));
#9257=CARTESIAN_POINT('Ctrl Pts',(5.69055444024578,3.77387121057425,5.));
#9258=CARTESIAN_POINT('Ctrl Pts',(5.66740116831708,3.77411969618027,5.));
#9259=CARTESIAN_POINT('Ctrl Pts',(5.64429807467123,3.77422767293115,5.));
#9260=CARTESIAN_POINT('Ctrl Pts',(5.62124615845354,3.77419482290082,5.));
#9261=CARTESIAN_POINT('Ctrl Pts',(5.59824634502212,3.77402081145664,5.));
#9262=CARTESIAN_POINT('Ctrl Pts',(5.57529952446383,3.77370528313414,5.));
#9263=CARTESIAN_POINT('Ctrl Pts',(5.55240658416711,3.77324785800239,5.));
#9264=CARTESIAN_POINT('Ctrl Pts',(5.5295684407904,3.77264812938869,5.));
#9265=CARTESIAN_POINT('Ctrl Pts',(5.50678607901408,3.77190566062956,5.));
#9266=CARTESIAN_POINT('Ctrl Pts',(5.48406054368099,3.77101999183658,5.));
#9267=CARTESIAN_POINT('Ctrl Pts',(5.4613929165128,3.76999064982315,5.));
#9268=CARTESIAN_POINT('Ctrl Pts',(5.4387842964051,3.76881715911599,5.));
#9269=CARTESIAN_POINT('Ctrl Pts',(5.41623578055326,3.76749905096387,5.));
#9270=CARTESIAN_POINT('Ctrl Pts',(5.39374843791368,3.76603588085449,5.));
#9271=CARTESIAN_POINT('Ctrl Pts',(5.3713233225991,3.76442720819495,5.));
#9272=CARTESIAN_POINT('Ctrl Pts',(5.3489615039921,3.76267256112497,5.));
#9273=CARTESIAN_POINT('Ctrl Pts',(5.32666409297218,3.76077140448436,5.));
#9274=CARTESIAN_POINT('Ctrl Pts',(5.30443226513384,3.75872311319115,5.));
#9275=CARTESIAN_POINT('Ctrl Pts',(5.2822672954514,3.75652692993257,5.));
#9276=CARTESIAN_POINT('Ctrl Pts',(5.26017053576881,3.75418200090687,5.));
#9277=CARTESIAN_POINT('Ctrl Pts',(5.23814336385579,3.75168744992005,5.));
#9278=CARTESIAN_POINT('Ctrl Pts',(5.21618713659627,3.74904244807754,5.));
#9279=CARTESIAN_POINT('Ctrl Pts',(5.1943031504964,3.74624627187488,5.));
#9280=CARTESIAN_POINT('Ctrl Pts',(5.17249257463212,3.74329840383403,5.));
#9281=CARTESIAN_POINT('Ctrl Pts',(5.15075650662803,3.74019844570462,5.));
#9282=CARTESIAN_POINT('Ctrl Pts',(5.12909609633413,3.73694592888628,5.));
#9283=CARTESIAN_POINT('Ctrl Pts',(5.10751265806536,3.73354014220263,5.));
#9284=CARTESIAN_POINT('Ctrl Pts',(5.08600776573065,3.72997998657875,5.));
#9285=CARTESIAN_POINT('Ctrl Pts',(5.06458340851486,3.72626373610713,5.));
#9286=CARTESIAN_POINT('Ctrl Pts',(5.04324187350829,3.72238922186334,5.));
#9287=CARTESIAN_POINT('Ctrl Pts',(5.02198547234238,3.71835425718037,5.));
#9288=CARTESIAN_POINT('Ctrl Pts',(5.00081629170111,3.71415702633282,5.));
#9289=CARTESIAN_POINT('Ctrl Pts',(4.97973598394698,3.70979641092874,5.));
#9290=CARTESIAN_POINT('Ctrl Pts',(4.95874541271198,3.70527254185411,5.));
#9291=CARTESIAN_POINT('Ctrl Pts',(4.93784495266485,3.70058633501445,5.));
#9292=CARTESIAN_POINT('Ctrl Pts',(4.91703515101251,3.69573846532085,5.));
#9293=CARTESIAN_POINT('Ctrl Pts',(4.89631733048046,3.69072843158583,5.));
#9294=CARTESIAN_POINT('Ctrl Pts',(4.87569410063912,3.68555376428795,5.));
#9295=CARTESIAN_POINT('Ctrl Pts',(4.8551701998628,3.68020871896201,5.));
#9296=CARTESIAN_POINT('Ctrl Pts',(4.83475177415651,3.67468540198412,5.));
#9297=CARTESIAN_POINT('Ctrl Pts',(4.81444487948959,3.66897610485935,5.));
#9298=CARTESIAN_POINT('Ctrl Pts',(4.79425410588807,3.66307544886121,5.));
#9299=CARTESIAN_POINT('Ctrl Pts',(4.77418141330747,3.656982200968,5.));
#9300=CARTESIAN_POINT('Ctrl Pts',(4.75422420539861,3.65070227396004,5.));
#9301=CARTESIAN_POINT('Ctrl Pts',(4.73437728784237,3.64424569103278,5.));
#9302=CARTESIAN_POINT('Ctrl Pts',(4.71463643334106,3.6376210544972,5.));
#9303=CARTESIAN_POINT('Ctrl Pts',(4.69500168317944,3.63083042323024,5.));
#9304=CARTESIAN_POINT('Ctrl Pts',(4.67548020277839,3.6238648847543,5.));
#9305=CARTESIAN_POINT('Ctrl Pts',(4.6560907641234,3.61669759570559,5.));
#9306=CARTESIAN_POINT('Ctrl Pts',(4.63685871371056,3.60929163027257,5.));
#9307=CARTESIAN_POINT('Ctrl Pts',(4.61780797301123,3.60161245225279,5.));
#9308=CARTESIAN_POINT('Ctrl Pts',(4.59895352660513,3.59363961765196,5.));
#9309=CARTESIAN_POINT('Ctrl Pts',(4.58029480688377,3.58537710659318,5.));
#9310=CARTESIAN_POINT('Ctrl Pts',(4.56180578707914,3.57686871574483,5.));
#9311=CARTESIAN_POINT('Ctrl Pts',(4.54344969366865,3.56817557372724,5.));
#9312=CARTESIAN_POINT('Ctrl Pts',(4.52519889297839,3.55934568661768,5.));
#9313=CARTESIAN_POINT('Ctrl Pts',(4.50705360432618,3.5503853094527,5.));
#9314=CARTESIAN_POINT('Ctrl Pts',(4.48905977096225,3.54123156921918,5.));
#9315=CARTESIAN_POINT('Ctrl Pts',(4.47133099114371,3.53171896017523,5.));
#9316=CARTESIAN_POINT('Ctrl Pts',(4.45401808821774,3.52162497742404,5.));
#9317=CARTESIAN_POINT('Ctrl Pts',(4.4406220391221,3.51290443307211,5.));
#9318=CARTESIAN_POINT('Ctrl Pts',(4.43088411565683,3.505921328951,5.));
#9319=CARTESIAN_POINT('Ctrl Pts',(4.42453637881091,3.5010589971268,5.));
#9320=CARTESIAN_POINT('Ctrl Pts',(4.42139856376188,3.49857609843004,5.));
#9321=CARTESIAN_POINT('',(5.90104321788086,3.76532720234275,0.));
#9322=CARTESIAN_POINT('Origin',(7.72069518583001E-13,4.45754544387E-13,
0.));
#9323=CARTESIAN_POINT('',(6.21139061972984,3.22778973434332,0.));
#9324=CARTESIAN_POINT('Origin',(7.72069518583001E-13,4.45754544387E-13,
0.));
#9325=CARTESIAN_POINT('',(6.21139061972984,3.22778973434332,5.));
#9326=CARTESIAN_POINT('Origin',(7.72069518583001E-13,4.45754544387E-13,
5.));
#9327=CARTESIAN_POINT('',(6.21139061972984,3.22778973434332,0.));
#9328=CARTESIAN_POINT('Ctrl Pts',(5.2405550601944,2.0797554272588,0.));
#9329=CARTESIAN_POINT('Ctrl Pts',(5.2405550601944,2.0797554272588,5.));
#9330=CARTESIAN_POINT('Ctrl Pts',(5.24427422106534,2.08123140545526,0.));
#9331=CARTESIAN_POINT('Ctrl Pts',(5.24427422106534,2.08123140545526,5.));
#9332=CARTESIAN_POINT('Ctrl Pts',(5.25165899236968,2.08429754090826,0.));
#9333=CARTESIAN_POINT('Ctrl Pts',(5.25165899236968,2.08429754090826,5.));
#9334=CARTESIAN_POINT('Ctrl Pts',(5.26257549966847,2.08923927794874,0.));
#9335=CARTESIAN_POINT('Ctrl Pts',(5.26257549966847,2.08923927794874,5.));
#9336=CARTESIAN_POINT('Ctrl Pts',(5.27682573715989,2.09648032459994,0.));
#9337=CARTESIAN_POINT('Ctrl Pts',(5.27682573715989,2.09648032459994,5.));
#9338=CARTESIAN_POINT('Ctrl Pts',(5.29422383411077,2.10642674697148,0.));
#9339=CARTESIAN_POINT('Ctrl Pts',(5.29422383411077,2.10642674697148,5.));
#9340=CARTESIAN_POINT('Ctrl Pts',(5.31132638510836,2.11702401615047,0.));
#9341=CARTESIAN_POINT('Ctrl Pts',(5.31132638510836,2.11702401615047,5.));
#9342=CARTESIAN_POINT('Ctrl Pts',(5.32825067337221,2.12803026283834,0.));
#9343=CARTESIAN_POINT('Ctrl Pts',(5.32825067337221,2.12803026283834,5.));
#9344=CARTESIAN_POINT('Ctrl Pts',(5.34508323195067,2.13926435518766,0.));
#9345=CARTESIAN_POINT('Ctrl Pts',(5.34508323195067,2.13926435518766,5.));
#9346=CARTESIAN_POINT('Ctrl Pts',(5.36185553884522,2.15065506867005,0.));
#9347=CARTESIAN_POINT('Ctrl Pts',(5.36185553884522,2.15065506867005,5.));
#9348=CARTESIAN_POINT('Ctrl Pts',(5.37856206737641,2.16220534086898,0.));
#9349=CARTESIAN_POINT('Ctrl Pts',(5.37856206737641,2.16220534086898,5.));
#9350=CARTESIAN_POINT('Ctrl Pts',(5.39517505989873,2.17396310628669,0.));
#9351=CARTESIAN_POINT('Ctrl Pts',(5.39517505989873,2.17396310628669,5.));
#9352=CARTESIAN_POINT('Ctrl Pts',(5.41165996423536,2.18599077603809,0.));
#9353=CARTESIAN_POINT('Ctrl Pts',(5.41165996423536,2.18599077603809,5.));
#9354=CARTESIAN_POINT('Ctrl Pts',(5.4279918647429,2.19833278829965,0.));
#9355=CARTESIAN_POINT('Ctrl Pts',(5.4279918647429,2.19833278829965,5.));
#9356=CARTESIAN_POINT('Ctrl Pts',(5.44416759833788,2.2109916246963,0.));
#9357=CARTESIAN_POINT('Ctrl Pts',(5.44416759833788,2.2109916246963,5.));
#9358=CARTESIAN_POINT('Ctrl Pts',(5.46019737774884,2.22394408620417,0.));
#9359=CARTESIAN_POINT('Ctrl Pts',(5.46019737774884,2.22394408620417,5.));
#9360=CARTESIAN_POINT('Ctrl Pts',(5.47609915146879,2.23715218812015,0.));
#9361=CARTESIAN_POINT('Ctrl Pts',(5.47609915146879,2.23715218812015,5.));
#9362=CARTESIAN_POINT('Ctrl Pts',(5.49189222494051,2.25057551682897,0.));
#9363=CARTESIAN_POINT('Ctrl Pts',(5.49189222494051,2.25057551682897,5.));
#9364=CARTESIAN_POINT('Ctrl Pts',(5.50759045920624,2.26418439363242,0.));
#9365=CARTESIAN_POINT('Ctrl Pts',(5.50759045920624,2.26418439363242,5.));
#9366=CARTESIAN_POINT('Ctrl Pts',(5.52319798998755,2.27796815685517,0.));
#9367=CARTESIAN_POINT('Ctrl Pts',(5.52319798998755,2.27796815685517,5.));
#9368=CARTESIAN_POINT('Ctrl Pts',(5.53871301360232,2.29192780018207,0.));
#9369=CARTESIAN_POINT('Ctrl Pts',(5.53871301360232,2.29192780018207,5.));
#9370=CARTESIAN_POINT('Ctrl Pts',(5.55413019387955,2.30607128571576,0.));
#9371=CARTESIAN_POINT('Ctrl Pts',(5.55413019387955,2.30607128571576,5.));
#9372=CARTESIAN_POINT('Ctrl Pts',(5.56944344763693,2.32040812346632,0.));
#9373=CARTESIAN_POINT('Ctrl Pts',(5.56944344763693,2.32040812346632,5.));
#9374=CARTESIAN_POINT('Ctrl Pts',(5.58464895243107,2.33494351832822,0.));
#9375=CARTESIAN_POINT('Ctrl Pts',(5.58464895243107,2.33494351832822,5.));
#9376=CARTESIAN_POINT('Ctrl Pts',(5.59974679611233,2.34967515641936,0.));
#9377=CARTESIAN_POINT('Ctrl Pts',(5.59974679611233,2.34967515641936,5.));
#9378=CARTESIAN_POINT('Ctrl Pts',(5.61473934178149,2.36459637329735,0.));
#9379=CARTESIAN_POINT('Ctrl Pts',(5.61473934178149,2.36459637329735,5.));
#9380=CARTESIAN_POINT('Ctrl Pts',(5.62963023720629,2.37969807009142,0.));
#9381=CARTESIAN_POINT('Ctrl Pts',(5.62963023720629,2.37969807009142,5.));
#9382=CARTESIAN_POINT('Ctrl Pts',(5.64442324546306,2.39497097739317,0.));
#9383=CARTESIAN_POINT('Ctrl Pts',(5.64442324546306,2.39497097739317,5.));
#9384=CARTESIAN_POINT('Ctrl Pts',(5.65912097221742,2.41040811941746,0.));
#9385=CARTESIAN_POINT('Ctrl Pts',(5.65912097221742,2.41040811941746,5.));
#9386=CARTESIAN_POINT('Ctrl Pts',(5.67372425135249,2.4260060014493,0.));
#9387=CARTESIAN_POINT('Ctrl Pts',(5.67372425135249,2.4260060014493,5.));
#9388=CARTESIAN_POINT('Ctrl Pts',(5.68823285554658,2.44176322738107,0.));
#9389=CARTESIAN_POINT('Ctrl Pts',(5.68823285554658,2.44176322738107,5.));
#9390=CARTESIAN_POINT('Ctrl Pts',(5.70264592670612,2.45767966077321,0.));
#9391=CARTESIAN_POINT('Ctrl Pts',(5.70264592670612,2.45767966077321,5.));
#9392=CARTESIAN_POINT('Ctrl Pts',(5.71696248429925,2.47375543510584,0.));
#9393=CARTESIAN_POINT('Ctrl Pts',(5.71696248429925,2.47375543510584,5.));
#9394=CARTESIAN_POINT('Ctrl Pts',(5.73118198315941,2.48998986789471,0.));
#9395=CARTESIAN_POINT('Ctrl Pts',(5.73118198315941,2.48998986789471,5.));
#9396=CARTESIAN_POINT('Ctrl Pts',(5.74530456566119,2.50638096895594,0.));
#9397=CARTESIAN_POINT('Ctrl Pts',(5.74530456566119,2.50638096895594,5.));
#9398=CARTESIAN_POINT('Ctrl Pts',(5.75933076092691,2.52292602330549,0.));
#9399=CARTESIAN_POINT('Ctrl Pts',(5.75933076092691,2.52292602330549,5.));
#9400=CARTESIAN_POINT('Ctrl Pts',(5.77326130685006,2.5396219356783,0.));
#9401=CARTESIAN_POINT('Ctrl Pts',(5.77326130685006,2.5396219356783,5.));
#9402=CARTESIAN_POINT('Ctrl Pts',(5.78709693822913,2.55646564093387,0.));
#9403=CARTESIAN_POINT('Ctrl Pts',(5.78709693822913,2.55646564093387,5.));
#9404=CARTESIAN_POINT('Ctrl Pts',(5.80083815515142,2.57345455343381,0.));
#9405=CARTESIAN_POINT('Ctrl Pts',(5.80083815515142,2.57345455343381,5.));
#9406=CARTESIAN_POINT('Ctrl Pts',(5.81448512248929,2.59058676059555,0.));
#9407=CARTESIAN_POINT('Ctrl Pts',(5.81448512248929,2.59058676059555,5.));
#9408=CARTESIAN_POINT('Ctrl Pts',(5.82803779898207,2.60786076860078,0.));
#9409=CARTESIAN_POINT('Ctrl Pts',(5.82803779898207,2.60786076860078,5.));
#9410=CARTESIAN_POINT('Ctrl Pts',(5.84149601552459,2.62527534734998,0.));
#9411=CARTESIAN_POINT('Ctrl Pts',(5.84149601552459,2.62527534734998,5.));
#9412=CARTESIAN_POINT('Ctrl Pts',(5.85485956819949,2.64282934714721,0.));
#9413=CARTESIAN_POINT('Ctrl Pts',(5.85485956819949,2.64282934714721,5.));
#9414=CARTESIAN_POINT('Ctrl Pts',(5.86812832061791,2.66052149680396,0.));
#9415=CARTESIAN_POINT('Ctrl Pts',(5.86812832061791,2.66052149680396,5.));
#9416=CARTESIAN_POINT('Ctrl Pts',(5.88130225110005,2.67835031176076,0.));
#9417=CARTESIAN_POINT('Ctrl Pts',(5.88130225110005,2.67835031176076,5.));
#9418=CARTESIAN_POINT('Ctrl Pts',(5.89438139904767,2.69631420247434,0.));
#9419=CARTESIAN_POINT('Ctrl Pts',(5.89438139904767,2.69631420247434,5.));
#9420=CARTESIAN_POINT('Ctrl Pts',(5.90736583438219,2.71441153766416,0.));
#9421=CARTESIAN_POINT('Ctrl Pts',(5.90736583438219,2.71441153766416,5.));
#9422=CARTESIAN_POINT('Ctrl Pts',(5.92025562059562,2.73264071969812,0.));
#9423=CARTESIAN_POINT('Ctrl Pts',(5.92025562059562,2.73264071969812,5.));
#9424=CARTESIAN_POINT('Ctrl Pts',(5.93305077605293,2.75100026575969,0.));
#9425=CARTESIAN_POINT('Ctrl Pts',(5.93305077605293,2.75100026575969,5.));
#9426=CARTESIAN_POINT('Ctrl Pts',(5.94575125429371,2.76948884521318,0.));
#9427=CARTESIAN_POINT('Ctrl Pts',(5.94575125429371,2.76948884521318,5.));
#9428=CARTESIAN_POINT('Ctrl Pts',(5.95835696334054,2.78810522842863,0.));
#9429=CARTESIAN_POINT('Ctrl Pts',(5.95835696334054,2.78810522842863,5.));
#9430=CARTESIAN_POINT('Ctrl Pts',(5.9708677771451,2.80684825336342,0.));
#9431=CARTESIAN_POINT('Ctrl Pts',(5.9708677771451,2.80684825336342,5.));
#9432=CARTESIAN_POINT('Ctrl Pts',(5.98328355021569,2.82571678683269,0.));
#9433=CARTESIAN_POINT('Ctrl Pts',(5.98328355021569,2.82571678683269,5.));
#9434=CARTESIAN_POINT('Ctrl Pts',(5.99560413303305,2.84470968083689,0.));
#9435=CARTESIAN_POINT('Ctrl Pts',(5.99560413303305,2.84470968083689,5.));
#9436=CARTESIAN_POINT('Ctrl Pts',(6.00782938294996,2.86382575080134,0.));
#9437=CARTESIAN_POINT('Ctrl Pts',(6.00782938294996,2.86382575080134,5.));
#9438=CARTESIAN_POINT('Ctrl Pts',(6.01995916229057,2.88306380731791,0.));
#9439=CARTESIAN_POINT('Ctrl Pts',(6.01995916229057,2.88306380731791,5.));
#9440=CARTESIAN_POINT('Ctrl Pts',(6.03199333998564,2.90242267699485,0.));
#9441=CARTESIAN_POINT('Ctrl Pts',(6.03199333998564,2.90242267699485,5.));
#9442=CARTESIAN_POINT('Ctrl Pts',(6.04393179188884,2.92190122502751,0.));
#9443=CARTESIAN_POINT('Ctrl Pts',(6.04393179188884,2.92190122502751,5.));
#9444=CARTESIAN_POINT('Ctrl Pts',(6.05577440382163,2.94149838032591,0.));
#9445=CARTESIAN_POINT('Ctrl Pts',(6.05577440382163,2.94149838032591,5.));
#9446=CARTESIAN_POINT('Ctrl Pts',(6.06752106964367,2.96121314570422,0.));
#9447=CARTESIAN_POINT('Ctrl Pts',(6.06752106964367,2.96121314570422,5.));
#9448=CARTESIAN_POINT('Ctrl Pts',(6.0791716746906,2.98104456269604,0.));
#9449=CARTESIAN_POINT('Ctrl Pts',(6.0791716746906,2.98104456269604,5.));
#9450=CARTESIAN_POINT('Ctrl Pts',(6.09072608176022,3.0009916827313,0.));
#9451=CARTESIAN_POINT('Ctrl Pts',(6.09072608176022,3.0009916827313,5.));
#9452=CARTESIAN_POINT('Ctrl Pts',(6.10218411797386,3.02105353711006,0.));
#9453=CARTESIAN_POINT('Ctrl Pts',(6.10218411797386,3.02105353711006,5.));
#9454=CARTESIAN_POINT('Ctrl Pts',(6.11354555909092,3.04122910158406,0.));
#9455=CARTESIAN_POINT('Ctrl Pts',(6.11354555909092,3.04122910158406,5.));
#9456=CARTESIAN_POINT('Ctrl Pts',(6.12481012412405,3.0615172774949,0.));
#9457=CARTESIAN_POINT('Ctrl Pts',(6.12481012412405,3.0615172774949,5.));
#9458=CARTESIAN_POINT('Ctrl Pts',(6.13597751587882,3.08191695361442,0.));
#9459=CARTESIAN_POINT('Ctrl Pts',(6.13597751587882,3.08191695361442,5.));
#9460=CARTESIAN_POINT('Ctrl Pts',(6.14704745624943,3.1024270565761,0.));
#9461=CARTESIAN_POINT('Ctrl Pts',(6.14704745624943,3.1024270565761,5.));
#9462=CARTESIAN_POINT('Ctrl Pts',(6.15801972318595,3.12304660411248,0.));
#9463=CARTESIAN_POINT('Ctrl Pts',(6.15801972318595,3.12304660411248,5.));
#9464=CARTESIAN_POINT('Ctrl Pts',(6.16889419027084,3.1437747583942,0.));
#9465=CARTESIAN_POINT('Ctrl Pts',(6.16889419027084,3.1437747583942,5.));
#9466=CARTESIAN_POINT('Ctrl Pts',(6.17967085870362,3.16461087288193,0.));
#9467=CARTESIAN_POINT('Ctrl Pts',(6.17967085870362,3.16461087288193,5.));
#9468=CARTESIAN_POINT('Ctrl Pts',(6.19034980700438,3.18555447277229,0.));
#9469=CARTESIAN_POINT('Ctrl Pts',(6.19034980700438,3.18555447277229,5.));
#9470=CARTESIAN_POINT('Ctrl Pts',(6.19881487991354,3.20239508700497,0.));
#9471=CARTESIAN_POINT('Ctrl Pts',(6.19881487991354,3.20239508700497,5.));
#9472=CARTESIAN_POINT('Ctrl Pts',(6.20511980747282,3.21507369351011,0.));
#9473=CARTESIAN_POINT('Ctrl Pts',(6.20511980747282,3.21507369351011,5.));
#9474=CARTESIAN_POINT('Ctrl Pts',(6.20930359805418,3.22354748889163,0.));
#9475=CARTESIAN_POINT('Ctrl Pts',(6.20930359805418,3.22354748889163,5.));
#9476=CARTESIAN_POINT('Ctrl Pts',(6.21139061972984,3.22778973434332,0.));
#9477=CARTESIAN_POINT('Ctrl Pts',(6.21139061972984,3.22778973434332,5.));
#9478=CARTESIAN_POINT('Ctrl Pts',(5.2405550601944,2.0797554272588,0.));
#9479=CARTESIAN_POINT('Ctrl Pts',(5.24427422106534,2.08123140545526,0.));
#9480=CARTESIAN_POINT('Ctrl Pts',(5.25165899236968,2.08429754090826,0.));
#9481=CARTESIAN_POINT('Ctrl Pts',(5.26257549966847,2.08923927794874,0.));
#9482=CARTESIAN_POINT('Ctrl Pts',(5.27682573715989,2.09648032459994,0.));
#9483=CARTESIAN_POINT('Ctrl Pts',(5.29422383411077,2.10642674697148,0.));
#9484=CARTESIAN_POINT('Ctrl Pts',(5.31132638510836,2.11702401615047,0.));
#9485=CARTESIAN_POINT('Ctrl Pts',(5.32825067337221,2.12803026283834,0.));
#9486=CARTESIAN_POINT('Ctrl Pts',(5.34508323195067,2.13926435518766,0.));
#9487=CARTESIAN_POINT('Ctrl Pts',(5.36185553884522,2.15065506867005,0.));
#9488=CARTESIAN_POINT('Ctrl Pts',(5.37856206737641,2.16220534086898,0.));
#9489=CARTESIAN_POINT('Ctrl Pts',(5.39517505989873,2.17396310628669,0.));
#9490=CARTESIAN_POINT('Ctrl Pts',(5.41165996423536,2.18599077603809,0.));
#9491=CARTESIAN_POINT('Ctrl Pts',(5.4279918647429,2.19833278829965,0.));
#9492=CARTESIAN_POINT('Ctrl Pts',(5.44416759833788,2.2109916246963,0.));
#9493=CARTESIAN_POINT('Ctrl Pts',(5.46019737774884,2.22394408620417,0.));
#9494=CARTESIAN_POINT('Ctrl Pts',(5.47609915146879,2.23715218812015,0.));
#9495=CARTESIAN_POINT('Ctrl Pts',(5.49189222494051,2.25057551682897,0.));
#9496=CARTESIAN_POINT('Ctrl Pts',(5.50759045920624,2.26418439363242,0.));
#9497=CARTESIAN_POINT('Ctrl Pts',(5.52319798998755,2.27796815685517,0.));
#9498=CARTESIAN_POINT('Ctrl Pts',(5.53871301360232,2.29192780018207,0.));
#9499=CARTESIAN_POINT('Ctrl Pts',(5.55413019387955,2.30607128571576,0.));
#9500=CARTESIAN_POINT('Ctrl Pts',(5.56944344763693,2.32040812346632,0.));
#9501=CARTESIAN_POINT('Ctrl Pts',(5.58464895243107,2.33494351832822,0.));
#9502=CARTESIAN_POINT('Ctrl Pts',(5.59974679611233,2.34967515641936,0.));
#9503=CARTESIAN_POINT('Ctrl Pts',(5.61473934178149,2.36459637329735,0.));
#9504=CARTESIAN_POINT('Ctrl Pts',(5.62963023720629,2.37969807009142,0.));
#9505=CARTESIAN_POINT('Ctrl Pts',(5.64442324546306,2.39497097739317,0.));
#9506=CARTESIAN_POINT('Ctrl Pts',(5.65912097221742,2.41040811941746,0.));
#9507=CARTESIAN_POINT('Ctrl Pts',(5.67372425135249,2.4260060014493,0.));
#9508=CARTESIAN_POINT('Ctrl Pts',(5.68823285554658,2.44176322738107,0.));
#9509=CARTESIAN_POINT('Ctrl Pts',(5.70264592670612,2.45767966077321,0.));
#9510=CARTESIAN_POINT('Ctrl Pts',(5.71696248429925,2.47375543510584,0.));
#9511=CARTESIAN_POINT('Ctrl Pts',(5.73118198315941,2.48998986789471,0.));
#9512=CARTESIAN_POINT('Ctrl Pts',(5.74530456566119,2.50638096895594,0.));
#9513=CARTESIAN_POINT('Ctrl Pts',(5.75933076092691,2.52292602330549,0.));
#9514=CARTESIAN_POINT('Ctrl Pts',(5.77326130685006,2.5396219356783,0.));
#9515=CARTESIAN_POINT('Ctrl Pts',(5.78709693822913,2.55646564093387,0.));
#9516=CARTESIAN_POINT('Ctrl Pts',(5.80083815515142,2.57345455343381,0.));
#9517=CARTESIAN_POINT('Ctrl Pts',(5.81448512248929,2.59058676059555,0.));
#9518=CARTESIAN_POINT('Ctrl Pts',(5.82803779898207,2.60786076860078,0.));
#9519=CARTESIAN_POINT('Ctrl Pts',(5.84149601552459,2.62527534734998,0.));
#9520=CARTESIAN_POINT('Ctrl Pts',(5.85485956819949,2.64282934714721,0.));
#9521=CARTESIAN_POINT('Ctrl Pts',(5.86812832061791,2.66052149680396,0.));
#9522=CARTESIAN_POINT('Ctrl Pts',(5.88130225110005,2.67835031176076,0.));
#9523=CARTESIAN_POINT('Ctrl Pts',(5.89438139904767,2.69631420247434,0.));
#9524=CARTESIAN_POINT('Ctrl Pts',(5.90736583438219,2.71441153766416,0.));
#9525=CARTESIAN_POINT('Ctrl Pts',(5.92025562059562,2.73264071969812,0.));
#9526=CARTESIAN_POINT('Ctrl Pts',(5.93305077605293,2.75100026575969,0.));
#9527=CARTESIAN_POINT('Ctrl Pts',(5.94575125429371,2.76948884521318,0.));
#9528=CARTESIAN_POINT('Ctrl Pts',(5.95835696334054,2.78810522842863,0.));
#9529=CARTESIAN_POINT('Ctrl Pts',(5.9708677771451,2.80684825336342,0.));
#9530=CARTESIAN_POINT('Ctrl Pts',(5.98328355021569,2.82571678683269,0.));
#9531=CARTESIAN_POINT('Ctrl Pts',(5.99560413303305,2.84470968083689,0.));
#9532=CARTESIAN_POINT('Ctrl Pts',(6.00782938294996,2.86382575080134,0.));
#9533=CARTESIAN_POINT('Ctrl Pts',(6.01995916229057,2.88306380731791,0.));
#9534=CARTESIAN_POINT('Ctrl Pts',(6.03199333998564,2.90242267699485,0.));
#9535=CARTESIAN_POINT('Ctrl Pts',(6.04393179188884,2.92190122502751,0.));
#9536=CARTESIAN_POINT('Ctrl Pts',(6.05577440382163,2.94149838032591,0.));
#9537=CARTESIAN_POINT('Ctrl Pts',(6.06752106964367,2.96121314570422,0.));
#9538=CARTESIAN_POINT('Ctrl Pts',(6.0791716746906,2.98104456269604,0.));
#9539=CARTESIAN_POINT('Ctrl Pts',(6.09072608176022,3.0009916827313,0.));
#9540=CARTESIAN_POINT('Ctrl Pts',(6.10218411797386,3.02105353711006,0.));
#9541=CARTESIAN_POINT('Ctrl Pts',(6.11354555909092,3.04122910158406,0.));
#9542=CARTESIAN_POINT('Ctrl Pts',(6.12481012412405,3.0615172774949,0.));
#9543=CARTESIAN_POINT('Ctrl Pts',(6.13597751587882,3.08191695361442,0.));
#9544=CARTESIAN_POINT('Ctrl Pts',(6.14704745624943,3.1024270565761,0.));
#9545=CARTESIAN_POINT('Ctrl Pts',(6.15801972318595,3.12304660411248,0.));
#9546=CARTESIAN_POINT('Ctrl Pts',(6.16889419027084,3.1437747583942,0.));
#9547=CARTESIAN_POINT('Ctrl Pts',(6.17967085870362,3.16461087288193,0.));
#9548=CARTESIAN_POINT('Ctrl Pts',(6.19034980700438,3.18555447277229,0.));
#9549=CARTESIAN_POINT('Ctrl Pts',(6.19881487991354,3.20239508700497,0.));
#9550=CARTESIAN_POINT('Ctrl Pts',(6.20511980747282,3.21507369351011,0.));
#9551=CARTESIAN_POINT('Ctrl Pts',(6.20930359805418,3.22354748889163,0.));
#9552=CARTESIAN_POINT('Ctrl Pts',(6.21139061972984,3.22778973434332,0.));
#9553=CARTESIAN_POINT('Ctrl Pts',(5.2405550601944,2.0797554272588,5.));
#9554=CARTESIAN_POINT('Ctrl Pts',(5.24427422106534,2.08123140545526,5.));
#9555=CARTESIAN_POINT('Ctrl Pts',(5.25165899236968,2.08429754090826,5.));
#9556=CARTESIAN_POINT('Ctrl Pts',(5.26257549966847,2.08923927794874,5.));
#9557=CARTESIAN_POINT('Ctrl Pts',(5.27682573715989,2.09648032459994,5.));
#9558=CARTESIAN_POINT('Ctrl Pts',(5.29422383411077,2.10642674697148,5.));
#9559=CARTESIAN_POINT('Ctrl Pts',(5.31132638510836,2.11702401615047,5.));
#9560=CARTESIAN_POINT('Ctrl Pts',(5.32825067337221,2.12803026283834,5.));
#9561=CARTESIAN_POINT('Ctrl Pts',(5.34508323195067,2.13926435518766,5.));
#9562=CARTESIAN_POINT('Ctrl Pts',(5.36185553884522,2.15065506867005,5.));
#9563=CARTESIAN_POINT('Ctrl Pts',(5.37856206737641,2.16220534086898,5.));
#9564=CARTESIAN_POINT('Ctrl Pts',(5.39517505989873,2.17396310628669,5.));
#9565=CARTESIAN_POINT('Ctrl Pts',(5.41165996423536,2.18599077603809,5.));
#9566=CARTESIAN_POINT('Ctrl Pts',(5.4279918647429,2.19833278829965,5.));
#9567=CARTESIAN_POINT('Ctrl Pts',(5.44416759833788,2.2109916246963,5.));
#9568=CARTESIAN_POINT('Ctrl Pts',(5.46019737774884,2.22394408620417,5.));
#9569=CARTESIAN_POINT('Ctrl Pts',(5.47609915146879,2.23715218812015,5.));
#9570=CARTESIAN_POINT('Ctrl Pts',(5.49189222494051,2.25057551682897,5.));
#9571=CARTESIAN_POINT('Ctrl Pts',(5.50759045920624,2.26418439363242,5.));
#9572=CARTESIAN_POINT('Ctrl Pts',(5.52319798998755,2.27796815685517,5.));
#9573=CARTESIAN_POINT('Ctrl Pts',(5.53871301360232,2.29192780018207,5.));
#9574=CARTESIAN_POINT('Ctrl Pts',(5.55413019387955,2.30607128571576,5.));
#9575=CARTESIAN_POINT('Ctrl Pts',(5.56944344763693,2.32040812346632,5.));
#9576=CARTESIAN_POINT('Ctrl Pts',(5.58464895243107,2.33494351832822,5.));
#9577=CARTESIAN_POINT('Ctrl Pts',(5.59974679611233,2.34967515641936,5.));
#9578=CARTESIAN_POINT('Ctrl Pts',(5.61473934178149,2.36459637329735,5.));
#9579=CARTESIAN_POINT('Ctrl Pts',(5.62963023720629,2.37969807009142,5.));
#9580=CARTESIAN_POINT('Ctrl Pts',(5.64442324546306,2.39497097739317,5.));
#9581=CARTESIAN_POINT('Ctrl Pts',(5.65912097221742,2.41040811941746,5.));
#9582=CARTESIAN_POINT('Ctrl Pts',(5.67372425135249,2.4260060014493,5.));
#9583=CARTESIAN_POINT('Ctrl Pts',(5.68823285554658,2.44176322738107,5.));
#9584=CARTESIAN_POINT('Ctrl Pts',(5.70264592670612,2.45767966077321,5.));
#9585=CARTESIAN_POINT('Ctrl Pts',(5.71696248429925,2.47375543510584,5.));
#9586=CARTESIAN_POINT('Ctrl Pts',(5.73118198315941,2.48998986789471,5.));
#9587=CARTESIAN_POINT('Ctrl Pts',(5.74530456566119,2.50638096895594,5.));
#9588=CARTESIAN_POINT('Ctrl Pts',(5.75933076092691,2.52292602330549,5.));
#9589=CARTESIAN_POINT('Ctrl Pts',(5.77326130685006,2.5396219356783,5.));
#9590=CARTESIAN_POINT('Ctrl Pts',(5.78709693822913,2.55646564093387,5.));
#9591=CARTESIAN_POINT('Ctrl Pts',(5.80083815515142,2.57345455343381,5.));
#9592=CARTESIAN_POINT('Ctrl Pts',(5.81448512248929,2.59058676059555,5.));
#9593=CARTESIAN_POINT('Ctrl Pts',(5.82803779898207,2.60786076860078,5.));
#9594=CARTESIAN_POINT('Ctrl Pts',(5.84149601552459,2.62527534734998,5.));
#9595=CARTESIAN_POINT('Ctrl Pts',(5.85485956819949,2.64282934714721,5.));
#9596=CARTESIAN_POINT('Ctrl Pts',(5.86812832061791,2.66052149680396,5.));
#9597=CARTESIAN_POINT('Ctrl Pts',(5.88130225110005,2.67835031176076,5.));
#9598=CARTESIAN_POINT('Ctrl Pts',(5.89438139904767,2.69631420247434,5.));
#9599=CARTESIAN_POINT('Ctrl Pts',(5.90736583438219,2.71441153766416,5.));
#9600=CARTESIAN_POINT('Ctrl Pts',(5.92025562059562,2.73264071969812,5.));
#9601=CARTESIAN_POINT('Ctrl Pts',(5.93305077605293,2.75100026575969,5.));
#9602=CARTESIAN_POINT('Ctrl Pts',(5.94575125429371,2.76948884521318,5.));
#9603=CARTESIAN_POINT('Ctrl Pts',(5.95835696334054,2.78810522842863,5.));
#9604=CARTESIAN_POINT('Ctrl Pts',(5.9708677771451,2.80684825336342,5.));
#9605=CARTESIAN_POINT('Ctrl Pts',(5.98328355021569,2.82571678683269,5.));
#9606=CARTESIAN_POINT('Ctrl Pts',(5.99560413303305,2.84470968083689,5.));
#9607=CARTESIAN_POINT('Ctrl Pts',(6.00782938294996,2.86382575080134,5.));
#9608=CARTESIAN_POINT('Ctrl Pts',(6.01995916229057,2.88306380731791,5.));
#9609=CARTESIAN_POINT('Ctrl Pts',(6.03199333998564,2.90242267699485,5.));
#9610=CARTESIAN_POINT('Ctrl Pts',(6.04393179188884,2.92190122502751,5.));
#9611=CARTESIAN_POINT('Ctrl Pts',(6.05577440382163,2.94149838032591,5.));
#9612=CARTESIAN_POINT('Ctrl Pts',(6.06752106964367,2.96121314570422,5.));
#9613=CARTESIAN_POINT('Ctrl Pts',(6.0791716746906,2.98104456269604,5.));
#9614=CARTESIAN_POINT('Ctrl Pts',(6.09072608176022,3.0009916827313,5.));
#9615=CARTESIAN_POINT('Ctrl Pts',(6.10218411797386,3.02105353711006,5.));
#9616=CARTESIAN_POINT('Ctrl Pts',(6.11354555909092,3.04122910158406,5.));
#9617=CARTESIAN_POINT('Ctrl Pts',(6.12481012412405,3.0615172774949,5.));
#9618=CARTESIAN_POINT('Ctrl Pts',(6.13597751587882,3.08191695361442,5.));
#9619=CARTESIAN_POINT('Ctrl Pts',(6.14704745624943,3.1024270565761,5.));
#9620=CARTESIAN_POINT('Ctrl Pts',(6.15801972318595,3.12304660411248,5.));
#9621=CARTESIAN_POINT('Ctrl Pts',(6.16889419027084,3.1437747583942,5.));
#9622=CARTESIAN_POINT('Ctrl Pts',(6.17967085870362,3.16461087288193,5.));
#9623=CARTESIAN_POINT('Ctrl Pts',(6.19034980700438,3.18555447277229,5.));
#9624=CARTESIAN_POINT('Ctrl Pts',(6.19881487991354,3.20239508700497,5.));
#9625=CARTESIAN_POINT('Ctrl Pts',(6.20511980747282,3.21507369351011,5.));
#9626=CARTESIAN_POINT('Ctrl Pts',(6.20930359805418,3.22354748889163,5.));
#9627=CARTESIAN_POINT('Ctrl Pts',(6.21139061972984,3.22778973434332,5.));
#9628=CARTESIAN_POINT('Origin',(0.,0.,0.));
#9629=CARTESIAN_POINT('Origin',(0.,0.,0.));
#9630=CARTESIAN_POINT('Origin',(0.,0.,0.));
#9631=CARTESIAN_POINT('Origin',(0.,0.,0.));
#9632=CARTESIAN_POINT('Origin',(0.,0.,0.));
#9633=CARTESIAN_POINT('Origin',(0.,0.,0.));
#9634=CARTESIAN_POINT('Origin',(0.,0.,0.));
#9635=CARTESIAN_POINT('Origin',(0.,0.,0.));
#9636=CARTESIAN_POINT('Origin',(0.,0.,0.));
#9637=CARTESIAN_POINT('Origin',(0.,0.,0.));
#9638=CARTESIAN_POINT('',(4.70474001709825,1.14894315417012,0.));
#9639=CARTESIAN_POINT('Origin',(0.,0.,0.));
#9640=CARTESIAN_POINT('',(5.26310981997011,0.772867403203313,0.));
#9641=CARTESIAN_POINT('Origin',(5.19046580866321,1.26756210463162,0.));
#9642=CARTESIAN_POINT('',(5.57833152568884,0.819156496432521,0.));
#9643=CARTESIAN_POINT('',(4.78171898400603,0.702177013292441,0.));
#9644=CARTESIAN_POINT('',(6.99311693668607,0.31034740184898,0.));
#9645=CARTESIAN_POINT('Ctrl Pts',(5.57833152568884,0.819156496432521,0.));
#9646=CARTESIAN_POINT('Ctrl Pts',(5.58229040258206,0.819737842254425,0.));
#9647=CARTESIAN_POINT('Ctrl Pts',(5.59021886985926,0.820774876712852,0.));
#9648=CARTESIAN_POINT('Ctrl Pts',(5.60214371102085,0.821953460546365,0.));
#9649=CARTESIAN_POINT('Ctrl Pts',(5.61810530202398,0.822807648942148,0.));
#9650=CARTESIAN_POINT('Ctrl Pts',(5.63814570714672,0.822892842967062,0.));
#9651=CARTESIAN_POINT('Ctrl Pts',(5.65825558536965,0.822266614146113,0.));
#9652=CARTESIAN_POINT('Ctrl Pts',(5.67841557229104,0.821197069046024,0.));
#9653=CARTESIAN_POINT('Ctrl Pts',(5.69861004180534,0.81988433897228,0.));
#9654=CARTESIAN_POINT('Ctrl Pts',(5.71883064239729,0.818405845176578,0.));
#9655=CARTESIAN_POINT('Ctrl Pts',(5.73907405661381,0.816756280297279,0.));
#9656=CARTESIAN_POINT('Ctrl Pts',(5.75934021287988,0.814880253014958,0.));
#9657=CARTESIAN_POINT('Ctrl Pts',(5.77963039369005,0.812706437630233,0.));
#9658=CARTESIAN_POINT('Ctrl Pts',(5.79994524055244,0.810183891731671,0.));
#9659=CARTESIAN_POINT('Ctrl Pts',(5.82028325496887,0.807308884627318,0.));
#9660=CARTESIAN_POINT('Ctrl Pts',(5.84064168190975,0.804106613625441,0.));
#9661=CARTESIAN_POINT('Ctrl Pts',(5.86101707287446,0.800618948690397,0.));
#9662=CARTESIAN_POINT('Ctrl Pts',(5.88140594005921,0.796890541761076,0.));
#9663=CARTESIAN_POINT('Ctrl Pts',(5.90180544812962,0.792954025865178,0.));
#9664=CARTESIAN_POINT('Ctrl Pts',(5.92221384788795,0.788820702145178,0.));
#9665=CARTESIAN_POINT('Ctrl Pts',(5.94263007414211,0.784488808203704,0.));
#9666=CARTESIAN_POINT('Ctrl Pts',(5.96305348668376,0.779948780572083,0.));
#9667=CARTESIAN_POINT('Ctrl Pts',(5.98348357232752,0.775189341748854,0.));
#9668=CARTESIAN_POINT('Ctrl Pts',(6.00391962318757,0.770204072941482,0.));
#9669=CARTESIAN_POINT('Ctrl Pts',(6.02436055840348,0.764995021955824,0.));
#9670=CARTESIAN_POINT('Ctrl Pts',(6.04480509225936,0.75956914191869,0.));
#9671=CARTESIAN_POINT('Ctrl Pts',(6.06525183437937,0.75393613656717,0.));
#9672=CARTESIAN_POINT('Ctrl Pts',(6.085699408979,0.7481059149826,0.));
#9673=CARTESIAN_POINT('Ctrl Pts',(6.10614658473831,0.742085821204916,0.));
#9674=CARTESIAN_POINT('Ctrl Pts',(6.12659233646376,0.735879298687639,0.));
#9675=CARTESIAN_POINT('Ctrl Pts',(6.14703576923518,0.729487442834607,0.));
#9676=CARTESIAN_POINT('Ctrl Pts',(6.16747607170195,0.722909942759137,0.));
#9677=CARTESIAN_POINT('Ctrl Pts',(6.18791246143866,0.716146192598136,0.));
#9678=CARTESIAN_POINT('Ctrl Pts',(6.20834412507508,0.709196510817026,0.));
#9679=CARTESIAN_POINT('Ctrl Pts',(6.22877019081928,0.702062692152895,0.));
#9680=CARTESIAN_POINT('Ctrl Pts',(6.24918975941261,0.694747352412056,0.));
#9681=CARTESIAN_POINT('Ctrl Pts',(6.26960192225705,0.687253541119408,0.));
#9682=CARTESIAN_POINT('Ctrl Pts',(6.2900057831365,0.679584280163763,0.));
#9683=CARTESIAN_POINT('Ctrl Pts',(6.31040048232009,0.67174205881729,0.));
#9684=CARTESIAN_POINT('Ctrl Pts',(6.33078520630017,0.663728615861258,0.));
#9685=CARTESIAN_POINT('Ctrl Pts',(6.35115917243481,0.655545224349949,0.));
#9686=CARTESIAN_POINT('Ctrl Pts',(6.37152161922486,0.647192865028192,0.));
#9687=CARTESIAN_POINT('Ctrl Pts',(6.39187179522475,0.638672431603215,0.));
#9688=CARTESIAN_POINT('Ctrl Pts',(6.41220894672401,0.629984956762124,0.));
#9689=CARTESIAN_POINT('Ctrl Pts',(6.43253231266763,0.621131715331239,0.));
#9690=CARTESIAN_POINT('Ctrl Pts',(6.45284113240692,0.612114103596273,0.));
#9691=CARTESIAN_POINT('Ctrl Pts',(6.47313465085531,0.602933569248351,0.));
#9692=CARTESIAN_POINT('Ctrl Pts',(6.49341212418248,0.593591527623447,0.));
#9693=CARTESIAN_POINT('Ctrl Pts',(6.51367282688466,0.584089272060833,0.));
#9694=CARTESIAN_POINT('Ctrl Pts',(6.53391605340814,0.57442793169461,0.));
#9695=CARTESIAN_POINT('Ctrl Pts',(6.55414110928313,0.564608525426857,0.));
#9696=CARTESIAN_POINT('Ctrl Pts',(6.57434730432729,0.554631996591848,0.));
#9697=CARTESIAN_POINT('Ctrl Pts',(6.59453394594868,0.544499253810596,0.));
#9698=CARTESIAN_POINT('Ctrl Pts',(6.61470033066004,0.534211216520255,0.));
#9699=CARTESIAN_POINT('Ctrl Pts',(6.63484574263792,0.523768839268973,0.));
#9700=CARTESIAN_POINT('Ctrl Pts',(6.65496946794747,0.513173083276488,0.));
#9701=CARTESIAN_POINT('Ctrl Pts',(6.67507080638353,0.502424899195247,0.));
#9702=CARTESIAN_POINT('Ctrl Pts',(6.6951490830299,0.49152520772173,0.));
#9703=CARTESIAN_POINT('Ctrl Pts',(6.71520366346005,0.480474879357799,0.));
#9704=CARTESIAN_POINT('Ctrl Pts',(6.73523395716086,0.469274724621551,0.));
#9705=CARTESIAN_POINT('Ctrl Pts',(6.75523938559687,0.457925516237052,0.));
#9706=CARTESIAN_POINT('Ctrl Pts',(6.77521935566245,0.446428007088991,0.));
#9707=CARTESIAN_POINT('Ctrl Pts',(6.79517323329033,0.434782949656783,0.));
#9708=CARTESIAN_POINT('Ctrl Pts',(6.81510031215831,0.422991118845142,0.));
#9709=CARTESIAN_POINT('Ctrl Pts',(6.834999799595,0.411053325626467,0.));
#9710=CARTESIAN_POINT('Ctrl Pts',(6.8548708826084,0.398970383755376,0.));
#9711=CARTESIAN_POINT('Ctrl Pts',(6.87471278366857,0.386743083741631,0.));
#9712=CARTESIAN_POINT('Ctrl Pts',(6.89452481934089,0.374372165228843,0.));
#9713=CARTESIAN_POINT('Ctrl Pts',(6.91430646122988,0.36185829058976,0.));
#9714=CARTESIAN_POINT('Ctrl Pts',(6.93405738710469,0.349202020343613,0.));
#9715=CARTESIAN_POINT('Ctrl Pts',(6.95377742756404,0.336403804942238,0.));
#9716=CARTESIAN_POINT('Ctrl Pts',(6.96952870286459,0.326051941655988,0.));
#9717=CARTESIAN_POINT('Ctrl Pts',(6.98132823355252,0.318224410117591,0.));
#9718=CARTESIAN_POINT('Ctrl Pts',(6.98918840017086,0.312977783341403,0.));
#9719=CARTESIAN_POINT('Ctrl Pts',(6.99311693668607,0.310347401848986,0.));
#9720=CARTESIAN_POINT('',(6.99311693668607,-0.310347401848986,0.));
#9721=CARTESIAN_POINT('Origin',(8.91509088774001E-13,0.,0.));
#9722=CARTESIAN_POINT('',(5.57833152568884,-0.819156496432521,0.));
#9723=CARTESIAN_POINT('Ctrl Pts',(5.57833152568884,-0.819156496432521,0.));
#9724=CARTESIAN_POINT('Ctrl Pts',(5.58229040258206,-0.819737842254425,0.));
#9725=CARTESIAN_POINT('Ctrl Pts',(5.59021886985926,-0.820774876712852,0.));
#9726=CARTESIAN_POINT('Ctrl Pts',(5.60214371102085,-0.821953460546365,0.));
#9727=CARTESIAN_POINT('Ctrl Pts',(5.61810530202398,-0.822807648942148,0.));
#9728=CARTESIAN_POINT('Ctrl Pts',(5.63814570714672,-0.822892842967062,0.));
#9729=CARTESIAN_POINT('Ctrl Pts',(5.65825558536965,-0.822266614146113,0.));
#9730=CARTESIAN_POINT('Ctrl Pts',(5.67841557229104,-0.821197069046024,0.));
#9731=CARTESIAN_POINT('Ctrl Pts',(5.69861004180534,-0.81988433897228,0.));
#9732=CARTESIAN_POINT('Ctrl Pts',(5.71883064239729,-0.818405845176578,0.));
#9733=CARTESIAN_POINT('Ctrl Pts',(5.73907405661381,-0.816756280297279,0.));
#9734=CARTESIAN_POINT('Ctrl Pts',(5.75934021287988,-0.814880253014958,0.));
#9735=CARTESIAN_POINT('Ctrl Pts',(5.77963039369005,-0.812706437630233,0.));
#9736=CARTESIAN_POINT('Ctrl Pts',(5.79994524055244,-0.810183891731671,0.));
#9737=CARTESIAN_POINT('Ctrl Pts',(5.82028325496887,-0.807308884627318,0.));
#9738=CARTESIAN_POINT('Ctrl Pts',(5.84064168190975,-0.804106613625441,0.));
#9739=CARTESIAN_POINT('Ctrl Pts',(5.86101707287446,-0.800618948690397,0.));
#9740=CARTESIAN_POINT('Ctrl Pts',(5.88140594005921,-0.796890541761076,0.));
#9741=CARTESIAN_POINT('Ctrl Pts',(5.90180544812962,-0.792954025865178,0.));
#9742=CARTESIAN_POINT('Ctrl Pts',(5.92221384788795,-0.788820702145178,0.));
#9743=CARTESIAN_POINT('Ctrl Pts',(5.94263007414211,-0.784488808203704,0.));
#9744=CARTESIAN_POINT('Ctrl Pts',(5.96305348668376,-0.779948780572083,0.));
#9745=CARTESIAN_POINT('Ctrl Pts',(5.98348357232752,-0.775189341748854,0.));
#9746=CARTESIAN_POINT('Ctrl Pts',(6.00391962318757,-0.770204072941482,0.));
#9747=CARTESIAN_POINT('Ctrl Pts',(6.02436055840348,-0.764995021955824,0.));
#9748=CARTESIAN_POINT('Ctrl Pts',(6.04480509225936,-0.75956914191869,0.));
#9749=CARTESIAN_POINT('Ctrl Pts',(6.06525183437937,-0.75393613656717,0.));
#9750=CARTESIAN_POINT('Ctrl Pts',(6.085699408979,-0.7481059149826,0.));
#9751=CARTESIAN_POINT('Ctrl Pts',(6.10614658473831,-0.742085821204916,0.));
#9752=CARTESIAN_POINT('Ctrl Pts',(6.12659233646376,-0.735879298687639,0.));
#9753=CARTESIAN_POINT('Ctrl Pts',(6.14703576923518,-0.729487442834607,0.));
#9754=CARTESIAN_POINT('Ctrl Pts',(6.16747607170195,-0.722909942759137,0.));
#9755=CARTESIAN_POINT('Ctrl Pts',(6.18791246143866,-0.716146192598136,0.));
#9756=CARTESIAN_POINT('Ctrl Pts',(6.20834412507508,-0.709196510817026,0.));
#9757=CARTESIAN_POINT('Ctrl Pts',(6.22877019081928,-0.702062692152895,0.));
#9758=CARTESIAN_POINT('Ctrl Pts',(6.24918975941261,-0.694747352412056,0.));
#9759=CARTESIAN_POINT('Ctrl Pts',(6.26960192225705,-0.687253541119408,0.));
#9760=CARTESIAN_POINT('Ctrl Pts',(6.2900057831365,-0.679584280163763,0.));
#9761=CARTESIAN_POINT('Ctrl Pts',(6.31040048232009,-0.67174205881729,0.));
#9762=CARTESIAN_POINT('Ctrl Pts',(6.33078520630017,-0.663728615861258,0.));
#9763=CARTESIAN_POINT('Ctrl Pts',(6.35115917243481,-0.655545224349949,0.));
#9764=CARTESIAN_POINT('Ctrl Pts',(6.37152161922486,-0.647192865028192,0.));
#9765=CARTESIAN_POINT('Ctrl Pts',(6.39187179522475,-0.638672431603215,0.));
#9766=CARTESIAN_POINT('Ctrl Pts',(6.41220894672401,-0.629984956762124,0.));
#9767=CARTESIAN_POINT('Ctrl Pts',(6.43253231266763,-0.621131715331239,0.));
#9768=CARTESIAN_POINT('Ctrl Pts',(6.45284113240692,-0.612114103596273,0.));
#9769=CARTESIAN_POINT('Ctrl Pts',(6.47313465085531,-0.602933569248351,0.));
#9770=CARTESIAN_POINT('Ctrl Pts',(6.49341212418248,-0.593591527623447,0.));
#9771=CARTESIAN_POINT('Ctrl Pts',(6.51367282688466,-0.584089272060833,0.));
#9772=CARTESIAN_POINT('Ctrl Pts',(6.53391605340814,-0.57442793169461,0.));
#9773=CARTESIAN_POINT('Ctrl Pts',(6.55414110928313,-0.564608525426857,0.));
#9774=CARTESIAN_POINT('Ctrl Pts',(6.57434730432729,-0.554631996591848,0.));
#9775=CARTESIAN_POINT('Ctrl Pts',(6.59453394594868,-0.544499253810596,0.));
#9776=CARTESIAN_POINT('Ctrl Pts',(6.61470033066004,-0.534211216520255,0.));
#9777=CARTESIAN_POINT('Ctrl Pts',(6.63484574263792,-0.523768839268973,0.));
#9778=CARTESIAN_POINT('Ctrl Pts',(6.65496946794747,-0.513173083276488,0.));
#9779=CARTESIAN_POINT('Ctrl Pts',(6.67507080638353,-0.502424899195247,0.));
#9780=CARTESIAN_POINT('Ctrl Pts',(6.6951490830299,-0.49152520772173,0.));
#9781=CARTESIAN_POINT('Ctrl Pts',(6.71520366346005,-0.480474879357799,0.));
#9782=CARTESIAN_POINT('Ctrl Pts',(6.73523395716086,-0.469274724621551,0.));
#9783=CARTESIAN_POINT('Ctrl Pts',(6.75523938559687,-0.457925516237052,0.));
#9784=CARTESIAN_POINT('Ctrl Pts',(6.77521935566245,-0.446428007088991,0.));
#9785=CARTESIAN_POINT('Ctrl Pts',(6.79517323329033,-0.434782949656783,0.));
#9786=CARTESIAN_POINT('Ctrl Pts',(6.81510031215831,-0.422991118845142,0.));
#9787=CARTESIAN_POINT('Ctrl Pts',(6.834999799595,-0.411053325626467,0.));
#9788=CARTESIAN_POINT('Ctrl Pts',(6.8548708826084,-0.398970383755376,0.));
#9789=CARTESIAN_POINT('Ctrl Pts',(6.87471278366857,-0.386743083741631,0.));
#9790=CARTESIAN_POINT('Ctrl Pts',(6.89452481934089,-0.374372165228843,0.));
#9791=CARTESIAN_POINT('Ctrl Pts',(6.91430646122988,-0.36185829058976,0.));
#9792=CARTESIAN_POINT('Ctrl Pts',(6.93405738710469,-0.349202020343613,0.));
#9793=CARTESIAN_POINT('Ctrl Pts',(6.95377742756404,-0.336403804942238,0.));
#9794=CARTESIAN_POINT('Ctrl Pts',(6.96952870286459,-0.326051941655988,0.));
#9795=CARTESIAN_POINT('Ctrl Pts',(6.98132823355252,-0.318224410117591,0.));
#9796=CARTESIAN_POINT('Ctrl Pts',(6.98918840017086,-0.312977783341403,0.));
#9797=CARTESIAN_POINT('Ctrl Pts',(6.99311693668607,-0.310347401848986,0.));
#9798=CARTESIAN_POINT('',(5.26310981997011,-0.772867403203313,0.));
#9799=CARTESIAN_POINT('',(4.78171898400603,-0.702177013292441,0.));
#9800=CARTESIAN_POINT('',(4.70474001709825,-1.14894315417012,0.));
#9801=CARTESIAN_POINT('Origin',(5.19046580866321,-1.26756210463162,0.));
#9802=CARTESIAN_POINT('Origin',(0.,0.,0.));
#9803=CARTESIAN_POINT('Origin',(0.,0.,0.));
#9804=CARTESIAN_POINT('',(-1.,-1.22464679914735E-16,0.));
#9805=CARTESIAN_POINT('Origin',(0.,0.,0.));
#9806=CARTESIAN_POINT('Origin',(0.,0.,5.));
#9807=CARTESIAN_POINT('',(4.70474001709825,-1.14894315417012,5.));
#9808=CARTESIAN_POINT('Origin',(0.,0.,5.));
#9809=CARTESIAN_POINT('',(5.26310981997011,-0.772867403203313,5.));
#9810=CARTESIAN_POINT('Origin',(5.19046580866321,-1.26756210463162,5.));
#9811=CARTESIAN_POINT('',(5.57833152568884,-0.819156496432521,5.));
#9812=CARTESIAN_POINT('',(4.78171898400603,-0.702177013292441,5.));
#9813=CARTESIAN_POINT('',(6.99311693668607,-0.310347401848986,5.));
#9814=CARTESIAN_POINT('Ctrl Pts',(5.57833152568884,-0.819156496432521,5.));
#9815=CARTESIAN_POINT('Ctrl Pts',(5.58229040258206,-0.819737842254425,5.));
#9816=CARTESIAN_POINT('Ctrl Pts',(5.59021886985926,-0.820774876712852,5.));
#9817=CARTESIAN_POINT('Ctrl Pts',(5.60214371102085,-0.821953460546365,5.));
#9818=CARTESIAN_POINT('Ctrl Pts',(5.61810530202398,-0.822807648942148,5.));
#9819=CARTESIAN_POINT('Ctrl Pts',(5.63814570714672,-0.822892842967062,5.));
#9820=CARTESIAN_POINT('Ctrl Pts',(5.65825558536965,-0.822266614146113,5.));
#9821=CARTESIAN_POINT('Ctrl Pts',(5.67841557229104,-0.821197069046024,5.));
#9822=CARTESIAN_POINT('Ctrl Pts',(5.69861004180534,-0.81988433897228,5.));
#9823=CARTESIAN_POINT('Ctrl Pts',(5.71883064239729,-0.818405845176578,5.));
#9824=CARTESIAN_POINT('Ctrl Pts',(5.73907405661381,-0.816756280297279,5.));
#9825=CARTESIAN_POINT('Ctrl Pts',(5.75934021287988,-0.814880253014958,5.));
#9826=CARTESIAN_POINT('Ctrl Pts',(5.77963039369005,-0.812706437630233,5.));
#9827=CARTESIAN_POINT('Ctrl Pts',(5.79994524055244,-0.810183891731671,5.));
#9828=CARTESIAN_POINT('Ctrl Pts',(5.82028325496887,-0.807308884627318,5.));
#9829=CARTESIAN_POINT('Ctrl Pts',(5.84064168190975,-0.804106613625441,5.));
#9830=CARTESIAN_POINT('Ctrl Pts',(5.86101707287446,-0.800618948690397,5.));
#9831=CARTESIAN_POINT('Ctrl Pts',(5.88140594005921,-0.796890541761076,5.));
#9832=CARTESIAN_POINT('Ctrl Pts',(5.90180544812962,-0.792954025865178,5.));
#9833=CARTESIAN_POINT('Ctrl Pts',(5.92221384788795,-0.788820702145178,5.));
#9834=CARTESIAN_POINT('Ctrl Pts',(5.94263007414211,-0.784488808203704,5.));
#9835=CARTESIAN_POINT('Ctrl Pts',(5.96305348668376,-0.779948780572083,5.));
#9836=CARTESIAN_POINT('Ctrl Pts',(5.98348357232752,-0.775189341748854,5.));
#9837=CARTESIAN_POINT('Ctrl Pts',(6.00391962318757,-0.770204072941482,5.));
#9838=CARTESIAN_POINT('Ctrl Pts',(6.02436055840348,-0.764995021955824,5.));
#9839=CARTESIAN_POINT('Ctrl Pts',(6.04480509225936,-0.75956914191869,5.));
#9840=CARTESIAN_POINT('Ctrl Pts',(6.06525183437937,-0.75393613656717,5.));
#9841=CARTESIAN_POINT('Ctrl Pts',(6.085699408979,-0.7481059149826,5.));
#9842=CARTESIAN_POINT('Ctrl Pts',(6.10614658473831,-0.742085821204916,5.));
#9843=CARTESIAN_POINT('Ctrl Pts',(6.12659233646376,-0.735879298687639,5.));
#9844=CARTESIAN_POINT('Ctrl Pts',(6.14703576923518,-0.729487442834607,5.));
#9845=CARTESIAN_POINT('Ctrl Pts',(6.16747607170195,-0.722909942759137,5.));
#9846=CARTESIAN_POINT('Ctrl Pts',(6.18791246143866,-0.716146192598136,5.));
#9847=CARTESIAN_POINT('Ctrl Pts',(6.20834412507508,-0.709196510817026,5.));
#9848=CARTESIAN_POINT('Ctrl Pts',(6.22877019081928,-0.702062692152895,5.));
#9849=CARTESIAN_POINT('Ctrl Pts',(6.24918975941261,-0.694747352412056,5.));
#9850=CARTESIAN_POINT('Ctrl Pts',(6.26960192225705,-0.687253541119408,5.));
#9851=CARTESIAN_POINT('Ctrl Pts',(6.2900057831365,-0.679584280163763,5.));
#9852=CARTESIAN_POINT('Ctrl Pts',(6.31040048232009,-0.67174205881729,5.));
#9853=CARTESIAN_POINT('Ctrl Pts',(6.33078520630017,-0.663728615861258,5.));
#9854=CARTESIAN_POINT('Ctrl Pts',(6.35115917243481,-0.655545224349949,5.));
#9855=CARTESIAN_POINT('Ctrl Pts',(6.37152161922486,-0.647192865028192,5.));
#9856=CARTESIAN_POINT('Ctrl Pts',(6.39187179522475,-0.638672431603215,5.));
#9857=CARTESIAN_POINT('Ctrl Pts',(6.41220894672401,-0.629984956762124,5.));
#9858=CARTESIAN_POINT('Ctrl Pts',(6.43253231266763,-0.621131715331239,5.));
#9859=CARTESIAN_POINT('Ctrl Pts',(6.45284113240692,-0.612114103596273,5.));
#9860=CARTESIAN_POINT('Ctrl Pts',(6.47313465085531,-0.602933569248351,5.));
#9861=CARTESIAN_POINT('Ctrl Pts',(6.49341212418248,-0.593591527623447,5.));
#9862=CARTESIAN_POINT('Ctrl Pts',(6.51367282688466,-0.584089272060833,5.));
#9863=CARTESIAN_POINT('Ctrl Pts',(6.53391605340814,-0.57442793169461,5.));
#9864=CARTESIAN_POINT('Ctrl Pts',(6.55414110928313,-0.564608525426857,5.));
#9865=CARTESIAN_POINT('Ctrl Pts',(6.57434730432729,-0.554631996591848,5.));
#9866=CARTESIAN_POINT('Ctrl Pts',(6.59453394594868,-0.544499253810596,5.));
#9867=CARTESIAN_POINT('Ctrl Pts',(6.61470033066004,-0.534211216520255,5.));
#9868=CARTESIAN_POINT('Ctrl Pts',(6.63484574263792,-0.523768839268973,5.));
#9869=CARTESIAN_POINT('Ctrl Pts',(6.65496946794747,-0.513173083276488,5.));
#9870=CARTESIAN_POINT('Ctrl Pts',(6.67507080638353,-0.502424899195247,5.));
#9871=CARTESIAN_POINT('Ctrl Pts',(6.6951490830299,-0.49152520772173,5.));
#9872=CARTESIAN_POINT('Ctrl Pts',(6.71520366346005,-0.480474879357799,5.));
#9873=CARTESIAN_POINT('Ctrl Pts',(6.73523395716086,-0.469274724621551,5.));
#9874=CARTESIAN_POINT('Ctrl Pts',(6.75523938559687,-0.457925516237052,5.));
#9875=CARTESIAN_POINT('Ctrl Pts',(6.77521935566245,-0.446428007088991,5.));
#9876=CARTESIAN_POINT('Ctrl Pts',(6.79517323329033,-0.434782949656783,5.));
#9877=CARTESIAN_POINT('Ctrl Pts',(6.81510031215831,-0.422991118845142,5.));
#9878=CARTESIAN_POINT('Ctrl Pts',(6.834999799595,-0.411053325626467,5.));
#9879=CARTESIAN_POINT('Ctrl Pts',(6.8548708826084,-0.398970383755376,5.));
#9880=CARTESIAN_POINT('Ctrl Pts',(6.87471278366857,-0.386743083741631,5.));
#9881=CARTESIAN_POINT('Ctrl Pts',(6.89452481934089,-0.374372165228843,5.));
#9882=CARTESIAN_POINT('Ctrl Pts',(6.91430646122988,-0.36185829058976,5.));
#9883=CARTESIAN_POINT('Ctrl Pts',(6.93405738710469,-0.349202020343613,5.));
#9884=CARTESIAN_POINT('Ctrl Pts',(6.95377742756404,-0.336403804942238,5.));
#9885=CARTESIAN_POINT('Ctrl Pts',(6.96952870286459,-0.326051941655988,5.));
#9886=CARTESIAN_POINT('Ctrl Pts',(6.98132823355252,-0.318224410117591,5.));
#9887=CARTESIAN_POINT('Ctrl Pts',(6.98918840017086,-0.312977783341403,5.));
#9888=CARTESIAN_POINT('Ctrl Pts',(6.99311693668607,-0.310347401848986,5.));
#9889=CARTESIAN_POINT('',(6.99311693668607,0.31034740184898,5.));
#9890=CARTESIAN_POINT('Origin',(8.91509088774001E-13,0.,5.));
#9891=CARTESIAN_POINT('',(5.57833152568884,0.819156496432521,5.));
#9892=CARTESIAN_POINT('Ctrl Pts',(6.99311693668607,0.310347401848986,5.));
#9893=CARTESIAN_POINT('Ctrl Pts',(6.98918840017086,0.312977783341403,5.));
#9894=CARTESIAN_POINT('Ctrl Pts',(6.98132823355252,0.318224410117591,5.));
#9895=CARTESIAN_POINT('Ctrl Pts',(6.96952870286459,0.326051941655988,5.));
#9896=CARTESIAN_POINT('Ctrl Pts',(6.95377742756404,0.336403804942238,5.));
#9897=CARTESIAN_POINT('Ctrl Pts',(6.93405738710469,0.349202020343613,5.));
#9898=CARTESIAN_POINT('Ctrl Pts',(6.91430646122988,0.36185829058976,5.));
#9899=CARTESIAN_POINT('Ctrl Pts',(6.89452481934089,0.374372165228843,5.));
#9900=CARTESIAN_POINT('Ctrl Pts',(6.87471278366857,0.386743083741631,5.));
#9901=CARTESIAN_POINT('Ctrl Pts',(6.8548708826084,0.398970383755376,5.));
#9902=CARTESIAN_POINT('Ctrl Pts',(6.834999799595,0.411053325626467,5.));
#9903=CARTESIAN_POINT('Ctrl Pts',(6.81510031215831,0.422991118845142,5.));
#9904=CARTESIAN_POINT('Ctrl Pts',(6.79517323329033,0.434782949656783,5.));
#9905=CARTESIAN_POINT('Ctrl Pts',(6.77521935566245,0.446428007088991,5.));
#9906=CARTESIAN_POINT('Ctrl Pts',(6.75523938559687,0.457925516237052,5.));
#9907=CARTESIAN_POINT('Ctrl Pts',(6.73523395716086,0.469274724621551,5.));
#9908=CARTESIAN_POINT('Ctrl Pts',(6.71520366346005,0.480474879357799,5.));
#9909=CARTESIAN_POINT('Ctrl Pts',(6.6951490830299,0.49152520772173,5.));
#9910=CARTESIAN_POINT('Ctrl Pts',(6.67507080638353,0.502424899195247,5.));
#9911=CARTESIAN_POINT('Ctrl Pts',(6.65496946794747,0.513173083276488,5.));
#9912=CARTESIAN_POINT('Ctrl Pts',(6.63484574263792,0.523768839268973,5.));
#9913=CARTESIAN_POINT('Ctrl Pts',(6.61470033066004,0.534211216520255,5.));
#9914=CARTESIAN_POINT('Ctrl Pts',(6.59453394594868,0.544499253810596,5.));
#9915=CARTESIAN_POINT('Ctrl Pts',(6.57434730432729,0.554631996591848,5.));
#9916=CARTESIAN_POINT('Ctrl Pts',(6.55414110928313,0.564608525426857,5.));
#9917=CARTESIAN_POINT('Ctrl Pts',(6.53391605340814,0.57442793169461,5.));
#9918=CARTESIAN_POINT('Ctrl Pts',(6.51367282688466,0.584089272060833,5.));
#9919=CARTESIAN_POINT('Ctrl Pts',(6.49341212418248,0.593591527623447,5.));
#9920=CARTESIAN_POINT('Ctrl Pts',(6.47313465085531,0.602933569248351,5.));
#9921=CARTESIAN_POINT('Ctrl Pts',(6.45284113240692,0.612114103596273,5.));
#9922=CARTESIAN_POINT('Ctrl Pts',(6.43253231266763,0.621131715331239,5.));
#9923=CARTESIAN_POINT('Ctrl Pts',(6.41220894672401,0.629984956762124,5.));
#9924=CARTESIAN_POINT('Ctrl Pts',(6.39187179522475,0.638672431603215,5.));
#9925=CARTESIAN_POINT('Ctrl Pts',(6.37152161922486,0.647192865028192,5.));
#9926=CARTESIAN_POINT('Ctrl Pts',(6.35115917243481,0.655545224349949,5.));
#9927=CARTESIAN_POINT('Ctrl Pts',(6.33078520630017,0.663728615861258,5.));
#9928=CARTESIAN_POINT('Ctrl Pts',(6.31040048232009,0.67174205881729,5.));
#9929=CARTESIAN_POINT('Ctrl Pts',(6.2900057831365,0.679584280163763,5.));
#9930=CARTESIAN_POINT('Ctrl Pts',(6.26960192225705,0.687253541119408,5.));
#9931=CARTESIAN_POINT('Ctrl Pts',(6.24918975941261,0.694747352412056,5.));
#9932=CARTESIAN_POINT('Ctrl Pts',(6.22877019081928,0.702062692152895,5.));
#9933=CARTESIAN_POINT('Ctrl Pts',(6.20834412507508,0.709196510817026,5.));
#9934=CARTESIAN_POINT('Ctrl Pts',(6.18791246143866,0.716146192598136,5.));
#9935=CARTESIAN_POINT('Ctrl Pts',(6.16747607170195,0.722909942759137,5.));
#9936=CARTESIAN_POINT('Ctrl Pts',(6.14703576923518,0.729487442834607,5.));
#9937=CARTESIAN_POINT('Ctrl Pts',(6.12659233646376,0.735879298687639,5.));
#9938=CARTESIAN_POINT('Ctrl Pts',(6.10614658473831,0.742085821204916,5.));
#9939=CARTESIAN_POINT('Ctrl Pts',(6.085699408979,0.7481059149826,5.));
#9940=CARTESIAN_POINT('Ctrl Pts',(6.06525183437937,0.75393613656717,5.));
#9941=CARTESIAN_POINT('Ctrl Pts',(6.04480509225936,0.75956914191869,5.));
#9942=CARTESIAN_POINT('Ctrl Pts',(6.02436055840348,0.764995021955824,5.));
#9943=CARTESIAN_POINT('Ctrl Pts',(6.00391962318757,0.770204072941482,5.));
#9944=CARTESIAN_POINT('Ctrl Pts',(5.98348357232752,0.775189341748854,5.));
#9945=CARTESIAN_POINT('Ctrl Pts',(5.96305348668376,0.779948780572083,5.));
#9946=CARTESIAN_POINT('Ctrl Pts',(5.94263007414211,0.784488808203704,5.));
#9947=CARTESIAN_POINT('Ctrl Pts',(5.92221384788795,0.788820702145178,5.));
#9948=CARTESIAN_POINT('Ctrl Pts',(5.90180544812962,0.792954025865178,5.));
#9949=CARTESIAN_POINT('Ctrl Pts',(5.88140594005921,0.796890541761076,5.));
#9950=CARTESIAN_POINT('Ctrl Pts',(5.86101707287446,0.800618948690397,5.));
#9951=CARTESIAN_POINT('Ctrl Pts',(5.84064168190975,0.804106613625441,5.));
#9952=CARTESIAN_POINT('Ctrl Pts',(5.82028325496887,0.807308884627318,5.));
#9953=CARTESIAN_POINT('Ctrl Pts',(5.79994524055244,0.810183891731671,5.));
#9954=CARTESIAN_POINT('Ctrl Pts',(5.77963039369005,0.812706437630233,5.));
#9955=CARTESIAN_POINT('Ctrl Pts',(5.75934021287988,0.814880253014958,5.));
#9956=CARTESIAN_POINT('Ctrl Pts',(5.73907405661381,0.816756280297279,5.));
#9957=CARTESIAN_POINT('Ctrl Pts',(5.71883064239729,0.818405845176578,5.));
#9958=CARTESIAN_POINT('Ctrl Pts',(5.69861004180534,0.81988433897228,5.));
#9959=CARTESIAN_POINT('Ctrl Pts',(5.67841557229104,0.821197069046024,5.));
#9960=CARTESIAN_POINT('Ctrl Pts',(5.65825558536965,0.822266614146113,5.));
#9961=CARTESIAN_POINT('Ctrl Pts',(5.63814570714672,0.822892842967062,5.));
#9962=CARTESIAN_POINT('Ctrl Pts',(5.61810530202398,0.822807648942148,5.));
#9963=CARTESIAN_POINT('Ctrl Pts',(5.60214371102085,0.821953460546365,5.));
#9964=CARTESIAN_POINT('Ctrl Pts',(5.59021886985926,0.820774876712852,5.));
#9965=CARTESIAN_POINT('Ctrl Pts',(5.58229040258206,0.819737842254425,5.));
#9966=CARTESIAN_POINT('Ctrl Pts',(5.57833152568884,0.819156496432521,5.));
#9967=CARTESIAN_POINT('',(5.26310981997011,0.772867403203313,5.));
#9968=CARTESIAN_POINT('',(4.78171898400603,0.702177013292441,5.));
#9969=CARTESIAN_POINT('',(4.70474001709825,1.14894315417012,5.));
#9970=CARTESIAN_POINT('Origin',(5.19046580866321,1.26756210463162,5.));
#9971=CARTESIAN_POINT('Origin',(0.,0.,5.));
#9972=CARTESIAN_POINT('Origin',(0.,0.,5.));
#9973=CARTESIAN_POINT('Origin',(0.,0.,5.));
#9974=CARTESIAN_POINT('Origin',(0.,0.,5.));
#9975=CARTESIAN_POINT('Origin',(0.,0.,5.));
#9976=CARTESIAN_POINT('Origin',(0.,0.,5.));
#9977=CARTESIAN_POINT('Origin',(0.,0.,5.));
#9978=CARTESIAN_POINT('Origin',(0.,0.,5.));
#9979=CARTESIAN_POINT('Origin',(0.,0.,5.));
#9980=CARTESIAN_POINT('Origin',(0.,0.,5.));
#9981=CARTESIAN_POINT('Origin',(0.,0.,5.));
#9982=CARTESIAN_POINT('',(-1.,-1.22464679914735E-16,5.));
#9983=CARTESIAN_POINT('Origin',(0.,0.,5.));
#9984=CARTESIAN_POINT('Origin',(0.,0.,0.));
#9985=CARTESIAN_POINT('',(4.70474001709825,1.14894315417012,0.));
#9986=CARTESIAN_POINT('Origin',(0.,0.,0.));
#9987=CARTESIAN_POINT('Origin',(0.,0.,0.));
#9988=CARTESIAN_POINT('Origin',(0.,0.,0.));
#9989=CARTESIAN_POINT('Origin',(0.,0.,0.));
#9990=CARTESIAN_POINT('Origin',(0.,0.,0.));
#9991=CARTESIAN_POINT('Origin',(0.,0.,0.));
#9992=CARTESIAN_POINT('Origin',(0.,0.,0.));
#9993=CARTESIAN_POINT('Origin',(0.,0.,0.));
#9994=CARTESIAN_POINT('Origin',(0.,0.,0.));
#9995=CARTESIAN_POINT('Origin',(0.,0.,0.));
#9996=CARTESIAN_POINT('Origin',(5.19046580866321,1.26756210463162,0.));
#9997=CARTESIAN_POINT('',(5.26310981997011,0.772867403203313,0.));
#9998=CARTESIAN_POINT('Origin',(5.57833152568884,0.819156496432521,0.));
#9999=CARTESIAN_POINT('',(5.57833152568884,0.819156496432521,0.));
#10000=CARTESIAN_POINT('Origin',(5.19046580866321,-1.26756210463162,0.));
#10001=CARTESIAN_POINT('',(5.26310981997011,-0.772867403203313,0.));
#10002=CARTESIAN_POINT('',(4.70474001709825,-1.14894315417012,0.));
#10003=CARTESIAN_POINT('Origin',(4.78171898400603,-0.702177013292441,0.));
#10004=CARTESIAN_POINT('',(5.57833152568884,-0.819156496432521,0.));
#10005=CARTESIAN_POINT('Ctrl Pts',(6.99311693668607,0.310347401848986,0.));
#10006=CARTESIAN_POINT('Ctrl Pts',(6.99311693668607,0.310347401848986,5.));
#10007=CARTESIAN_POINT('Ctrl Pts',(6.98918840017086,0.312977783341403,0.));
#10008=CARTESIAN_POINT('Ctrl Pts',(6.98918840017086,0.312977783341403,5.));
#10009=CARTESIAN_POINT('Ctrl Pts',(6.98132823355252,0.318224410117591,0.));
#10010=CARTESIAN_POINT('Ctrl Pts',(6.98132823355252,0.318224410117591,5.));
#10011=CARTESIAN_POINT('Ctrl Pts',(6.96952870286459,0.326051941655988,0.));
#10012=CARTESIAN_POINT('Ctrl Pts',(6.96952870286459,0.326051941655988,5.));
#10013=CARTESIAN_POINT('Ctrl Pts',(6.95377742756404,0.336403804942238,0.));
#10014=CARTESIAN_POINT('Ctrl Pts',(6.95377742756404,0.336403804942238,5.));
#10015=CARTESIAN_POINT('Ctrl Pts',(6.93405738710469,0.349202020343613,0.));
#10016=CARTESIAN_POINT('Ctrl Pts',(6.93405738710469,0.349202020343613,5.));
#10017=CARTESIAN_POINT('Ctrl Pts',(6.91430646122988,0.36185829058976,0.));
#10018=CARTESIAN_POINT('Ctrl Pts',(6.91430646122988,0.36185829058976,5.));
#10019=CARTESIAN_POINT('Ctrl Pts',(6.89452481934089,0.374372165228843,0.));
#10020=CARTESIAN_POINT('Ctrl Pts',(6.89452481934089,0.374372165228843,5.));
#10021=CARTESIAN_POINT('Ctrl Pts',(6.87471278366857,0.386743083741631,0.));
#10022=CARTESIAN_POINT('Ctrl Pts',(6.87471278366857,0.386743083741631,5.));
#10023=CARTESIAN_POINT('Ctrl Pts',(6.8548708826084,0.398970383755376,0.));
#10024=CARTESIAN_POINT('Ctrl Pts',(6.8548708826084,0.398970383755376,5.));
#10025=CARTESIAN_POINT('Ctrl Pts',(6.834999799595,0.411053325626467,0.));
#10026=CARTESIAN_POINT('Ctrl Pts',(6.834999799595,0.411053325626467,5.));
#10027=CARTESIAN_POINT('Ctrl Pts',(6.81510031215831,0.422991118845142,0.));
#10028=CARTESIAN_POINT('Ctrl Pts',(6.81510031215831,0.422991118845142,5.));
#10029=CARTESIAN_POINT('Ctrl Pts',(6.79517323329033,0.434782949656783,0.));
#10030=CARTESIAN_POINT('Ctrl Pts',(6.79517323329033,0.434782949656783,5.));
#10031=CARTESIAN_POINT('Ctrl Pts',(6.77521935566245,0.446428007088991,0.));
#10032=CARTESIAN_POINT('Ctrl Pts',(6.77521935566245,0.446428007088991,5.));
#10033=CARTESIAN_POINT('Ctrl Pts',(6.75523938559687,0.457925516237052,0.));
#10034=CARTESIAN_POINT('Ctrl Pts',(6.75523938559687,0.457925516237052,5.));
#10035=CARTESIAN_POINT('Ctrl Pts',(6.73523395716086,0.469274724621551,0.));
#10036=CARTESIAN_POINT('Ctrl Pts',(6.73523395716086,0.469274724621551,5.));
#10037=CARTESIAN_POINT('Ctrl Pts',(6.71520366346005,0.480474879357799,0.));
#10038=CARTESIAN_POINT('Ctrl Pts',(6.71520366346005,0.480474879357799,5.));
#10039=CARTESIAN_POINT('Ctrl Pts',(6.6951490830299,0.49152520772173,0.));
#10040=CARTESIAN_POINT('Ctrl Pts',(6.6951490830299,0.49152520772173,5.));
#10041=CARTESIAN_POINT('Ctrl Pts',(6.67507080638353,0.502424899195247,0.));
#10042=CARTESIAN_POINT('Ctrl Pts',(6.67507080638353,0.502424899195247,5.));
#10043=CARTESIAN_POINT('Ctrl Pts',(6.65496946794747,0.513173083276488,0.));
#10044=CARTESIAN_POINT('Ctrl Pts',(6.65496946794747,0.513173083276488,5.));
#10045=CARTESIAN_POINT('Ctrl Pts',(6.63484574263792,0.523768839268973,0.));
#10046=CARTESIAN_POINT('Ctrl Pts',(6.63484574263792,0.523768839268973,5.));
#10047=CARTESIAN_POINT('Ctrl Pts',(6.61470033066004,0.534211216520255,0.));
#10048=CARTESIAN_POINT('Ctrl Pts',(6.61470033066004,0.534211216520255,5.));
#10049=CARTESIAN_POINT('Ctrl Pts',(6.59453394594868,0.544499253810596,0.));
#10050=CARTESIAN_POINT('Ctrl Pts',(6.59453394594868,0.544499253810596,5.));
#10051=CARTESIAN_POINT('Ctrl Pts',(6.57434730432729,0.554631996591848,0.));
#10052=CARTESIAN_POINT('Ctrl Pts',(6.57434730432729,0.554631996591848,5.));
#10053=CARTESIAN_POINT('Ctrl Pts',(6.55414110928313,0.564608525426857,0.));
#10054=CARTESIAN_POINT('Ctrl Pts',(6.55414110928313,0.564608525426857,5.));
#10055=CARTESIAN_POINT('Ctrl Pts',(6.53391605340814,0.57442793169461,0.));
#10056=CARTESIAN_POINT('Ctrl Pts',(6.53391605340814,0.57442793169461,5.));
#10057=CARTESIAN_POINT('Ctrl Pts',(6.51367282688466,0.584089272060833,0.));
#10058=CARTESIAN_POINT('Ctrl Pts',(6.51367282688466,0.584089272060833,5.));
#10059=CARTESIAN_POINT('Ctrl Pts',(6.49341212418248,0.593591527623447,0.));
#10060=CARTESIAN_POINT('Ctrl Pts',(6.49341212418248,0.593591527623447,5.));
#10061=CARTESIAN_POINT('Ctrl Pts',(6.47313465085531,0.602933569248351,0.));
#10062=CARTESIAN_POINT('Ctrl Pts',(6.47313465085531,0.602933569248351,5.));
#10063=CARTESIAN_POINT('Ctrl Pts',(6.45284113240692,0.612114103596273,0.));
#10064=CARTESIAN_POINT('Ctrl Pts',(6.45284113240692,0.612114103596273,5.));
#10065=CARTESIAN_POINT('Ctrl Pts',(6.43253231266763,0.621131715331239,0.));
#10066=CARTESIAN_POINT('Ctrl Pts',(6.43253231266763,0.621131715331239,5.));
#10067=CARTESIAN_POINT('Ctrl Pts',(6.41220894672401,0.629984956762124,0.));
#10068=CARTESIAN_POINT('Ctrl Pts',(6.41220894672401,0.629984956762124,5.));
#10069=CARTESIAN_POINT('Ctrl Pts',(6.39187179522475,0.638672431603215,0.));
#10070=CARTESIAN_POINT('Ctrl Pts',(6.39187179522475,0.638672431603215,5.));
#10071=CARTESIAN_POINT('Ctrl Pts',(6.37152161922486,0.647192865028192,0.));
#10072=CARTESIAN_POINT('Ctrl Pts',(6.37152161922486,0.647192865028192,5.));
#10073=CARTESIAN_POINT('Ctrl Pts',(6.35115917243481,0.655545224349949,0.));
#10074=CARTESIAN_POINT('Ctrl Pts',(6.35115917243481,0.655545224349949,5.));
#10075=CARTESIAN_POINT('Ctrl Pts',(6.33078520630017,0.663728615861258,0.));
#10076=CARTESIAN_POINT('Ctrl Pts',(6.33078520630017,0.663728615861258,5.));
#10077=CARTESIAN_POINT('Ctrl Pts',(6.31040048232009,0.67174205881729,0.));
#10078=CARTESIAN_POINT('Ctrl Pts',(6.31040048232009,0.67174205881729,5.));
#10079=CARTESIAN_POINT('Ctrl Pts',(6.2900057831365,0.679584280163763,0.));
#10080=CARTESIAN_POINT('Ctrl Pts',(6.2900057831365,0.679584280163763,5.));
#10081=CARTESIAN_POINT('Ctrl Pts',(6.26960192225705,0.687253541119408,0.));
#10082=CARTESIAN_POINT('Ctrl Pts',(6.26960192225705,0.687253541119408,5.));
#10083=CARTESIAN_POINT('Ctrl Pts',(6.24918975941261,0.694747352412056,0.));
#10084=CARTESIAN_POINT('Ctrl Pts',(6.24918975941261,0.694747352412056,5.));
#10085=CARTESIAN_POINT('Ctrl Pts',(6.22877019081928,0.702062692152895,0.));
#10086=CARTESIAN_POINT('Ctrl Pts',(6.22877019081928,0.702062692152895,5.));
#10087=CARTESIAN_POINT('Ctrl Pts',(6.20834412507508,0.709196510817026,0.));
#10088=CARTESIAN_POINT('Ctrl Pts',(6.20834412507508,0.709196510817026,5.));
#10089=CARTESIAN_POINT('Ctrl Pts',(6.18791246143866,0.716146192598136,0.));
#10090=CARTESIAN_POINT('Ctrl Pts',(6.18791246143866,0.716146192598136,5.));
#10091=CARTESIAN_POINT('Ctrl Pts',(6.16747607170195,0.722909942759137,0.));
#10092=CARTESIAN_POINT('Ctrl Pts',(6.16747607170195,0.722909942759137,5.));
#10093=CARTESIAN_POINT('Ctrl Pts',(6.14703576923518,0.729487442834607,0.));
#10094=CARTESIAN_POINT('Ctrl Pts',(6.14703576923518,0.729487442834607,5.));
#10095=CARTESIAN_POINT('Ctrl Pts',(6.12659233646376,0.735879298687639,0.));
#10096=CARTESIAN_POINT('Ctrl Pts',(6.12659233646376,0.735879298687639,5.));
#10097=CARTESIAN_POINT('Ctrl Pts',(6.10614658473831,0.742085821204916,0.));
#10098=CARTESIAN_POINT('Ctrl Pts',(6.10614658473831,0.742085821204916,5.));
#10099=CARTESIAN_POINT('Ctrl Pts',(6.085699408979,0.7481059149826,0.));
#10100=CARTESIAN_POINT('Ctrl Pts',(6.085699408979,0.7481059149826,5.));
#10101=CARTESIAN_POINT('Ctrl Pts',(6.06525183437937,0.75393613656717,0.));
#10102=CARTESIAN_POINT('Ctrl Pts',(6.06525183437937,0.75393613656717,5.));
#10103=CARTESIAN_POINT('Ctrl Pts',(6.04480509225936,0.75956914191869,0.));
#10104=CARTESIAN_POINT('Ctrl Pts',(6.04480509225936,0.75956914191869,5.));
#10105=CARTESIAN_POINT('Ctrl Pts',(6.02436055840348,0.764995021955824,0.));
#10106=CARTESIAN_POINT('Ctrl Pts',(6.02436055840348,0.764995021955824,5.));
#10107=CARTESIAN_POINT('Ctrl Pts',(6.00391962318757,0.770204072941482,0.));
#10108=CARTESIAN_POINT('Ctrl Pts',(6.00391962318757,0.770204072941482,5.));
#10109=CARTESIAN_POINT('Ctrl Pts',(5.98348357232752,0.775189341748854,0.));
#10110=CARTESIAN_POINT('Ctrl Pts',(5.98348357232752,0.775189341748854,5.));
#10111=CARTESIAN_POINT('Ctrl Pts',(5.96305348668376,0.779948780572083,0.));
#10112=CARTESIAN_POINT('Ctrl Pts',(5.96305348668376,0.779948780572083,5.));
#10113=CARTESIAN_POINT('Ctrl Pts',(5.94263007414211,0.784488808203704,0.));
#10114=CARTESIAN_POINT('Ctrl Pts',(5.94263007414211,0.784488808203704,5.));
#10115=CARTESIAN_POINT('Ctrl Pts',(5.92221384788795,0.788820702145178,0.));
#10116=CARTESIAN_POINT('Ctrl Pts',(5.92221384788795,0.788820702145178,5.));
#10117=CARTESIAN_POINT('Ctrl Pts',(5.90180544812962,0.792954025865178,0.));
#10118=CARTESIAN_POINT('Ctrl Pts',(5.90180544812962,0.792954025865178,5.));
#10119=CARTESIAN_POINT('Ctrl Pts',(5.88140594005921,0.796890541761076,0.));
#10120=CARTESIAN_POINT('Ctrl Pts',(5.88140594005921,0.796890541761076,5.));
#10121=CARTESIAN_POINT('Ctrl Pts',(5.86101707287446,0.800618948690397,0.));
#10122=CARTESIAN_POINT('Ctrl Pts',(5.86101707287446,0.800618948690397,5.));
#10123=CARTESIAN_POINT('Ctrl Pts',(5.84064168190975,0.804106613625441,0.));
#10124=CARTESIAN_POINT('Ctrl Pts',(5.84064168190975,0.804106613625441,5.));
#10125=CARTESIAN_POINT('Ctrl Pts',(5.82028325496887,0.807308884627318,0.));
#10126=CARTESIAN_POINT('Ctrl Pts',(5.82028325496887,0.807308884627318,5.));
#10127=CARTESIAN_POINT('Ctrl Pts',(5.79994524055244,0.810183891731671,0.));
#10128=CARTESIAN_POINT('Ctrl Pts',(5.79994524055244,0.810183891731671,5.));
#10129=CARTESIAN_POINT('Ctrl Pts',(5.77963039369005,0.812706437630233,0.));
#10130=CARTESIAN_POINT('Ctrl Pts',(5.77963039369005,0.812706437630233,5.));
#10131=CARTESIAN_POINT('Ctrl Pts',(5.75934021287988,0.814880253014958,0.));
#10132=CARTESIAN_POINT('Ctrl Pts',(5.75934021287988,0.814880253014958,5.));
#10133=CARTESIAN_POINT('Ctrl Pts',(5.73907405661381,0.816756280297279,0.));
#10134=CARTESIAN_POINT('Ctrl Pts',(5.73907405661381,0.816756280297279,5.));
#10135=CARTESIAN_POINT('Ctrl Pts',(5.71883064239729,0.818405845176578,0.));
#10136=CARTESIAN_POINT('Ctrl Pts',(5.71883064239729,0.818405845176578,5.));
#10137=CARTESIAN_POINT('Ctrl Pts',(5.69861004180534,0.81988433897228,0.));
#10138=CARTESIAN_POINT('Ctrl Pts',(5.69861004180534,0.81988433897228,5.));
#10139=CARTESIAN_POINT('Ctrl Pts',(5.67841557229104,0.821197069046024,0.));
#10140=CARTESIAN_POINT('Ctrl Pts',(5.67841557229104,0.821197069046024,5.));
#10141=CARTESIAN_POINT('Ctrl Pts',(5.65825558536965,0.822266614146113,0.));
#10142=CARTESIAN_POINT('Ctrl Pts',(5.65825558536965,0.822266614146113,5.));
#10143=CARTESIAN_POINT('Ctrl Pts',(5.63814570714672,0.822892842967062,0.));
#10144=CARTESIAN_POINT('Ctrl Pts',(5.63814570714672,0.822892842967062,5.));
#10145=CARTESIAN_POINT('Ctrl Pts',(5.61810530202398,0.822807648942148,0.));
#10146=CARTESIAN_POINT('Ctrl Pts',(5.61810530202398,0.822807648942148,5.));
#10147=CARTESIAN_POINT('Ctrl Pts',(5.60214371102085,0.821953460546365,0.));
#10148=CARTESIAN_POINT('Ctrl Pts',(5.60214371102085,0.821953460546365,5.));
#10149=CARTESIAN_POINT('Ctrl Pts',(5.59021886985926,0.820774876712852,0.));
#10150=CARTESIAN_POINT('Ctrl Pts',(5.59021886985926,0.820774876712852,5.));
#10151=CARTESIAN_POINT('Ctrl Pts',(5.58229040258206,0.819737842254425,0.));
#10152=CARTESIAN_POINT('Ctrl Pts',(5.58229040258206,0.819737842254425,5.));
#10153=CARTESIAN_POINT('Ctrl Pts',(5.57833152568884,0.819156496432521,0.));
#10154=CARTESIAN_POINT('Ctrl Pts',(5.57833152568884,0.819156496432521,5.));
#10155=CARTESIAN_POINT('',(6.99311693668607,0.31034740184898,0.));
#10156=CARTESIAN_POINT('Origin',(8.91509088774001E-13,0.,0.));
#10157=CARTESIAN_POINT('',(6.99311693668607,-0.310347401848986,0.));
#10158=CARTESIAN_POINT('Ctrl Pts',(5.57833152568884,-0.819156496432521,
0.));
#10159=CARTESIAN_POINT('Ctrl Pts',(5.57833152568884,-0.819156496432521,
5.));
#10160=CARTESIAN_POINT('Ctrl Pts',(5.58229040258206,-0.819737842254425,
0.));
#10161=CARTESIAN_POINT('Ctrl Pts',(5.58229040258206,-0.819737842254425,
5.));
#10162=CARTESIAN_POINT('Ctrl Pts',(5.59021886985926,-0.820774876712852,
0.));
#10163=CARTESIAN_POINT('Ctrl Pts',(5.59021886985926,-0.820774876712852,
5.));
#10164=CARTESIAN_POINT('Ctrl Pts',(5.60214371102085,-0.821953460546365,
0.));
#10165=CARTESIAN_POINT('Ctrl Pts',(5.60214371102085,-0.821953460546365,
5.));
#10166=CARTESIAN_POINT('Ctrl Pts',(5.61810530202398,-0.822807648942148,
0.));
#10167=CARTESIAN_POINT('Ctrl Pts',(5.61810530202398,-0.822807648942148,
5.));
#10168=CARTESIAN_POINT('Ctrl Pts',(5.63814570714672,-0.822892842967062,
0.));
#10169=CARTESIAN_POINT('Ctrl Pts',(5.63814570714672,-0.822892842967062,
5.));
#10170=CARTESIAN_POINT('Ctrl Pts',(5.65825558536965,-0.822266614146113,
0.));
#10171=CARTESIAN_POINT('Ctrl Pts',(5.65825558536965,-0.822266614146113,
5.));
#10172=CARTESIAN_POINT('Ctrl Pts',(5.67841557229104,-0.821197069046024,
0.));
#10173=CARTESIAN_POINT('Ctrl Pts',(5.67841557229104,-0.821197069046024,
5.));
#10174=CARTESIAN_POINT('Ctrl Pts',(5.69861004180534,-0.81988433897228,0.));
#10175=CARTESIAN_POINT('Ctrl Pts',(5.69861004180534,-0.81988433897228,5.));
#10176=CARTESIAN_POINT('Ctrl Pts',(5.71883064239729,-0.818405845176578,
0.));
#10177=CARTESIAN_POINT('Ctrl Pts',(5.71883064239729,-0.818405845176578,
5.));
#10178=CARTESIAN_POINT('Ctrl Pts',(5.73907405661381,-0.816756280297279,
0.));
#10179=CARTESIAN_POINT('Ctrl Pts',(5.73907405661381,-0.816756280297279,
5.));
#10180=CARTESIAN_POINT('Ctrl Pts',(5.75934021287988,-0.814880253014958,
0.));
#10181=CARTESIAN_POINT('Ctrl Pts',(5.75934021287988,-0.814880253014958,
5.));
#10182=CARTESIAN_POINT('Ctrl Pts',(5.77963039369005,-0.812706437630233,
0.));
#10183=CARTESIAN_POINT('Ctrl Pts',(5.77963039369005,-0.812706437630233,
5.));
#10184=CARTESIAN_POINT('Ctrl Pts',(5.79994524055244,-0.810183891731671,
0.));
#10185=CARTESIAN_POINT('Ctrl Pts',(5.79994524055244,-0.810183891731671,
5.));
#10186=CARTESIAN_POINT('Ctrl Pts',(5.82028325496887,-0.807308884627318,
0.));
#10187=CARTESIAN_POINT('Ctrl Pts',(5.82028325496887,-0.807308884627318,
5.));
#10188=CARTESIAN_POINT('Ctrl Pts',(5.84064168190975,-0.804106613625441,
0.));
#10189=CARTESIAN_POINT('Ctrl Pts',(5.84064168190975,-0.804106613625441,
5.));
#10190=CARTESIAN_POINT('Ctrl Pts',(5.86101707287446,-0.800618948690397,
0.));
#10191=CARTESIAN_POINT('Ctrl Pts',(5.86101707287446,-0.800618948690397,
5.));
#10192=CARTESIAN_POINT('Ctrl Pts',(5.88140594005921,-0.796890541761076,
0.));
#10193=CARTESIAN_POINT('Ctrl Pts',(5.88140594005921,-0.796890541761076,
5.));
#10194=CARTESIAN_POINT('Ctrl Pts',(5.90180544812962,-0.792954025865178,
0.));
#10195=CARTESIAN_POINT('Ctrl Pts',(5.90180544812962,-0.792954025865178,
5.));
#10196=CARTESIAN_POINT('Ctrl Pts',(5.92221384788795,-0.788820702145178,
0.));
#10197=CARTESIAN_POINT('Ctrl Pts',(5.92221384788795,-0.788820702145178,
5.));
#10198=CARTESIAN_POINT('Ctrl Pts',(5.94263007414211,-0.784488808203704,
0.));
#10199=CARTESIAN_POINT('Ctrl Pts',(5.94263007414211,-0.784488808203704,
5.));
#10200=CARTESIAN_POINT('Ctrl Pts',(5.96305348668376,-0.779948780572083,
0.));
#10201=CARTESIAN_POINT('Ctrl Pts',(5.96305348668376,-0.779948780572083,
5.));
#10202=CARTESIAN_POINT('Ctrl Pts',(5.98348357232752,-0.775189341748854,
0.));
#10203=CARTESIAN_POINT('Ctrl Pts',(5.98348357232752,-0.775189341748854,
5.));
#10204=CARTESIAN_POINT('Ctrl Pts',(6.00391962318757,-0.770204072941482,
0.));
#10205=CARTESIAN_POINT('Ctrl Pts',(6.00391962318757,-0.770204072941482,
5.));
#10206=CARTESIAN_POINT('Ctrl Pts',(6.02436055840348,-0.764995021955824,
0.));
#10207=CARTESIAN_POINT('Ctrl Pts',(6.02436055840348,-0.764995021955824,
5.));
#10208=CARTESIAN_POINT('Ctrl Pts',(6.04480509225936,-0.75956914191869,0.));
#10209=CARTESIAN_POINT('Ctrl Pts',(6.04480509225936,-0.75956914191869,5.));
#10210=CARTESIAN_POINT('Ctrl Pts',(6.06525183437937,-0.75393613656717,0.));
#10211=CARTESIAN_POINT('Ctrl Pts',(6.06525183437937,-0.75393613656717,5.));
#10212=CARTESIAN_POINT('Ctrl Pts',(6.085699408979,-0.7481059149826,0.));
#10213=CARTESIAN_POINT('Ctrl Pts',(6.085699408979,-0.7481059149826,5.));
#10214=CARTESIAN_POINT('Ctrl Pts',(6.10614658473831,-0.742085821204916,
0.));
#10215=CARTESIAN_POINT('Ctrl Pts',(6.10614658473831,-0.742085821204916,
5.));
#10216=CARTESIAN_POINT('Ctrl Pts',(6.12659233646376,-0.735879298687639,
0.));
#10217=CARTESIAN_POINT('Ctrl Pts',(6.12659233646376,-0.735879298687639,
5.));
#10218=CARTESIAN_POINT('Ctrl Pts',(6.14703576923518,-0.729487442834607,
0.));
#10219=CARTESIAN_POINT('Ctrl Pts',(6.14703576923518,-0.729487442834607,
5.));
#10220=CARTESIAN_POINT('Ctrl Pts',(6.16747607170195,-0.722909942759137,
0.));
#10221=CARTESIAN_POINT('Ctrl Pts',(6.16747607170195,-0.722909942759137,
5.));
#10222=CARTESIAN_POINT('Ctrl Pts',(6.18791246143866,-0.716146192598136,
0.));
#10223=CARTESIAN_POINT('Ctrl Pts',(6.18791246143866,-0.716146192598136,
5.));
#10224=CARTESIAN_POINT('Ctrl Pts',(6.20834412507508,-0.709196510817026,
0.));
#10225=CARTESIAN_POINT('Ctrl Pts',(6.20834412507508,-0.709196510817026,
5.));
#10226=CARTESIAN_POINT('Ctrl Pts',(6.22877019081928,-0.702062692152895,
0.));
#10227=CARTESIAN_POINT('Ctrl Pts',(6.22877019081928,-0.702062692152895,
5.));
#10228=CARTESIAN_POINT('Ctrl Pts',(6.24918975941261,-0.694747352412056,
0.));
#10229=CARTESIAN_POINT('Ctrl Pts',(6.24918975941261,-0.694747352412056,
5.));
#10230=CARTESIAN_POINT('Ctrl Pts',(6.26960192225705,-0.687253541119408,
0.));
#10231=CARTESIAN_POINT('Ctrl Pts',(6.26960192225705,-0.687253541119408,
5.));
#10232=CARTESIAN_POINT('Ctrl Pts',(6.2900057831365,-0.679584280163763,0.));
#10233=CARTESIAN_POINT('Ctrl Pts',(6.2900057831365,-0.679584280163763,5.));
#10234=CARTESIAN_POINT('Ctrl Pts',(6.31040048232009,-0.67174205881729,0.));
#10235=CARTESIAN_POINT('Ctrl Pts',(6.31040048232009,-0.67174205881729,5.));
#10236=CARTESIAN_POINT('Ctrl Pts',(6.33078520630017,-0.663728615861258,
0.));
#10237=CARTESIAN_POINT('Ctrl Pts',(6.33078520630017,-0.663728615861258,
5.));
#10238=CARTESIAN_POINT('Ctrl Pts',(6.35115917243481,-0.655545224349949,
0.));
#10239=CARTESIAN_POINT('Ctrl Pts',(6.35115917243481,-0.655545224349949,
5.));
#10240=CARTESIAN_POINT('Ctrl Pts',(6.37152161922486,-0.647192865028192,
0.));
#10241=CARTESIAN_POINT('Ctrl Pts',(6.37152161922486,-0.647192865028192,
5.));
#10242=CARTESIAN_POINT('Ctrl Pts',(6.39187179522475,-0.638672431603215,
0.));
#10243=CARTESIAN_POINT('Ctrl Pts',(6.39187179522475,-0.638672431603215,
5.));
#10244=CARTESIAN_POINT('Ctrl Pts',(6.41220894672401,-0.629984956762124,
0.));
#10245=CARTESIAN_POINT('Ctrl Pts',(6.41220894672401,-0.629984956762124,
5.));
#10246=CARTESIAN_POINT('Ctrl Pts',(6.43253231266763,-0.621131715331239,
0.));
#10247=CARTESIAN_POINT('Ctrl Pts',(6.43253231266763,-0.621131715331239,
5.));
#10248=CARTESIAN_POINT('Ctrl Pts',(6.45284113240692,-0.612114103596273,
0.));
#10249=CARTESIAN_POINT('Ctrl Pts',(6.45284113240692,-0.612114103596273,
5.));
#10250=CARTESIAN_POINT('Ctrl Pts',(6.47313465085531,-0.602933569248351,
0.));
#10251=CARTESIAN_POINT('Ctrl Pts',(6.47313465085531,-0.602933569248351,
5.));
#10252=CARTESIAN_POINT('Ctrl Pts',(6.49341212418248,-0.593591527623447,
0.));
#10253=CARTESIAN_POINT('Ctrl Pts',(6.49341212418248,-0.593591527623447,
5.));
#10254=CARTESIAN_POINT('Ctrl Pts',(6.51367282688466,-0.584089272060833,
0.));
#10255=CARTESIAN_POINT('Ctrl Pts',(6.51367282688466,-0.584089272060833,
5.));
#10256=CARTESIAN_POINT('Ctrl Pts',(6.53391605340814,-0.57442793169461,0.));
#10257=CARTESIAN_POINT('Ctrl Pts',(6.53391605340814,-0.57442793169461,5.));
#10258=CARTESIAN_POINT('Ctrl Pts',(6.55414110928313,-0.564608525426857,
0.));
#10259=CARTESIAN_POINT('Ctrl Pts',(6.55414110928313,-0.564608525426857,
5.));
#10260=CARTESIAN_POINT('Ctrl Pts',(6.57434730432729,-0.554631996591848,
0.));
#10261=CARTESIAN_POINT('Ctrl Pts',(6.57434730432729,-0.554631996591848,
5.));
#10262=CARTESIAN_POINT('Ctrl Pts',(6.59453394594868,-0.544499253810596,
0.));
#10263=CARTESIAN_POINT('Ctrl Pts',(6.59453394594868,-0.544499253810596,
5.));
#10264=CARTESIAN_POINT('Ctrl Pts',(6.61470033066004,-0.534211216520255,
0.));
#10265=CARTESIAN_POINT('Ctrl Pts',(6.61470033066004,-0.534211216520255,
5.));
#10266=CARTESIAN_POINT('Ctrl Pts',(6.63484574263792,-0.523768839268973,
0.));
#10267=CARTESIAN_POINT('Ctrl Pts',(6.63484574263792,-0.523768839268973,
5.));
#10268=CARTESIAN_POINT('Ctrl Pts',(6.65496946794747,-0.513173083276488,
0.));
#10269=CARTESIAN_POINT('Ctrl Pts',(6.65496946794747,-0.513173083276488,
5.));
#10270=CARTESIAN_POINT('Ctrl Pts',(6.67507080638353,-0.502424899195247,
0.));
#10271=CARTESIAN_POINT('Ctrl Pts',(6.67507080638353,-0.502424899195247,
5.));
#10272=CARTESIAN_POINT('Ctrl Pts',(6.6951490830299,-0.49152520772173,0.));
#10273=CARTESIAN_POINT('Ctrl Pts',(6.6951490830299,-0.49152520772173,5.));
#10274=CARTESIAN_POINT('Ctrl Pts',(6.71520366346005,-0.480474879357799,
0.));
#10275=CARTESIAN_POINT('Ctrl Pts',(6.71520366346005,-0.480474879357799,
5.));
#10276=CARTESIAN_POINT('Ctrl Pts',(6.73523395716086,-0.469274724621551,
0.));
#10277=CARTESIAN_POINT('Ctrl Pts',(6.73523395716086,-0.469274724621551,
5.));
#10278=CARTESIAN_POINT('Ctrl Pts',(6.75523938559687,-0.457925516237052,
0.));
#10279=CARTESIAN_POINT('Ctrl Pts',(6.75523938559687,-0.457925516237052,
5.));
#10280=CARTESIAN_POINT('Ctrl Pts',(6.77521935566245,-0.446428007088991,
0.));
#10281=CARTESIAN_POINT('Ctrl Pts',(6.77521935566245,-0.446428007088991,
5.));
#10282=CARTESIAN_POINT('Ctrl Pts',(6.79517323329033,-0.434782949656783,
0.));
#10283=CARTESIAN_POINT('Ctrl Pts',(6.79517323329033,-0.434782949656783,
5.));
#10284=CARTESIAN_POINT('Ctrl Pts',(6.81510031215831,-0.422991118845142,
0.));
#10285=CARTESIAN_POINT('Ctrl Pts',(6.81510031215831,-0.422991118845142,
5.));
#10286=CARTESIAN_POINT('Ctrl Pts',(6.834999799595,-0.411053325626467,0.));
#10287=CARTESIAN_POINT('Ctrl Pts',(6.834999799595,-0.411053325626467,5.));
#10288=CARTESIAN_POINT('Ctrl Pts',(6.8548708826084,-0.398970383755376,0.));
#10289=CARTESIAN_POINT('Ctrl Pts',(6.8548708826084,-0.398970383755376,5.));
#10290=CARTESIAN_POINT('Ctrl Pts',(6.87471278366857,-0.386743083741631,
0.));
#10291=CARTESIAN_POINT('Ctrl Pts',(6.87471278366857,-0.386743083741631,
5.));
#10292=CARTESIAN_POINT('Ctrl Pts',(6.89452481934089,-0.374372165228843,
0.));
#10293=CARTESIAN_POINT('Ctrl Pts',(6.89452481934089,-0.374372165228843,
5.));
#10294=CARTESIAN_POINT('Ctrl Pts',(6.91430646122988,-0.36185829058976,0.));
#10295=CARTESIAN_POINT('Ctrl Pts',(6.91430646122988,-0.36185829058976,5.));
#10296=CARTESIAN_POINT('Ctrl Pts',(6.93405738710469,-0.349202020343613,
0.));
#10297=CARTESIAN_POINT('Ctrl Pts',(6.93405738710469,-0.349202020343613,
5.));
#10298=CARTESIAN_POINT('Ctrl Pts',(6.95377742756404,-0.336403804942238,
0.));
#10299=CARTESIAN_POINT('Ctrl Pts',(6.95377742756404,-0.336403804942238,
5.));
#10300=CARTESIAN_POINT('Ctrl Pts',(6.96952870286459,-0.326051941655988,
0.));
#10301=CARTESIAN_POINT('Ctrl Pts',(6.96952870286459,-0.326051941655988,
5.));
#10302=CARTESIAN_POINT('Ctrl Pts',(6.98132823355252,-0.318224410117591,
0.));
#10303=CARTESIAN_POINT('Ctrl Pts',(6.98132823355252,-0.318224410117591,
5.));
#10304=CARTESIAN_POINT('Ctrl Pts',(6.98918840017086,-0.312977783341403,
0.));
#10305=CARTESIAN_POINT('Ctrl Pts',(6.98918840017086,-0.312977783341403,
5.));
#10306=CARTESIAN_POINT('Ctrl Pts',(6.99311693668607,-0.310347401848986,
0.));
#10307=CARTESIAN_POINT('Ctrl Pts',(6.99311693668607,-0.310347401848986,
5.));
#10308=CARTESIAN_POINT('Origin',(0.,0.,0.));
#10309=CARTESIAN_POINT('',(-1.,-1.22464679914735E-16,0.));
#10310=CARTESIAN_POINT('Origin',(0.,0.,0.));
#10311=UNCERTAINTY_MEASURE_WITH_UNIT(LENGTH_MEASURE(0.01),#10315,
'DISTANCE_ACCURACY_VALUE',
'Maximum model space distance between geometric entities at asserted c
onnectivities');
#10312=UNCERTAINTY_MEASURE_WITH_UNIT(LENGTH_MEASURE(0.01),#10315,
'DISTANCE_ACCURACY_VALUE',
'Maximum model space distance between geometric entities at asserted c
onnectivities');
#10313=(
GEOMETRIC_REPRESENTATION_CONTEXT(3)
GLOBAL_UNCERTAINTY_ASSIGNED_CONTEXT((#10311))
GLOBAL_UNIT_ASSIGNED_CONTEXT((#10315,#10317,#10318))
REPRESENTATION_CONTEXT('','3D')
);
#10314=(
GEOMETRIC_REPRESENTATION_CONTEXT(3)
GLOBAL_UNCERTAINTY_ASSIGNED_CONTEXT((#10312))
GLOBAL_UNIT_ASSIGNED_CONTEXT((#10315,#10317,#10318))
REPRESENTATION_CONTEXT('','3D')
);
#10315=(
LENGTH_UNIT()
NAMED_UNIT(*)
SI_UNIT(.MILLI.,.METRE.)
);
#10316=(
LENGTH_UNIT()
NAMED_UNIT(*)
SI_UNIT($,.METRE.)
);
#10317=(
NAMED_UNIT(*)
PLANE_ANGLE_UNIT()
SI_UNIT($,.RADIAN.)
);
#10318=(
NAMED_UNIT(*)
SI_UNIT($,.STERADIAN.)
SOLID_ANGLE_UNIT()
);
#10319=SHAPE_DEFINITION_REPRESENTATION(#10320,#10321);
#10320=PRODUCT_DEFINITION_SHAPE('',$,#10323);
#10321=SHAPE_REPRESENTATION('',(#1931),#10313);
#10322=PRODUCT_DEFINITION_CONTEXT('part definition',#10327,'design');
#10323=PRODUCT_DEFINITION('2026-05-20-20-21-52-918',
'SpurGearForModuLink',#10324,#10322);
#10324=PRODUCT_DEFINITION_FORMATION('',$,#10329);
#10325=PRODUCT_RELATED_PRODUCT_CATEGORY('SpurGearForModuLink',
'SpurGearForModuLink',(#10329));
#10326=APPLICATION_PROTOCOL_DEFINITION('international standard',
'automotive_design',2009,#10327);
#10327=APPLICATION_CONTEXT(
'Core Data for Automotive Mechanical Design Process');
#10328=PRODUCT_CONTEXT('part definition',#10327,'mechanical');
#10329=PRODUCT('2026-05-20-20-21-52-918','SpurGearForModuLink',
'Spur Gear; Module: 1.0; Num Teeth: 12; Pressure Angle: 20.0; Backlash
: 0.00 mm',(#10328));
#10330=PRESENTATION_STYLE_ASSIGNMENT((#10331));
#10331=SURFACE_STYLE_USAGE(.BOTH.,#10332);
#10332=SURFACE_SIDE_STYLE('',(#10333));
#10333=SURFACE_STYLE_FILL_AREA(#10334);
#10334=FILL_AREA_STYLE('Steel - Satin',(#10335));
#10335=FILL_AREA_STYLE_COLOUR('Steel - Satin',#10336);
#10336=COLOUR_RGB('Steel - Satin',0.627450980392157,0.627450980392157,0.627450980392157);
ENDSEC;
END-ISO-10303-21;
